Workbook
Name CUMPLIO: #REF!
Name CUMPLIO: #REF!
Name CUMPLIO: #REF!
Name CUMPLIO: #REF!
Name CUMPLIO: #REF!
Name CUMPLIO: #REF!
Name CUMPLIO: #REF!
Name CUMPLIO: #REF!
Name CUMPLIO: #REF!
Name CUMPLIO: #REF!
Name CUMPLIO: #REF!
Name CUMPLIO: #REF!
Name CUMPLIO: #REF!
Name CUMPLIO: #REF!
Name CUMPLIO: #REF!
Name CUMPLIO: #REF!
Name CUMPLIO: #REF!
Name CUMPLIO: #REF!
Name CUMPLIO: #REF!
Name CUMPLIO: #REF!
Name CUMPLIO: #REF!
Name EQUIPO: #REF!
Name EQUIPO: #REF!
Name EQUIPO: #REF!
Name EQUIPO: #REF!
Name EQUIPO: #REF!
Name EQUIPO: #REF!
Name EQUIPO: #REF!
Name EQUIPO: #REF!
Name EQUIPO: #REF!
Name EQUIPO: #REF!
Name EQUIPO: #REF!
Name EQUIPO: #REF!
Name EQUIPO: #REF!
Name EQUIPO: #REF!
Name EQUIPO: #REF!
Name EQUIPO: #REF!
Name EQUIPO: #REF!
Name EQUIPO: #REF!
Name EQUIPO: #REF!
Name EQUIPO: #REF!
Name EQUIPO: #REF!
Name EQUIPOS: #REF!
Name EQUIPOS: #REF!
Name EQUIPOS: #REF!
Name EQUIPOS: #REF!
Name EQUIPOS: #REF!
Name EQUIPOS: #REF!
Name EQUIPOS: #REF!
Name EQUIPOS: #REF!
Name EQUIPOS: #REF!
Name EQUIPOS: #REF!
Name EQUIPOS: #REF!
Name EQUIPOS: #REF!
Name EQUIPOS: #REF!
Name EQUIPOS: #REF!
Name EQUIPOS: #REF!
Name EQUIPOS: #REF!
Name EQUIPOS: #REF!
Name EQUIPOS: #REF!

Sheet ALT
C1: CHECK LIST DE EXISTENCIA DE EQUIPOS EN TIENDAS | I1: Código: | J1: FO-MIS-03
I2: Revisión: | J2: 07 | K2: 42720
I3: Fecha: | J3: 42286
B5: SUCURSAL: | C5: LA CASA DE LA CAÑA, C.A. (T. ALTERNA) | H5: FECHA: | I5: 46157
A7: EQUIPOS
A8: Nº | B8: EQUIPOS | D8: INVENTARIO IDEAL | E8: INVENTARIO REAL | F8: EQUIPOS OPERATIVOS | G8: EFECTIVIDAD | H8: OBSERVACIONES
A9: 1 | B9: CPU | D9: 5 | E9: 5 | F9: 5 | G9: =IF(D9="","",IF(D9=0,"-",IF(F9>D9,"ERROR",IF(E9>D9,"ERROR",IF(E9<D9,0,IF(E9>F9,0,IF(F9=D9,1,0))))))) -> 1 | V9: LA CASA DE LA CAÑA, C.A. (T. ALTERNA)
A10: 2 | B10: MOUSE | D10: 5 | E10: 5 | F10: 5 | G10: =IF(D10="","",IF(D10=0,"-",IF(F10>D10,"ERROR",IF(E10>D10,"ERROR",IF(E10<D10,0,IF(E10>F10,0,IF(F10=D10,1,0))))))) -> 1 | V10: LA CASA DE LA CAÑA, C.A. (T. ANACO)
A11: 3 | B11: TECLADOS | D11: 5 | E11: 5 | F11: 5 | G11: =IF(D11="","",IF(D11=0,"-",IF(F11>D11,"ERROR",IF(E11>D11,"ERROR",IF(E11<D11,0,IF(E11>F11,0,IF(F11=D11,1,0))))))) -> 1 | V11: LA CASA DE LA CAÑA, C.A. (T. NVA BARCELONA)
A12: 4 | B12: MONITORES | D12: 5 | E12: 5 | F12: 5 | G12: =IF(D12="","",IF(D12=0,"-",IF(F12>D12,"ERROR",IF(E12>D12,"ERROR",IF(E12<D12,0,IF(E12>F12,0,IF(F12=D12,1,0))))))) -> 1 | V12: LA CASA DE LA CAÑA, C.A. (T. CUMANA)
A13: 5 | B13: REGULADORES | D13: 5 | E13: 5 | F13: 5 | G13: =IF(D13="","",IF(D13=0,"-",IF(F13>D13,"ERROR",IF(E13>D13,"ERROR",IF(E13<D13,0,IF(E13>F13,0,IF(F13=D13,1,0))))))) -> 1 | V13: LA CASA DE LA CAÑA, C.A. (T. MATURIN I)
A14: 6 | B14: IMPRESORA MULTIFUNCIONAL | D14: 1 | E14: 1 | F14: 1 | G14: =IF(D14="","",IF(D14=0,"-",IF(F14>D14,"ERROR",IF(E14>D14,"ERROR",IF(E14<D14,0,IF(E14>F14,0,IF(F14=D14,1,0))))))) -> 1 | V14: LA CASA DE LA CAÑA, C.A. (T. MATURIN II)
A15: 7 | B15: IMPRESORAS FISCALES | D15: 3 | E15: 3 | F15: 3 | G15: =IF(D15="","",IF(D15=0,"-",IF(F15>D15,"ERROR",IF(E15>D15,"ERROR",IF(E15<D15,0,IF(E15>F15,0,IF(F15=D15,1,0))))))) -> 1 | H15: SERIAL 1: | J15: Nº ULT. REPORTE Z: | V15: LA CASA DE LA CAÑA, C.A. (T. FREITES)
H16: SERIAL 2: | J16: Nº ULT. REPORTE Z: | V16: LA CASA DE LA CAÑA, C.A. (T. PUENTE)
H17: SERIAL 3: | J17: Nº ULT. REPORTE Z: | V17: RELIVE, C.A. (T. CHUPARIN)
H18: SERIAL 4: | J18: Nº ULT. REPORTE Z: | V18: RELIVE, C.A. (T. TERRAZAS)
H19: SERIAL 5: | J19: Nº ULT. REPORTE Z: | V19: RELIVE, C.A. (T. TIGRE II)
H20: SERIAL 6: | J20: Nº ULT. REPORTE Z: | V20: RELIVE, C.A. (T. TIGRE III)
H21: SERIAL 7: | J21: Nº ULT. REPORTE Z: | V21: RELIVE, C.A. (T. PLC)
V22: RELIVE, C.A. (T. POZUELOS)
A23: 8 | B23: ROUTER | D23: 1 | E23: 1 | F23: 1 | G23: =IF(D23="","",IF(D23=0,"-",IF(F23>D23,"ERROR",IF(E23>D23,"ERROR",IF(E23<D23,0,IF(E23>F23,0,IF(F23=D23,1,0))))))) -> 1 | V23: OPERADORA VENECIA 2021, C.A (T. VENECIA)
A24: 9 | B24: SUICHE | D24: 2 | E24: 2 | F24: 2 | G24: =IF(D24="","",IF(D24=0,"-",IF(F24>D24,"ERROR",IF(E24>D24,"ERROR",IF(E24<D24,0,IF(E24>F24,0,IF(F24=D24,1,0))))))) -> 1 | V24: OPERADORA VENECIA 2021, C.A (T. BOLIVAR PLC)
A25: 10 | B25: ESCANER DE CODIGO DE BARRAS | D25: 5 | E25: 5 | F25: 5 | G25: =IF(D25="","",IF(D25=0,"-",IF(F25>D25,"ERROR",IF(E25>D25,"ERROR",IF(E25<D25,0,IF(E25>F25,0,IF(F25=D25,1,0))))))) -> 1 | V25: OPERADORA VENECIA 2021, C.A (T. CHURCHILL)
A26: 11 | B26: VISOR DE VENTAS | D26: 2 | E26: 2 | F26: 2 | G26: =IF(D26="","",IF(D26=0,"-",IF(F26>D26,"ERROR",IF(E26>D26,"ERROR",IF(E26<D26,0,IF(E26>F26,0,IF(F26=D26,1,0))))))) -> 1 | V26: OPERADORA VENECIA 2021, C.A (T. MANSION)
A27: 12 | B27: DVR | D27: 1 | E27: 1 | F27: 1 | G27: =IF(D27="","",IF(D27=0,"-",IF(F27>D27,"ERROR",IF(E27>D27,"ERROR",IF(E27<D27,0,IF(E27>F27,0,IF(F27=D27,1,0))))))) -> 1 | V27: OPERADORA LECHERIA 2011, C.A
A28: 13 | B28: MODEM | D28: 1 | E28: 1 | F28: 1 | G28: =IF(D28="","",IF(D28=0,"-",IF(F28>D28,"ERROR",IF(E28>D28,"ERROR",IF(E28<D28,0,IF(E28>F28,0,IF(F28=D28,1,0))))))) -> 1
A29: 14 | B29: LIBROS DE IMPRESORAS FISCALES | D29: 3 | E29: 3 | F29: 3 | G29: =IF(D29="","",IF(D29=0,"-",IF(F29>D29,"ERROR",IF(E29>D29,"ERROR",IF(E29<D29,0,IF(E29>F29,0,IF(F29=D29,1,0))))))) -> 1
A30: TOTAL DE EFECTIVIDAD DE EQUIPOS | G30: =IFERROR(AVERAGE(G10:G29),"-") -> 1
A31: Realizado Por: | C31: Orliannys Bello
A32: Cargo | C32: Lider de Tienda
A34: NOTA: El check list de Existencia de Equipos en Tiendas debe ser enviado entre los 5 primeros días del mes, vía correo electrónico al grupo Sistemas, con copia al Director de Servicios de Control.
L39: HOUSE TICKET | M39: INVENTARIO | N39: CABLEADO | O39: MES
L40: SI | M40: 0 | N40: SI | O40: ENERO
L41: NO | M41: 1 | N41: NO | O41: FEBRERO
M42: 2 | O42: MARZO
M43: 3 | O43: ABRIL
M44: 4 | O44: MAYO
M45: 5 | O45: JUNIO
M46: 6 | O46: JULIO
M47: 7 | O47: AGOSTO
M48: 8 | O48: SEPTIEMBRE
M49: 9 | O49: OCTUBRE
M50: 10 | O50: NOVIEMBRE
M51: 11 | O51: DICIEMBRE
M52: 12
M53: 13
M54: 14
M55: 15
K60: =IF(MAESTRO!A21="","",MAESTRO!A21)

Sheet ANA
C1: CHECK LIST DE EXISTENCIA DE EQUIPOS EN TIENDAS | I1: Código: | J1: FO-MIS-03
I2: Revisión: | J2: 07 | K2: 42720
I3: Fecha: | J3: 42286
B5: SUCURSAL: | C5: LA CASA DE LA CAÑA, C.A. (T. ANACO) | H5: FECHA: | I5: 46157
A7: EQUIPOS
A8: Nº | B8: EQUIPOS | D8: INVENTARIO IDEAL | E8: INVENTARIO REAL | F8: EQUIPOS OPERATIVOS | G8: EFECTIVIDAD | H8: OBSERVACIONES
A9: 1 | B9: CPU | D9: 4 | E9: 4 | F9: 4 | G9: =IF(D9="","",IF(D9=0,"-",IF(F9>D9,"ERROR",IF(E9>D9,"ERROR",IF(E9<D9,0,IF(E9>F9,0,IF(F9=D9,1,0))))))) -> 1 | U9: LA CASA DE LA CAÑA, C.A. (T. ALTERNA)
A10: 2 | B10: MOUSE | D10: 4 | E10: 4 | F10: 4 | G10: =IF(D10="","",IF(D10=0,"-",IF(F10>D10,"ERROR",IF(E10>D10,"ERROR",IF(E10<D10,0,IF(E10>F10,0,IF(F10=D10,1,0))))))) -> 1 | U10: LA CASA DE LA CAÑA, C.A. (T. ANACO)
A11: 3 | B11: TECLADOS | D11: 4 | E11: 4 | F11: 4 | G11: =IF(D11="","",IF(D11=0,"-",IF(F11>D11,"ERROR",IF(E11>D11,"ERROR",IF(E11<D11,0,IF(E11>F11,0,IF(F11=D11,1,0))))))) -> 1 | U11: LA CASA DE LA CAÑA, C.A. (T. NVA BARCELONA)
A12: 4 | B12: MONITORES | D12: 4 | E12: 4 | F12: 4 | G12: =IF(D12="","",IF(D12=0,"-",IF(F12>D12,"ERROR",IF(E12>D12,"ERROR",IF(E12<D12,0,IF(E12>F12,0,IF(F12=D12,1,0))))))) -> 1 | U12: LA CASA DE LA CAÑA, C.A. (T. CUMANA)
A13: 5 | B13: REGULADORES | D13: 4 | E13: 4 | F13: 4 | G13: =IF(D13="","",IF(D13=0,"-",IF(F13>D13,"ERROR",IF(E13>D13,"ERROR",IF(E13<D13,0,IF(E13>F13,0,IF(F13=D13,1,0))))))) -> 1 | U13: LA CASA DE LA CAÑA, C.A. (T. MATURIN I)
A14: 6 | B14: IMPRESORA MULTIFUNCIONAL | D14: 1 | E14: 1 | F14: 1 | G14: =IF(D14="","",IF(D14=0,"-",IF(F14>D14,"ERROR",IF(E14>D14,"ERROR",IF(E14<D14,0,IF(E14>F14,0,IF(F14=D14,1,0))))))) -> 1 | U14: LA CASA DE LA CAÑA, C.A. (T. MATURIN II)
A15: 7 | B15: IMPRESORAS FISCALES | D15: 3 | E15: 3 | F15: 3 | G15: =IF(D15="","",IF(D15=0,"-",IF(F15>D15,"ERROR",IF(E15>D15,"ERROR",IF(E15<D15,0,IF(E15>F15,0,IF(F15=D15,1,0))))))) -> 1 | H15: SERIAL 1: | J15: Nº ULT. REPORTE Z: | U15: LA CASA DE LA CAÑA, C.A. (T. FREITES)
H16: SERIAL 2: | J16: Nº ULT. REPORTE Z: | U16: LA CASA DE LA CAÑA, C.A. (T. PUENTE)
H17: SERIAL 3: | J17: Nº ULT. REPORTE Z: | U17: RELIVE, C.A. (T. CHUPARIN)
H18: SERIAL 4: | J18: Nº ULT. REPORTE Z: | U18: RELIVE, C.A. (T. TERRAZAS)
H19: SERIAL 5: | J19: Nº ULT. REPORTE Z: | U19: RELIVE, C.A. (T. TIGRE II)
H20: SERIAL 6: | J20: Nº ULT. REPORTE Z: | U20: RELIVE, C.A. (T. TIGRE III)
H21: SERIAL 7: | J21: Nº ULT. REPORTE Z: | U21: RELIVE, C.A. (T. PLC)
U22: RELIVE, C.A. (T. POZUELOS)
A23: 8 | B23: ROUTER | D23: 1 | E23: 1 | F23: 1 | G23: =IF(D23="","",IF(D23=0,"-",IF(F23>D23,"ERROR",IF(E23>D23,"ERROR",IF(E23<D23,0,IF(E23>F23,0,IF(F23=D23,1,0))))))) -> 1 | U23: OPERADORA VENECIA 2021, C.A (T. VENECIA)
A24: 9 | B24: SUICHE | D24: 1 | E24: 1 | F24: 1 | G24: =IF(D24="","",IF(D24=0,"-",IF(F24>D24,"ERROR",IF(E24>D24,"ERROR",IF(E24<D24,0,IF(E24>F24,0,IF(F24=D24,1,0))))))) -> 1 | U24: OPERADORA VENECIA 2021, C.A (T. BOLIVAR PLC)
A25: 10 | B25: ESCANER DE CODIGO DE BARRAS | D25: 4 | E25: 4 | F25: 4 | G25: =IF(D25="","",IF(D25=0,"-",IF(F25>D25,"ERROR",IF(E25>D25,"ERROR",IF(E25<D25,0,IF(E25>F25,0,IF(F25=D25,1,0))))))) -> 1 | U25: OPERADORA VENECIA 2021, C.A (T. CHURCHILL)
A26: 11 | B26: VISOR DE VENTA | D26: 2 | E26: 2 | F26: 2 | G26: =IF(D26="","",IF(D26=0,"-",IF(F26>D26,"ERROR",IF(E26>D26,"ERROR",IF(E26<D26,0,IF(E26>F26,0,IF(F26=D26,1,0))))))) -> 1 | U26: OPERADORA VENECIA 2021, C.A (T. MANSION)
A27: 12 | B27: DVR | D27: 1 | E27: 1 | F27: 1 | G27: =IF(D27="","",IF(D27=0,"-",IF(F27>D27,"ERROR",IF(E27>D27,"ERROR",IF(E27<D27,0,IF(E27>F27,0,IF(F27=D27,1,0))))))) -> 1 | U27: OPERADORA LECHERIA 2011, C.A
A28: 13 | B28: MODEM | D28: 1 | E28: 1 | F28: 1 | G28: =IF(D28="","",IF(D28=0,"-",IF(F28>D28,"ERROR",IF(E28>D28,"ERROR",IF(E28<D28,0,IF(E28>F28,0,IF(F28=D28,1,0))))))) -> 1
A29: 14 | B29: LIBROS DE IMPRESORAS FISCALES | D29: 3 | E29: 3 | F29: 3 | G29: =IF(D29="","",IF(D29=0,"-",IF(F29>D29,"ERROR",IF(E29>D29,"ERROR",IF(E29<D29,0,IF(E29>F29,0,IF(F29=D29,1,0))))))) -> 1
A30: TOTAL DE EFECTIVIDAD DE EQUIPOS | G30: =IFERROR(AVERAGE(G10:G29),"-") -> 1
A31: Realizado Por: | C31: Rudiannys Lopez
A32: Cargo | C32: Lider De Tienda
A34: NOTA: El check list de Existencia de Equipos en Tiendas debe ser enviado entre los 5 primeros días del mes, vía correo electrónico al grupo Sistemas, con copia al Director de Servicios de Control.
L38: HOUSE TICKET | M38: INVENTARIO | N38: CABLEADO | O38: MES
L39: SI | M39: 0 | N39: SI | O39: ENERO
L40: NO | M40: 1 | N40: NO | O40: FEBRERO
M41: 2 | O41: MARZO
M42: 3 | O42: ABRIL
M43: 4 | O43: MAYO
M44: 5 | O44: JUNIO
M45: 6 | O45: JULIO
M46: 7 | O46: AGOSTO
M47: 8 | O47: SEPTIEMBRE
M48: 9 | O48: OCTUBRE
M49: 10 | O49: NOVIEMBRE
M50: 11 | O50: DICIEMBRE
M51: 12
M52: 13
M53: 14
M54: 15
K59: =IF(MAESTRO!A20="","",MAESTRO!A20)
K60: =IF(MAESTRO!A21="","",MAESTRO!A21)

Sheet CUM
C1: CHECK LIST DE EXISTENCIA DE EQUIPOS EN TIENDAS | I1: Código: | J1: FO-MIS-03
I2: Revisión: | J2: 07 | K2: 42720
I3: Fecha: | J3: 42286
B5: SUCURSAL: | C5: LA CASA DE LA CAÑA, C.A. (T. CUMANA) | H5: FECHA: | I5: 46157
A7: EQUIPOS
A8: Nº | B8: EQUIPOS | D8: INVENTARIO IDEAL | E8: INVENTARIO REAL | F8: EQUIPOS OPERATIVOS | G8: EFECTIVIDAD | H8: OBSERVACIONES
A9: 1 | B9: CPU | D9: 5 | E9: 5 | F9: 5 | G9: =IF(D9="","",IF(D9=0,"-",IF(F9>D9,"ERROR",IF(E9>D9,"ERROR",IF(E9<D9,0,IF(E9>F9,0,IF(F9=D9,1,0))))))) -> 1 | O9: LA CASA DE LA CAÑA, C.A. (T. ALTERNA)
A10: 2 | B10: MOUSE | D10: 5 | E10: 5 | F10: 5 | G10: =IF(D10="","",IF(D10=0,"-",IF(F10>D10,"ERROR",IF(E10>D10,"ERROR",IF(E10<D10,0,IF(E10>F10,0,IF(F10=D10,1,0))))))) -> 1 | O10: LA CASA DE LA CAÑA, C.A. (T. ANACO)
A11: 3 | B11: TECLADOS | D11: 5 | E11: 5 | F11: 5 | G11: =IF(D11="","",IF(D11=0,"-",IF(F11>D11,"ERROR",IF(E11>D11,"ERROR",IF(E11<D11,0,IF(E11>F11,0,IF(F11=D11,1,0))))))) -> 1 | O11: LA CASA DE LA CAÑA, C.A. (T. NVA BARCELONA)
A12: 4 | B12: MONITORES | D12: 5 | E12: 5 | F12: 5 | G12: =IF(D12="","",IF(D12=0,"-",IF(F12>D12,"ERROR",IF(E12>D12,"ERROR",IF(E12<D12,0,IF(E12>F12,0,IF(F12=D12,1,0))))))) -> 1 | O12: LA CASA DE LA CAÑA, C.A. (T. CUMANA)
A13: 5 | B13: REGULADORES | D13: 5 | E13: 5 | F13: 5 | G13: =IF(D13="","",IF(D13=0,"-",IF(F13>D13,"ERROR",IF(E13>D13,"ERROR",IF(E13<D13,0,IF(E13>F13,0,IF(F13=D13,1,0))))))) -> 1 | O13: LA CASA DE LA CAÑA, C.A. (T. MATURIN I)
A14: 6 | B14: IMPRESORA MULTIFUNCIONAL | D14: 1 | E14: 1 | F14: 1 | G14: =IF(D14="","",IF(D14=0,"-",IF(F14>D14,"ERROR",IF(E14>D14,"ERROR",IF(E14<D14,0,IF(E14>F14,0,IF(F14=D14,1,0))))))) -> 1 | O14: LA CASA DE LA CAÑA, C.A. (T. MATURIN II)
A15: 7 | B15: IMPRESORAS FISCALES | D15: 4 | E15: 4 | F15: 4 | G15: =IF(D15="","",IF(D15=0,"-",IF(F15>D15,"ERROR",IF(E15>D15,"ERROR",IF(E15<D15,0,IF(E15>F15,0,IF(F15=D15,1,0))))))) -> 1 | H15: SERIAL 1: | J15: Nº ULT. REPORTE Z: | O15: LA CASA DE LA CAÑA, C.A. (T. FREITES)
H16: SERIAL 2: | J16: Nº ULT. REPORTE Z: | O16: LA CASA DE LA CAÑA, C.A. (T. PUENTE)
H17: SERIAL 3: | J17: Nº ULT. REPORTE Z: | O17: RELIVE, C.A. (T. CHUPARIN)
H18: SERIAL 4: | J18: Nº ULT. REPORTE Z: | O18: RELIVE, C.A. (T. TERRAZAS)
H19: SERIAL 5: | J19: Nº ULT. REPORTE Z: | O19: RELIVE, C.A. (T. TIGRE II)
H20: SERIAL 6: | J20: Nº ULT. REPORTE Z: | O20: RELIVE, C.A. (T. TIGRE III)
H21: SERIAL 7: | J21: Nº ULT. REPORTE Z: | O21: RELIVE, C.A. (T. PLC)
O22: RELIVE, C.A. (T. POZUELOS)
A23: 8 | B23: ROUTER | D23: 1 | E23: 1 | F23: 1 | G23: =IF(D23="","",IF(D23=0,"-",IF(F23>D23,"ERROR",IF(E23>D23,"ERROR",IF(E23<D23,0,IF(E23>F23,0,IF(F23=D23,1,0))))))) -> 1 | O23: OPERADORA VENECIA 2021, C.A (T. VENECIA)
A24: 9 | B24: SUICHE | D24: 1 | E24: 1 | F24: 1 | G24: =IF(D24="","",IF(D24=0,"-",IF(F24>D24,"ERROR",IF(E24>D24,"ERROR",IF(E24<D24,0,IF(E24>F24,0,IF(F24=D24,1,0))))))) -> 1 | O24: OPERADORA VENECIA 2021, C.A (T. BOLIVAR PLC)
A25: 10 | B25: ESCANER DE CODIGO DE BARRAS | D25: 5 | E25: 5 | F25: 5 | G25: =IF(D25="","",IF(D25=0,"-",IF(F25>D25,"ERROR",IF(E25>D25,"ERROR",IF(E25<D25,0,IF(E25>F25,0,IF(F25=D25,1,0))))))) -> 1 | O25: OPERADORA VENECIA 2021, C.A (T. CHURCHILL)
A26: 11 | B26: VISOR DE VENTA | D26: 2 | E26: 2 | F26: 2 | G26: =IF(D26="","",IF(D26=0,"-",IF(F26>D26,"ERROR",IF(E26>D26,"ERROR",IF(E26<D26,0,IF(E26>F26,0,IF(F26=D26,1,0))))))) -> 1 | O26: OPERADORA VENECIA 2021, C.A (T. MANSION)
A27: 12 | B27: DVR | D27: 1 | E27: 1 | F27: 1 | G27: =IF(D27="","",IF(D27=0,"-",IF(F27>D27,"ERROR",IF(E27>D27,"ERROR",IF(E27<D27,0,IF(E27>F27,0,IF(F27=D27,1,0))))))) -> 1 | O27: OPERADORA LECHERIA 2011, C.A
A28: 13 | B28: MODEM | D28: 1 | E28: 1 | F28: 1 | G28: =IF(D28="","",IF(D28=0,"-",IF(F28>D28,"ERROR",IF(E28>D28,"ERROR",IF(E28<D28,0,IF(E28>F28,0,IF(F28=D28,1,0))))))) -> 1
A29: 14 | B29: LIBROS DE IMPRESORAS FISCALES | D29: 4 | E29: 4 | F29: 4 | G29: =IF(D29="","",IF(D29=0,"-",IF(F29>D29,"ERROR",IF(E29>D29,"ERROR",IF(E29<D29,0,IF(E29>F29,0,IF(F29=D29,1,0))))))) -> 1
A30: TOTAL DE EFECTIVIDAD DE EQUIPOS | G30: =IFERROR(AVERAGE(G9:G28),"-") -> 1
A32: Realizado Por: | C32: Pablo Lunar
A33: Cargo | C33: Lider De Ttienda
A35: NOTA: El check list de Existencia de Equipos en Tiendas debe ser enviado entre los 5 primeros días del mes, vía correo electrónico al grupo Sistemas, con copia al Director de Servicios de Control.
L39: HOUSE TICKET | M39: INVENTARIO | N39: CABLEADO | O39: MES
K40: TIENDAS | L40: SI | M40: 0 | N40: SI | O40: ENERO
K41: =IF(MAESTRO!A1="","",MAESTRO!A1) -> ******SUCURSALES | L41: NO | M41: 1 | N41: NO | O41: FEBRERO
K42: =IF(MAESTRO!A2="","",MAESTRO!A2) -> LA CASA DE LA CAÑA, C.A. (T. ALTERNA) | M42: 2 | O42: MARZO
K43: =IF(MAESTRO!A3="","",MAESTRO!A3) -> LA CASA DE LA CAÑA, C.A. (T. ANACO) | M43: 3 | O43: ABRIL
K44: =IF(MAESTRO!A4="","",MAESTRO!A4) -> LA CASA DE LA CAÑA, C.A. (T. CUMANÁ) | M44: 4 | O44: MAYO
K45: =IF(MAESTRO!A5="","",MAESTRO!A5) -> LA CASA DE LA CAÑA, C.A. (T. MATURÍN I) | M45: 5 | O45: JUNIO
K46: =IF(MAESTRO!A6="","",MAESTRO!A6) -> LA CASA DE LA CAÑA, C.A. (T. MATURÍN II) | M46: 6 | O46: JULIO
K47: =IF(MAESTRO!A7="","",MAESTRO!A7) -> LA CASA DE LA CAÑA, C.A. (T. NVA. BARCELONA) | M47: 7 | O47: AGOSTO
K48: =IF(MAESTRO!A8="","",MAESTRO!A8) -> INVERSIONES CAÑANDONGA,C.A (T. CONEJERO) | M48: 8 | O48: SEPTIEMBRE
K49: =IF(MAESTRO!A9="","",MAESTRO!A9) -> OPERADORA EL MERCADO 2011, C.A. (T. MERCADO) | M49: 9 | O49: OCTUBRE
K50: =IF(MAESTRO!A10="","",MAESTRO!A10) -> OPERADORA EL PUENTE 2011, C.A. (T. PUENTE REAL) | M50: 10 | O50: NOVIEMBRE
K51: =IF(MAESTRO!A11="","",MAESTRO!A11) -> OPERADORA LECHERÍA 2011, C.A. (T. LECHERÍA) | M51: 11 | O51: DICIEMBRE
K52: =IF(MAESTRO!A12="","",MAESTRO!A12) -> OPERADORA PUERTO LA CRUZ 2011, C.A. (T. PUERTO LA CRUZ) | M52: 12
K53: =IF(MAESTRO!A13="","",MAESTRO!A13) -> OPERADORA PUERTO ORDAZ 2013, C.A.(T. PUERTO ORDAZ) | M53: 13
K54: =IF(MAESTRO!A14="","",MAESTRO!A14) -> OPERADORA LAS AMERICAS, C.A | M54: 14
K55: =IF(MAESTRO!A15="","",MAESTRO!A15) -> OPERADORA PLAZA DEL SOL 2015, C.A | M55: 15
K56: =IF(MAESTRO!A16="","",MAESTRO!A16) -> RELIVE, C.A. (T. CHUPARÍN)
K57: =IF(MAESTRO!A17="","",MAESTRO!A17) -> RELIVE, C.A. (T. TERRAZAS)
K58: =IF(MAESTRO!A18="","",MAESTRO!A18) -> RELIVE, C.A. (T. TIGRE II)
K59: =IF(MAESTRO!A19="","",MAESTRO!A19) -> RELIVE, C.A. (T. TIGRE III)
K60: =IF(MAESTRO!A20="","",MAESTRO!A20)
K61: =IF(MAESTRO!A21="","",MAESTRO!A21)

Sheet MAT I
C1: CHECK LIST DE EXISTENCIA DE EQUIPOS EN TIENDAS | I1: Código: | J1: FO-MIS-03
I2: Revisión: | J2: 07 | K2: 42720
I3: Fecha: | J3: 42286
B5: SUCURSAL: | C5: LA CASA DE LA CAÑA, C.A. (T. MATURIN I) | H5: FECHA: | I5: 46157
A7: EQUIPOS
A8: Nº | B8: EQUIPOS | D8: INVENTARIO IDEAL | E8: INVENTARIO REAL | F8: EQUIPOS OPERATIVOS | G8: EFECTIVIDAD | H8: OBSERVACIONES
A9: 1 | B9: CPU | D9: 5 | E9: 5 | F9: 5 | G9: =IF(D9="","",IF(D9=0,"-",IF(F9>D9,"ERROR",IF(E9>D9,"ERROR",IF(E9<D9,0,IF(E9>F9,0,IF(F9=D9,1,0))))))) -> 1 | P9: LA CASA DE LA CAÑA, C.A. (T. ALTERNA)
A10: 2 | B10: MOUSE | D10: 5 | E10: 5 | F10: 5 | G10: =IF(D10="","",IF(D10=0,"-",IF(F10>D10,"ERROR",IF(E10>D10,"ERROR",IF(E10<D10,0,IF(E10>F10,0,IF(F10=D10,1,0))))))) -> 1 | P10: LA CASA DE LA CAÑA, C.A. (T. ANACO)
A11: 3 | B11: TECLADOS | D11: 5 | E11: 5 | F11: 5 | G11: =IF(D11="","",IF(D11=0,"-",IF(F11>D11,"ERROR",IF(E11>D11,"ERROR",IF(E11<D11,0,IF(E11>F11,0,IF(F11=D11,1,0))))))) -> 1 | P11: LA CASA DE LA CAÑA, C.A. (T. NVA BARCELONA)
A12: 4 | B12: MONITORES | D12: 5 | E12: 5 | F12: 5 | G12: =IF(D12="","",IF(D12=0,"-",IF(F12>D12,"ERROR",IF(E12>D12,"ERROR",IF(E12<D12,0,IF(E12>F12,0,IF(F12=D12,1,0))))))) -> 1 | P12: LA CASA DE LA CAÑA, C.A. (T. CUMANA)
A13: 5 | B13: REGULADORES | D13: 5 | E13: 5 | F13: 5 | G13: =IF(D13="","",IF(D13=0,"-",IF(F13>D13,"ERROR",IF(E13>D13,"ERROR",IF(E13<D13,0,IF(E13>F13,0,IF(F13=D13,1,0))))))) -> 1 | P13: LA CASA DE LA CAÑA, C.A. (T. MATURIN I)
A14: 6 | B14: IMPRESORA MULTIFUNCIONAL | D14: 1 | E14: 1 | F14: 1 | G14: =IF(D14="","",IF(D14=0,"-",IF(F14>D14,"ERROR",IF(E14>D14,"ERROR",IF(E14<D14,0,IF(E14>F14,0,IF(F14=D14,1,0))))))) -> 1 | P14: LA CASA DE LA CAÑA, C.A. (T. MATURIN II)
A15: 7 | B15: IMPRESORAS FISCALES | D15: 3 | E15: 3 | F15: 3 | G15: =IF(D15="","",IF(D15=0,"-",IF(F15>D15,"ERROR",IF(E15>D15,"ERROR",IF(E15<D15,0,IF(E15>F15,0,IF(F15=D15,1,0))))))) -> 1 | H15: SERIAL 1: | J15: Nº ULT. REPORTE Z: | P15: LA CASA DE LA CAÑA, C.A. (T. FREITES)
H16: SERIAL 2: | J16: Nº ULT. REPORTE Z: | P16: LA CASA DE LA CAÑA, C.A. (T. PUENTE)
H17: SERIAL 3: | J17: Nº ULT. REPORTE Z: | P17: RELIVE, C.A. (T. CHUPARIN)
H18: SERIAL 4: | J18: Nº ULT. REPORTE Z: | P18: RELIVE, C.A. (T. TERRAZAS)
H19: SERIAL 5: | J19: Nº ULT. REPORTE Z: | P19: RELIVE, C.A. (T. TIGRE II)
H20: SERIAL 6: | J20: Nº ULT. REPORTE Z: | P20: RELIVE, C.A. (T. TIGRE III)
H21: SERIAL 7: | J21: Nº ULT. REPORTE Z: | P21: RELIVE, C.A. (T. PLC)
P22: RELIVE, C.A. (T. POZUELOS)
A23: 8 | B23: ROUTER | D23: 1 | E23: 1 | F23: 1 | G23: =IF(D23="","",IF(D23=0,"-",IF(F23>D23,"ERROR",IF(E23>D23,"ERROR",IF(E23<D23,0,IF(E23>F23,0,IF(F23=D23,1,0))))))) -> 1 | P23: OPERADORA VENECIA 2021, C.A (T. VENECIA)
A24: 9 | B24: SUICHE | D24: 2 | E24: 2 | F24: 2 | G24: =IF(D24="","",IF(D24=0,"-",IF(F24>D24,"ERROR",IF(E24>D24,"ERROR",IF(E24<D24,0,IF(E24>F24,0,IF(F24=D24,1,0))))))) -> 1 | P24: OPERADORA VENECIA 2021, C.A (T. BOLIVAR PLC)
A25: 10 | B25: ESCANER DE CODIGO DE BARRAS | D25: 5 | E25: 5 | F25: 5 | G25: =IF(D25="","",IF(D25=0,"-",IF(F25>D25,"ERROR",IF(E25>D25,"ERROR",IF(E25<D25,0,IF(E25>F25,0,IF(F25=D25,1,0))))))) -> 1 | P25: OPERADORA VENECIA 2021, C.A (T. CHURCHILL)
A26: 11 | B26: VISOR DE VENTA | D26: 2 | E26: 2 | F26: 2 | G26: =IF(D26="","",IF(D26=0,"-",IF(F26>D26,"ERROR",IF(E26>D26,"ERROR",IF(E26<D26,0,IF(E26>F26,0,IF(F26=D26,1,0))))))) -> 1 | P26: OPERADORA VENECIA 2021, C.A (T. MANSION)
A27: 12 | B27: DVR | D27: 1 | E27: 1 | F27: 1 | G27: =IF(D27="","",IF(D27=0,"-",IF(F27>D27,"ERROR",IF(E27>D27,"ERROR",IF(E27<D27,0,IF(E27>F27,0,IF(F27=D27,1,0))))))) -> 1 | P27: OPERADORA LECHERIA 2011, C.A
A28: 13 | B28: MODEM | D28: 1 | E28: 1 | F28: 1 | G28: =IF(D28="","",IF(D28=0,"-",IF(F28>D28,"ERROR",IF(E28>D28,"ERROR",IF(E28<D28,0,IF(E28>F28,0,IF(F28=D28,1,0))))))) -> 1
A29: 14 | B29: LIBROS DE IMPRESORAS FISCALES | D29: 3 | E29: 3 | F29: 3 | G29: =IF(D29="","",IF(D29=0,"-",IF(F29>D29,"ERROR",IF(E29>D29,"ERROR",IF(E29<D29,0,IF(E29>F29,0,IF(F29=D29,1,0))))))) -> 1
A30: TOTAL DE EFECTIVIDAD DE EQUIPOS | G30: =IFERROR(AVERAGE(G9:G28),"-") -> 1
A32: Realizado Por: | C32: Aracelis Incerri
A33: Cargo | C33: Lider De Tienda
A35: NOTA: El check list de Existencia de Equipos en Tiendas debe ser enviado entre los 5 primeros días del mes, vía correo electrónico al grupo Sistemas, con copia al Director de Servicios de Control.
L39: HOUSE TICKET | M39: INVENTARIO | N39: CABLEADO | O39: MES
K40: TIENDAS | L40: SI | M40: 0 | N40: SI | O40: ENERO
K41: =IF(MAESTRO!A1="","",MAESTRO!A1) -> ******SUCURSALES | L41: NO | M41: 1 | N41: NO | O41: FEBRERO
K42: =IF(MAESTRO!A2="","",MAESTRO!A2) -> LA CASA DE LA CAÑA, C.A. (T. ALTERNA) | M42: 2 | O42: MARZO
K43: =IF(MAESTRO!A3="","",MAESTRO!A3) -> LA CASA DE LA CAÑA, C.A. (T. ANACO) | M43: 3 | O43: ABRIL
K44: =IF(MAESTRO!A4="","",MAESTRO!A4) -> LA CASA DE LA CAÑA, C.A. (T. CUMANÁ) | M44: 4 | O44: MAYO
K45: =IF(MAESTRO!A5="","",MAESTRO!A5) -> LA CASA DE LA CAÑA, C.A. (T. MATURÍN I) | M45: 5 | O45: JUNIO
K46: =IF(MAESTRO!A6="","",MAESTRO!A6) -> LA CASA DE LA CAÑA, C.A. (T. MATURÍN II) | M46: 6 | O46: JULIO
K47: =IF(MAESTRO!A7="","",MAESTRO!A7) -> LA CASA DE LA CAÑA, C.A. (T. NVA. BARCELONA) | M47: 7 | O47: AGOSTO
K48: =IF(MAESTRO!A8="","",MAESTRO!A8) -> INVERSIONES CAÑANDONGA,C.A (T. CONEJERO) | M48: 8 | O48: SEPTIEMBRE
K49: =IF(MAESTRO!A9="","",MAESTRO!A9) -> OPERADORA EL MERCADO 2011, C.A. (T. MERCADO) | M49: 9 | O49: OCTUBRE
K50: =IF(MAESTRO!A10="","",MAESTRO!A10) -> OPERADORA EL PUENTE 2011, C.A. (T. PUENTE REAL) | M50: 10 | O50: NOVIEMBRE
K51: =IF(MAESTRO!A11="","",MAESTRO!A11) -> OPERADORA LECHERÍA 2011, C.A. (T. LECHERÍA) | M51: 11 | O51: DICIEMBRE
K52: =IF(MAESTRO!A12="","",MAESTRO!A12) -> OPERADORA PUERTO LA CRUZ 2011, C.A. (T. PUERTO LA CRUZ) | M52: 12
K53: =IF(MAESTRO!A13="","",MAESTRO!A13) -> OPERADORA PUERTO ORDAZ 2013, C.A.(T. PUERTO ORDAZ) | M53: 13
K54: =IF(MAESTRO!A14="","",MAESTRO!A14) -> OPERADORA LAS AMERICAS, C.A | M54: 14
K55: =IF(MAESTRO!A15="","",MAESTRO!A15) -> OPERADORA PLAZA DEL SOL 2015, C.A | M55: 15
K56: =IF(MAESTRO!A16="","",MAESTRO!A16) -> RELIVE, C.A. (T. CHUPARÍN)
K57: =IF(MAESTRO!A17="","",MAESTRO!A17) -> RELIVE, C.A. (T. TERRAZAS)
K58: =IF(MAESTRO!A18="","",MAESTRO!A18) -> RELIVE, C.A. (T. TIGRE II)
K59: =IF(MAESTRO!A19="","",MAESTRO!A19) -> RELIVE, C.A. (T. TIGRE III)
K60: =IF(MAESTRO!A20="","",MAESTRO!A20)
K61: =IF(MAESTRO!A21="","",MAESTRO!A21)

Sheet MAT II
C1: CHECK LIST DE EXISTENCIA DE EQUIPOS EN TIENDAS | I1: Código: | J1: FO-MIS-03
I2: Revisión: | J2: 07 | K2: 42720
I3: Fecha: | J3: 42286
B5: SUCURSAL: | C5: LA CASA DE LA CAÑA, C.A. (T. MATURIN II) | H5: FECHA: | I5: 46157
A7: EQUIPOS
A8: Nº | B8: EQUIPOS | D8: INVENTARIO IDEAL | E8: INVENTARIO REAL | F8: EQUIPOS OPERATIVOS | G8: EFECTIVIDAD | H8: OBSERVACIONES
A9: 1 | B9: CPU | D9: 5 | E9: 5 | F9: 5 | G9: =IF(D9="","",IF(D9=0,"-",IF(F9>D9,"ERROR",IF(E9>D9,"ERROR",IF(E9<D9,0,IF(E9>F9,0,IF(F9=D9,1,0))))))) -> 1 | O9: LA CASA DE LA CAÑA, C.A. (T. ALTERNA)
A10: 2 | B10: MOUSE | D10: 5 | E10: 5 | F10: 5 | G10: =IF(D10="","",IF(D10=0,"-",IF(F10>D10,"ERROR",IF(E10>D10,"ERROR",IF(E10<D10,0,IF(E10>F10,0,IF(F10=D10,1,0))))))) -> 1 | O10: LA CASA DE LA CAÑA, C.A. (T. ANACO)
A11: 3 | B11: TECLADOS | D11: 5 | E11: 5 | F11: 5 | G11: =IF(D11="","",IF(D11=0,"-",IF(F11>D11,"ERROR",IF(E11>D11,"ERROR",IF(E11<D11,0,IF(E11>F11,0,IF(F11=D11,1,0))))))) -> 1 | O11: LA CASA DE LA CAÑA, C.A. (T. NVA BARCELONA)
A12: 4 | B12: MONITORES | D12: 5 | E12: 5 | F12: 5 | G12: =IF(D12="","",IF(D12=0,"-",IF(F12>D12,"ERROR",IF(E12>D12,"ERROR",IF(E12<D12,0,IF(E12>F12,0,IF(F12=D12,1,0))))))) -> 1 | O12: LA CASA DE LA CAÑA, C.A. (T. CUMANA)
A13: 5 | B13: REGULADORES | D13: 5 | E13: 5 | F13: 5 | G13: =IF(D13="","",IF(D13=0,"-",IF(F13>D13,"ERROR",IF(E13>D13,"ERROR",IF(E13<D13,0,IF(E13>F13,0,IF(F13=D13,1,0))))))) -> 1 | O13: LA CASA DE LA CAÑA, C.A. (T. MATURIN I)
A14: 6 | B14: IMPRESORA MULTIFUNCIONAL | D14: 1 | E14: 1 | F14: 1 | G14: =IF(D14="","",IF(D14=0,"-",IF(F14>D14,"ERROR",IF(E14>D14,"ERROR",IF(E14<D14,0,IF(E14>F14,0,IF(F14=D14,1,0))))))) -> 1 | O14: LA CASA DE LA CAÑA, C.A. (T. MATURIN II)
A15: 7 | B15: IMPRESORAS FISCALES | D15: 3 | E15: 3 | F15: 3 | G15: =IF(D15="","",IF(D15=0,"-",IF(F15>D15,"ERROR",IF(E15>D15,"ERROR",IF(E15<D15,0,IF(E15>F15,0,IF(F15=D15,1,0))))))) -> 1 | H15: SERIAL 1: | J15: Nº ULT. REPORTE Z: | O15: LA CASA DE LA CAÑA, C.A. (T. FREITES)
H16: SERIAL 2: | J16: Nº ULT. REPORTE Z: | O16: LA CASA DE LA CAÑA, C.A. (T. PUENTE)
H17: SERIAL 3: | J17: Nº ULT. REPORTE Z: | O17: RELIVE, C.A. (T. CHUPARIN)
H18: SERIAL 4: | J18: Nº ULT. REPORTE Z: | O18: RELIVE, C.A. (T. TERRAZAS)
H19: SERIAL 5: | J19: Nº ULT. REPORTE Z: | O19: RELIVE, C.A. (T. TIGRE II)
H20: SERIAL 6: | J20: Nº ULT. REPORTE Z: | O20: RELIVE, C.A. (T. TIGRE III)
H21: SERIAL 7: | J21: Nº ULT. REPORTE Z: | O21: RELIVE, C.A. (T. PLC)
O22: RELIVE, C.A. (T. POZUELOS)
A23: 8 | B23: ROUTER | D23: 1 | E23: 1 | F23: 1 | G23: =IF(D23="","",IF(D23=0,"-",IF(F23>D23,"ERROR",IF(E23>D23,"ERROR",IF(E23<D23,0,IF(E23>F23,0,IF(F23=D23,1,0))))))) -> 1 | O23: OPERADORA VENECIA 2021, C.A (T. VENECIA)
A24: 9 | B24: SUICHE | D24: 2 | E24: 2 | F24: 2 | G24: =IF(D24="","",IF(D24=0,"-",IF(F24>D24,"ERROR",IF(E24>D24,"ERROR",IF(E24<D24,0,IF(E24>F24,0,IF(F24=D24,1,0))))))) -> 1 | O24: OPERADORA VENECIA 2021, C.A (T. BOLIVAR PLC)
A25: 10 | B25: ESCANER DE CODIGO DE BARRAS | D25: 5 | E25: 5 | F25: 5 | G25: =IF(D25="","",IF(D25=0,"-",IF(F25>D25,"ERROR",IF(E25>D25,"ERROR",IF(E25<D25,0,IF(E25>F25,0,IF(F25=D25,1,0))))))) -> 1 | O25: OPERADORA VENECIA 2021, C.A (T. CHURCHILL)
A26: 11 | B26: VISOR DE VENTA | D26: 2 | E26: 2 | F26: 2 | G26: =IF(D26="","",IF(D26=0,"-",IF(F26>D26,"ERROR",IF(E26>D26,"ERROR",IF(E26<D26,0,IF(E26>F26,0,IF(F26=D26,1,0))))))) -> 1 | O26: OPERADORA VENECIA 2021, C.A (T. MANSION)
A27: 12 | B27: DVR | D27: 1 | E27: 1 | F27: 1 | G27: =IF(D27="","",IF(D27=0,"-",IF(F27>D27,"ERROR",IF(E27>D27,"ERROR",IF(E27<D27,0,IF(E27>F27,0,IF(F27=D27,1,0))))))) -> 1 | O27: OPERADORA LECHERIA 2011, C.A
A28: 13 | B28: MODEM | D28: 1 | E28: 1 | F28: 1 | G28: =IF(D28="","",IF(D28=0,"-",IF(F28>D28,"ERROR",IF(E28>D28,"ERROR",IF(E28<D28,0,IF(E28>F28,0,IF(F28=D28,1,0))))))) -> 1
A29: 14 | B29: LIBROS DE IMPRESORAS FISCALES | D29: 3 | E29: 3 | F29: 3 | G29: =IF(D29="","",IF(D29=0,"-",IF(F29>D29,"ERROR",IF(E29>D29,"ERROR",IF(E29<D29,0,IF(E29>F29,0,IF(F29=D29,1,0))))))) -> 1
A30: TOTAL DE EFECTIVIDAD DE EQUIPOS | G30: =IFERROR(AVERAGE(G9:G28),"-") -> 1
A32: Realizado Por: | C32: Heidi Sanabria
A33: Cargo | C33: Lide Tienda
A35: NOTA: El check list de Existencia de Equipos en Tiendas debe ser enviado entre los 5 primeros días del mes, vía correo electrónico al grupo Sistemas, con copia al Director de Servicios de Control.
L39: HOUSE TICKET | M39: INVENTARIO | N39: CABLEADO | O39: MES
K40: TIENDAS | L40: SI | M40: 0 | N40: SI | O40: ENERO
K41: =IF(MAESTRO!A1="","",MAESTRO!A1) -> ******SUCURSALES | L41: NO | M41: 1 | N41: NO | O41: FEBRERO
K42: =IF(MAESTRO!A2="","",MAESTRO!A2) -> LA CASA DE LA CAÑA, C.A. (T. ALTERNA) | M42: 2 | O42: MARZO
K43: =IF(MAESTRO!A3="","",MAESTRO!A3) -> LA CASA DE LA CAÑA, C.A. (T. ANACO) | M43: 3 | O43: ABRIL
K44: =IF(MAESTRO!A4="","",MAESTRO!A4) -> LA CASA DE LA CAÑA, C.A. (T. CUMANÁ) | M44: 4 | O44: MAYO
K45: =IF(MAESTRO!A5="","",MAESTRO!A5) -> LA CASA DE LA CAÑA, C.A. (T. MATURÍN I) | M45: 5 | O45: JUNIO
K46: =IF(MAESTRO!A6="","",MAESTRO!A6) -> LA CASA DE LA CAÑA, C.A. (T. MATURÍN II) | M46: 6 | O46: JULIO
K47: =IF(MAESTRO!A7="","",MAESTRO!A7) -> LA CASA DE LA CAÑA, C.A. (T. NVA. BARCELONA) | M47: 7 | O47: AGOSTO
K48: =IF(MAESTRO!A8="","",MAESTRO!A8) -> INVERSIONES CAÑANDONGA,C.A (T. CONEJERO) | M48: 8 | O48: SEPTIEMBRE
K49: =IF(MAESTRO!A9="","",MAESTRO!A9) -> OPERADORA EL MERCADO 2011, C.A. (T. MERCADO) | M49: 9 | O49: OCTUBRE
K50: =IF(MAESTRO!A10="","",MAESTRO!A10) -> OPERADORA EL PUENTE 2011, C.A. (T. PUENTE REAL) | M50: 10 | O50: NOVIEMBRE
K51: =IF(MAESTRO!A11="","",MAESTRO!A11) -> OPERADORA LECHERÍA 2011, C.A. (T. LECHERÍA) | M51: 11 | O51: DICIEMBRE
K52: =IF(MAESTRO!A12="","",MAESTRO!A12) -> OPERADORA PUERTO LA CRUZ 2011, C.A. (T. PUERTO LA CRUZ) | M52: 12
K53: =IF(MAESTRO!A13="","",MAESTRO!A13) -> OPERADORA PUERTO ORDAZ 2013, C.A.(T. PUERTO ORDAZ) | M53: 13
K54: =IF(MAESTRO!A14="","",MAESTRO!A14) -> OPERADORA LAS AMERICAS, C.A | M54: 14
K55: =IF(MAESTRO!A15="","",MAESTRO!A15) -> OPERADORA PLAZA DEL SOL 2015, C.A | M55: 15
K56: =IF(MAESTRO!A16="","",MAESTRO!A16) -> RELIVE, C.A. (T. CHUPARÍN)
K57: =IF(MAESTRO!A17="","",MAESTRO!A17) -> RELIVE, C.A. (T. TERRAZAS)
K58: =IF(MAESTRO!A18="","",MAESTRO!A18) -> RELIVE, C.A. (T. TIGRE II)
K59: =IF(MAESTRO!A19="","",MAESTRO!A19) -> RELIVE, C.A. (T. TIGRE III)
K60: =IF(MAESTRO!A20="","",MAESTRO!A20)
K61: =IF(MAESTRO!A21="","",MAESTRO!A21)

Sheet NVA BNA
C1: CHECK LIST DE EXISTENCIA DE EQUIPOS EN TIENDAS | I1: Código: | J1: FO-MIS-03
I2: Revisión: | J2: 07 | K2: 42720
I3: Fecha: | J3: 42286
B5: SUCURSAL: | C5: LA CASA DE LA CAÑA, C.A. (T. NVA. BARCELONA) | H5: FECHA: | I5: 46157
A7: EQUIPOS
A8: Nº | B8: EQUIPOS | D8: INVENTARIO IDEAL | E8: INVENTARIO REAL | F8: EQUIPOS OPERATIVOS | G8: EFECTIVIDAD | H8: OBSERVACIONES
A9: 1 | B9: CPU | D9: 4 | E9: 4 | F9: 4 | G9: =IF(D9="","",IF(D9=0,"-",IF(F9>D9,"ERROR",IF(E9>D9,"ERROR",IF(E9<D9,0,IF(E9>F9,0,IF(F9=D9,1,0))))))) -> 1 | P9: LA CASA DE LA CAÑA, C.A. (T. ALTERNA)
A10: 2 | B10: MOUSE | D10: 4 | E10: 4 | F10: 4 | G10: =IF(D10="","",IF(D10=0,"-",IF(F10>D10,"ERROR",IF(E10>D10,"ERROR",IF(E10<D10,0,IF(E10>F10,0,IF(F10=D10,1,0))))))) -> 1 | P10: LA CASA DE LA CAÑA, C.A. (T. ANACO)
A11: 3 | B11: TECLADOS | D11: 4 | E11: 4 | F11: 4 | G11: =IF(D11="","",IF(D11=0,"-",IF(F11>D11,"ERROR",IF(E11>D11,"ERROR",IF(E11<D11,0,IF(E11>F11,0,IF(F11=D11,1,0))))))) -> 1 | P11: LA CASA DE LA CAÑA, C.A. (T. NVA BARCELONA)
A12: 4 | B12: MONITORES | D12: 4 | E12: 4 | F12: 4 | G12: =IF(D12="","",IF(D12=0,"-",IF(F12>D12,"ERROR",IF(E12>D12,"ERROR",IF(E12<D12,0,IF(E12>F12,0,IF(F12=D12,1,0))))))) -> 1 | P12: LA CASA DE LA CAÑA, C.A. (T. CUMANA)
A13: 5 | B13: REGULADORES | D13: 4 | E13: 4 | F13: 4 | G13: =IF(D13="","",IF(D13=0,"-",IF(F13>D13,"ERROR",IF(E13>D13,"ERROR",IF(E13<D13,0,IF(E13>F13,0,IF(F13=D13,1,0))))))) -> 1 | P13: LA CASA DE LA CAÑA, C.A. (T. MATURIN I)
A14: 6 | B14: IMPRESORA MULTIFUNCIONAL | D14: 1 | E14: 1 | F14: 1 | G14: =IF(D14="","",IF(D14=0,"-",IF(F14>D14,"ERROR",IF(E14>D14,"ERROR",IF(E14<D14,0,IF(E14>F14,0,IF(F14=D14,1,0))))))) -> 1 | P14: LA CASA DE LA CAÑA, C.A. (T. MATURIN II)
A15: 7 | B15: IMPRESORAS FISCALES | D15: 2 | E15: 2 | F15: 2 | G15: =IF(D15="","",IF(D15=0,"-",IF(F15>D15,"ERROR",IF(E15>D15,"ERROR",IF(E15<D15,0,IF(E15>F15,0,IF(F15=D15,1,0))))))) -> 1 | H15: SERIAL 1: | J15: Nº ULT. REPORTE Z: | P15: LA CASA DE LA CAÑA, C.A. (T. FREITES)
H16: SERIAL 2: | J16: Nº ULT. REPORTE Z: | P16: LA CASA DE LA CAÑA, C.A. (T. PUENTE)
H17: SERIAL 3: | J17: Nº ULT. REPORTE Z: | P17: RELIVE, C.A. (T. CHUPARIN)
H18: SERIAL 4: | J18: Nº ULT. REPORTE Z: | P18: RELIVE, C.A. (T. TERRAZAS)
H19: SERIAL 5: | J19: Nº ULT. REPORTE Z: | P19: RELIVE, C.A. (T. TIGRE II)
H20: SERIAL 6: | J20: Nº ULT. REPORTE Z: | P20: RELIVE, C.A. (T. TIGRE III)
H21: SERIAL 7: | J21: Nº ULT. REPORTE Z: | P21: RELIVE, C.A. (T. PLC)
H22: una comandera caja 4 | P22: RELIVE, C.A. (T. POZUELOS)
A23: 8 | B23: ROUTER | D23: 1 | E23: 1 | F23: 1 | G23: =IF(D23="","",IF(D23=0,"-",IF(F23>D23,"ERROR",IF(E23>D23,"ERROR",IF(E23<D23,0,IF(E23>F23,0,IF(F23=D23,1,0))))))) -> 1 | P23: OPERADORA VENECIA 2021, C.A (T. VENECIA)
A24: 9 | B24: SUICHE | D24: 1 | E24: 1 | F24: 1 | G24: =IF(D24="","",IF(D24=0,"-",IF(F24>D24,"ERROR",IF(E24>D24,"ERROR",IF(E24<D24,0,IF(E24>F24,0,IF(F24=D24,1,0))))))) -> 1 | P24: OPERADORA VENECIA 2021, C.A (T. BOLIVAR PLC)
A25: 10 | B25: ESCANER DE CODIGO DE BARRAS | D25: 4 | E25: 4 | F25: 4 | G25: =IF(D25="","",IF(D25=0,"-",IF(F25>D25,"ERROR",IF(E25>D25,"ERROR",IF(E25<D25,0,IF(E25>F25,0,IF(F25=D25,1,0))))))) -> 1 | P25: OPERADORA VENECIA 2021, C.A (T. CHURCHILL)
A26: 11 | B26: VISOR DE VENTA | D26: 1 | E26: 1 | F26: 1 | G26: =IF(D26="","",IF(D26=0,"-",IF(F26>D26,"ERROR",IF(E26>D26,"ERROR",IF(E26<D26,0,IF(E26>F26,0,IF(F26=D26,1,0))))))) -> 1 | P26: OPERADORA VENECIA 2021, C.A (T. MANSION)
A27: 12 | B27: DVR | D27: 1 | E27: 1 | F27: 1 | G27: =IF(D27="","",IF(D27=0,"-",IF(F27>D27,"ERROR",IF(E27>D27,"ERROR",IF(E27<D27,0,IF(E27>F27,0,IF(F27=D27,1,0))))))) -> 1 | P27: OPERADORA LECHERIA 2011, C.A
A28: 13 | B28: MODEM | D28: 1 | E28: 1 | F28: 1 | G28: =IF(D28="","",IF(D28=0,"-",IF(F28>D28,"ERROR",IF(E28>D28,"ERROR",IF(E28<D28,0,IF(E28>F28,0,IF(F28=D28,1,0))))))) -> 1
A29: 14 | B29: LIBROS DE IMPRESORAS FISCALES | D29: 2 | E29: 2 | F29: 2 | G29: =IF(D29="","",IF(D29=0,"-",IF(F29>D29,"ERROR",IF(E29>D29,"ERROR",IF(E29<D29,0,IF(E29>F29,0,IF(F29=D29,1,0))))))) -> 1
A30: TOTAL DE EFECTIVIDAD DE EQUIPOS | G30: =IFERROR(AVERAGE(G9:G28),"-") -> 1
A32: Realizado Por: | C32: Jean Carlos Medina
A33: Cargo | C33: Lider de Tienda
A35: NOTA: El check list de Existencia de Equipos en Tiendas debe ser enviado entre los 5 primeros días del mes, vía correo electrónico al grupo Sistemas, con copia al Director de Servicios de Control.
L39: HOUSE TICKET | M39: INVENTARIO | N39: CABLEADO | O39: MES
K40: TIENDAS | L40: SI | M40: 0 | N40: SI | O40: ENERO
K41: =IF(MAESTRO!A1="","",MAESTRO!A1) -> ******SUCURSALES | L41: NO | M41: 1 | N41: NO | O41: FEBRERO
K42: =IF(MAESTRO!A2="","",MAESTRO!A2) -> LA CASA DE LA CAÑA, C.A. (T. ALTERNA) | M42: 2 | O42: MARZO
K43: =IF(MAESTRO!A3="","",MAESTRO!A3) -> LA CASA DE LA CAÑA, C.A. (T. ANACO) | M43: 3 | O43: ABRIL
K44: =IF(MAESTRO!A4="","",MAESTRO!A4) -> LA CASA DE LA CAÑA, C.A. (T. CUMANÁ) | M44: 4 | O44: MAYO
K45: =IF(MAESTRO!A5="","",MAESTRO!A5) -> LA CASA DE LA CAÑA, C.A. (T. MATURÍN I) | M45: 5 | O45: JUNIO
K46: =IF(MAESTRO!A6="","",MAESTRO!A6) -> LA CASA DE LA CAÑA, C.A. (T. MATURÍN II) | M46: 6 | O46: JULIO
K47: =IF(MAESTRO!A7="","",MAESTRO!A7) -> LA CASA DE LA CAÑA, C.A. (T. NVA. BARCELONA) | M47: 7 | O47: AGOSTO
K48: =IF(MAESTRO!A8="","",MAESTRO!A8) -> INVERSIONES CAÑANDONGA,C.A (T. CONEJERO) | M48: 8 | O48: SEPTIEMBRE
K49: =IF(MAESTRO!A9="","",MAESTRO!A9) -> OPERADORA EL MERCADO 2011, C.A. (T. MERCADO) | M49: 9 | O49: OCTUBRE
K50: =IF(MAESTRO!A10="","",MAESTRO!A10) -> OPERADORA EL PUENTE 2011, C.A. (T. PUENTE REAL) | M50: 10 | O50: NOVIEMBRE
K51: =IF(MAESTRO!A11="","",MAESTRO!A11) -> OPERADORA LECHERÍA 2011, C.A. (T. LECHERÍA) | M51: 11 | O51: DICIEMBRE
K52: =IF(MAESTRO!A12="","",MAESTRO!A12) -> OPERADORA PUERTO LA CRUZ 2011, C.A. (T. PUERTO LA CRUZ) | M52: 12
K53: =IF(MAESTRO!A13="","",MAESTRO!A13) -> OPERADORA PUERTO ORDAZ 2013, C.A.(T. PUERTO ORDAZ) | M53: 13
K54: =IF(MAESTRO!A14="","",MAESTRO!A14) -> OPERADORA LAS AMERICAS, C.A | M54: 14
K55: =IF(MAESTRO!A15="","",MAESTRO!A15) -> OPERADORA PLAZA DEL SOL 2015, C.A | M55: 15
K56: =IF(MAESTRO!A16="","",MAESTRO!A16) -> RELIVE, C.A. (T. CHUPARÍN)
K57: =IF(MAESTRO!A17="","",MAESTRO!A17) -> RELIVE, C.A. (T. TERRAZAS)
K58: =IF(MAESTRO!A18="","",MAESTRO!A18) -> RELIVE, C.A. (T. TIGRE II)
K59: =IF(MAESTRO!A19="","",MAESTRO!A19) -> RELIVE, C.A. (T. TIGRE III)
K60: =IF(MAESTRO!A20="","",MAESTRO!A20)
K61: =IF(MAESTRO!A21="","",MAESTRO!A21)

Sheet TER
C1: CHECK LIST DE EXISTENCIA DE EQUIPOS EN TIENDAS | I1: Código: | J1: FO-MIS-03
I2: Revisión: | J2: 07 | K2: 42720
I3: Fecha: | J3: 42286
B5: SUCURSAL: | C5: RELIVE, C.A. (T. TERRAZAS) | H5: FECHA: | I5: 46157
A7: EQUIPOS
A8: Nº | B8: EQUIPOS | D8: INVENTARIO IDEAL | E8: INVENTARIO REAL | F8: EQUIPOS OPERATIVOS | G8: EFECTIVIDAD | H8: OBSERVACIONES
A9: 1 | B9: CPU | D9: 4 | E9: 4 | F9: 4 | G9: =IF(D9="","",IF(D9=0,"-",IF(F9>D9,"ERROR",IF(E9>D9,"ERROR",IF(E9<D9,0,IF(E9>F9,0,IF(F9=D9,1,0))))))) -> 1 | R9: LA CASA DE LA CAÑA, C.A. (T. ALTERNA)
A10: 2 | B10: MOUSE | D10: 4 | E10: 4 | F10: 4 | G10: =IF(D10="","",IF(D10=0,"-",IF(F10>D10,"ERROR",IF(E10>D10,"ERROR",IF(E10<D10,0,IF(E10>F10,0,IF(F10=D10,1,0))))))) -> 1 | R10: LA CASA DE LA CAÑA, C.A. (T. ANACO)
A11: 3 | B11: TECLADOS | D11: 4 | E11: 4 | F11: 4 | G11: =IF(D11="","",IF(D11=0,"-",IF(F11>D11,"ERROR",IF(E11>D11,"ERROR",IF(E11<D11,0,IF(E11>F11,0,IF(F11=D11,1,0))))))) -> 1 | R11: LA CASA DE LA CAÑA, C.A. (T. NVA BARCELONA)
A12: 4 | B12: MONITORES | D12: 4 | E12: 4 | F12: 4 | G12: =IF(D12="","",IF(D12=0,"-",IF(F12>D12,"ERROR",IF(E12>D12,"ERROR",IF(E12<D12,0,IF(E12>F12,0,IF(F12=D12,1,0))))))) -> 1 | R12: LA CASA DE LA CAÑA, C.A. (T. CUMANA)
A13: 5 | B13: REGULADORES | D13: 4 | E13: 4 | F13: 4 | G13: =IF(D13="","",IF(D13=0,"-",IF(F13>D13,"ERROR",IF(E13>D13,"ERROR",IF(E13<D13,0,IF(E13>F13,0,IF(F13=D13,1,0))))))) -> 1 | R13: LA CASA DE LA CAÑA, C.A. (T. MATURIN I)
A14: 6 | B14: IMPRESORA MULTIFUNCIONAL | D14: 1 | E14: 1 | F14: 1 | G14: =IF(D14="","",IF(D14=0,"-",IF(F14>D14,"ERROR",IF(E14>D14,"ERROR",IF(E14<D14,0,IF(E14>F14,0,IF(F14=D14,1,0))))))) -> 1 | R14: LA CASA DE LA CAÑA, C.A. (T. MATURIN II)
A15: 7 | B15: IMPRESORAS FISCALES | D15: 3 | E15: 3 | F15: 2 | G15: =IF(D15="","",IF(D15=0,"-",IF(F15>D15,"ERROR",IF(E15>D15,"ERROR",IF(E15<D15,0,IF(E15>F15,0,IF(F15=D15,1,0))))))) -> 0 | H15: SERIAL 1: | J15: Nº ULT. REPORTE Z: | R15: LA CASA DE LA CAÑA, C.A. (T. FREITES)
H16: SERIAL 2: | J16: Nº ULT. REPORTE Z: | R16: LA CASA DE LA CAÑA, C.A. (T. PUENTE)
H17: SERIAL 3: | J17: Nº ULT. REPORTE Z: | R17: RELIVE, C.A. (T. CHUPARIN)
H18: SERIAL 4: | J18: Nº ULT. REPORTE Z: | R18: RELIVE, C.A. (T. TERRAZAS)
H19: SERIAL 5: | J19: Nº ULT. REPORTE Z: | R19: RELIVE, C.A. (T. TIGRE II)
H20: SERIAL 6: | J20: Nº ULT. REPORTE Z: | R20: RELIVE, C.A. (T. TIGRE III)
H21: SERIAL 7: | J21: Nº ULT. REPORTE Z: | R21: RELIVE, C.A. (T. PLC)
R22: RELIVE, C.A. (T. POZUELOS)
A23: 8 | B23: ROUTER | D23: 1 | E23: 1 | F23: 1 | G23: =IF(D23="","",IF(D23=0,"-",IF(F23>D23,"ERROR",IF(E23>D23,"ERROR",IF(E23<D23,0,IF(E23>F23,0,IF(F23=D23,1,0))))))) -> 1 | R23: OPERADORA VENECIA 2021, C.A (T. VENECIA)
A24: 9 | B24: SUICHE | D24: 1 | E24: 1 | F24: 1 | G24: =IF(D24="","",IF(D24=0,"-",IF(F24>D24,"ERROR",IF(E24>D24,"ERROR",IF(E24<D24,0,IF(E24>F24,0,IF(F24=D24,1,0))))))) -> 1 | R24: OPERADORA VENECIA 2021, C.A (T. BOLIVAR PLC)
A25: 10 | B25: ESCANER DE CODIGO DE BARRAS | D25: 4 | E25: 4 | F25: 4 | G25: =IF(D25="","",IF(D25=0,"-",IF(F25>D25,"ERROR",IF(E25>D25,"ERROR",IF(E25<D25,0,IF(E25>F25,0,IF(F25=D25,1,0))))))) -> 1 | R25: OPERADORA VENECIA 2021, C.A (T. CHURCHILL)
A26: 11 | B26: VISOR DE VENTA | D26: 2 | E26: 2 | F26: 2 | G26: =IF(D26="","",IF(D26=0,"-",IF(F26>D26,"ERROR",IF(E26>D26,"ERROR",IF(E26<D26,0,IF(E26>F26,0,IF(F26=D26,1,0))))))) -> 1 | R26: OPERADORA VENECIA 2021, C.A (T. MANSION)
A27: 12 | B27: DVR | D27: 1 | E27: 1 | F27: 1 | G27: =IF(D27="","",IF(D27=0,"-",IF(F27>D27,"ERROR",IF(E27>D27,"ERROR",IF(E27<D27,0,IF(E27>F27,0,IF(F27=D27,1,0))))))) -> 1 | R27: OPERADORA LECHERIA 2011, C.A
A28: 13 | B28: MODEM | D28: 1 | E28: 1 | F28: 1 | G28: =IF(D28="","",IF(D28=0,"-",IF(F28>D28,"ERROR",IF(E28>D28,"ERROR",IF(E28<D28,0,IF(E28>F28,0,IF(F28=D28,1,0))))))) -> 1
A29: 14 | B29: LIBROS DE IMPRESORAS FISCALES | D29: 3 | E29: 3 | F29: 3 | G29: =IF(D29="","",IF(D29=0,"-",IF(F29>D29,"ERROR",IF(E29>D29,"ERROR",IF(E29<D29,0,IF(E29>F29,0,IF(F29=D29,1,0))))))) -> 1
A30: TOTAL DE EFECTIVIDAD DE EQUIPOS | G30: =IFERROR(AVERAGE(G9:G28),"-") -> 0.92307692
A32: Realizado Por: | C32: Alexander Buriel
A33: Cargo | C33: Lider de Tienda
A35: NOTA: El check list de Existencia de Equipos en Tiendas debe ser enviado entre los 5 primeros días del mes, vía correo electrónico al grupo Sistemas, con copia al Director de Servicios de Control.
L39: HOUSE TICKET | M39: INVENTARIO | N39: CABLEADO | O39: MES
K40: TIENDAS | L40: SI | M40: 0 | N40: SI | O40: ENERO
K41: =IF(MAESTRO!A1="","",MAESTRO!A1) -> ******SUCURSALES | L41: NO | M41: 1 | N41: NO | O41: FEBRERO
K42: =IF(MAESTRO!A2="","",MAESTRO!A2) -> LA CASA DE LA CAÑA, C.A. (T. ALTERNA) | M42: 2 | O42: MARZO
K43: =IF(MAESTRO!A3="","",MAESTRO!A3) -> LA CASA DE LA CAÑA, C.A. (T. ANACO) | M43: 3 | O43: ABRIL
K44: =IF(MAESTRO!A4="","",MAESTRO!A4) -> LA CASA DE LA CAÑA, C.A. (T. CUMANÁ) | M44: 4 | O44: MAYO
K45: =IF(MAESTRO!A5="","",MAESTRO!A5) -> LA CASA DE LA CAÑA, C.A. (T. MATURÍN I) | M45: 5 | O45: JUNIO
K46: =IF(MAESTRO!A6="","",MAESTRO!A6) -> LA CASA DE LA CAÑA, C.A. (T. MATURÍN II) | M46: 6 | O46: JULIO
K47: =IF(MAESTRO!A7="","",MAESTRO!A7) -> LA CASA DE LA CAÑA, C.A. (T. NVA. BARCELONA) | M47: 7 | O47: AGOSTO
K48: =IF(MAESTRO!A8="","",MAESTRO!A8) -> INVERSIONES CAÑANDONGA,C.A (T. CONEJERO) | M48: 8 | O48: SEPTIEMBRE
K49: =IF(MAESTRO!A9="","",MAESTRO!A9) -> OPERADORA EL MERCADO 2011, C.A. (T. MERCADO) | M49: 9 | O49: OCTUBRE
K50: =IF(MAESTRO!A10="","",MAESTRO!A10) -> OPERADORA EL PUENTE 2011, C.A. (T. PUENTE REAL) | M50: 10 | O50: NOVIEMBRE
K51: =IF(MAESTRO!A11="","",MAESTRO!A11) -> OPERADORA LECHERÍA 2011, C.A. (T. LECHERÍA) | M51: 11 | O51: DICIEMBRE
K52: =IF(MAESTRO!A12="","",MAESTRO!A12) -> OPERADORA PUERTO LA CRUZ 2011, C.A. (T. PUERTO LA CRUZ) | M52: 12
K53: =IF(MAESTRO!A13="","",MAESTRO!A13) -> OPERADORA PUERTO ORDAZ 2013, C.A.(T. PUERTO ORDAZ) | M53: 13
K54: =IF(MAESTRO!A14="","",MAESTRO!A14) -> OPERADORA LAS AMERICAS, C.A | M54: 14
K55: =IF(MAESTRO!A15="","",MAESTRO!A15) -> OPERADORA PLAZA DEL SOL 2015, C.A | M55: 15
K56: =IF(MAESTRO!A16="","",MAESTRO!A16) -> RELIVE, C.A. (T. CHUPARÍN)
K57: =IF(MAESTRO!A17="","",MAESTRO!A17) -> RELIVE, C.A. (T. TERRAZAS)
K58: =IF(MAESTRO!A18="","",MAESTRO!A18) -> RELIVE, C.A. (T. TIGRE II)
K59: =IF(MAESTRO!A19="","",MAESTRO!A19) -> RELIVE, C.A. (T. TIGRE III)
K60: =IF(MAESTRO!A20="","",MAESTRO!A20)
K61: =IF(MAESTRO!A21="","",MAESTRO!A21)

Sheet CHU
C1: CHECK LIST DE EXISTENCIA DE EQUIPOS EN TIENDAS | I1: Código: | J1: FO-MIS-03
I2: Revisión: | J2: 07 | K2: 42720
I3: Fecha: | J3: 42286
B5: SUCURSAL: | C5: RELIVE, C.A. (T. CHUPARIN) | H5: FECHA: | I5: 46157
A7: EQUIPOS
A8: Nº | B8: EQUIPOS | D8: INVENTARIO IDEAL | E8: INVENTARIO REAL | F8: EQUIPOS OPERATIVOS | G8: EFECTIVIDAD | H8: OBSERVACIONES
A9: 1 | B9: CPU | D9: 5 | E9: 5 | F9: 5 | G9: =IF(D9="","",IF(D9=0,"-",IF(F9>D9,"ERROR",IF(E9>D9,"ERROR",IF(E9<D9,0,IF(E9>F9,0,IF(F9=D9,1,0))))))) -> 1
A10: 2 | B10: MOUSE | D10: 5 | E10: 5 | F10: 5 | G10: =IF(D10="","",IF(D10=0,"-",IF(F10>D10,"ERROR",IF(E10>D10,"ERROR",IF(E10<D10,0,IF(E10>F10,0,IF(F10=D10,1,0))))))) -> 1 | Q10: LA CASA DE LA CAÑA, C.A. (T. ALTERNA)
A11: 3 | B11: TECLADOS | D11: 5 | E11: 5 | F11: 5 | G11: =IF(D11="","",IF(D11=0,"-",IF(F11>D11,"ERROR",IF(E11>D11,"ERROR",IF(E11<D11,0,IF(E11>F11,0,IF(F11=D11,1,0))))))) -> 1 | Q11: LA CASA DE LA CAÑA, C.A. (T. ANACO)
A12: 4 | B12: MONITORES | D12: 5 | E12: 5 | F12: 5 | G12: =IF(D12="","",IF(D12=0,"-",IF(F12>D12,"ERROR",IF(E12>D12,"ERROR",IF(E12<D12,0,IF(E12>F12,0,IF(F12=D12,1,0))))))) -> 1 | Q12: LA CASA DE LA CAÑA, C.A. (T. NVA BARCELONA)
A13: 5 | B13: REGULADORES | D13: 5 | E13: 5 | F13: 5 | G13: =IF(D13="","",IF(D13=0,"-",IF(F13>D13,"ERROR",IF(E13>D13,"ERROR",IF(E13<D13,0,IF(E13>F13,0,IF(F13=D13,1,0))))))) -> 1 | Q13: LA CASA DE LA CAÑA, C.A. (T. CUMANA)
A14: 6 | B14: IMPRESORA MULTIFUNCIONAL | D14: 1 | E14: 1 | F14: 1 | G14: =IF(D14="","",IF(D14=0,"-",IF(F14>D14,"ERROR",IF(E14>D14,"ERROR",IF(E14<D14,0,IF(E14>F14,0,IF(F14=D14,1,0))))))) -> 1 | Q14: LA CASA DE LA CAÑA, C.A. (T. MATURIN I)
A15: 7 | B15: IMPRESORAS FISCALES | D15: 4 | E15: 4 | F15: 4 | G15: =IF(D15="","",IF(D15=0,"-",IF(F15>D15,"ERROR",IF(E15>D15,"ERROR",IF(E15<D15,0,IF(E15>F15,0,IF(F15=D15,1,0))))))) -> 1 | H15: SERIAL 1: | J15: Nº ULT. REPORTE Z: | Q15: LA CASA DE LA CAÑA, C.A. (T. MATURIN II)
H16: SERIAL 2: | J16: Nº ULT. REPORTE Z: | Q16: LA CASA DE LA CAÑA, C.A. (T. FREITES)
H17: SERIAL 3: | J17: Nº ULT. REPORTE Z: | Q17: LA CASA DE LA CAÑA, C.A. (T. PUENTE)
H18: SERIAL 4: | J18: Nº ULT. REPORTE Z: | Q18: RELIVE, C.A. (T. CHUPARIN)
H19: SERIAL 5: | J19: Nº ULT. REPORTE Z: | Q19: RELIVE, C.A. (T. TERRAZAS)
H20: SERIAL 6: | J20: Nº ULT. REPORTE Z: | Q20: RELIVE, C.A. (T. TIGRE II)
H21: SERIAL 7: | J21: Nº ULT. REPORTE Z: | Q21: RELIVE, C.A. (T. TIGRE III)
Q22: RELIVE, C.A. (T. PLC)
A23: 8 | B23: ROUTER | D23: 1 | E23: 1 | F23: 1 | G23: =IF(D23="","",IF(D23=0,"-",IF(F23>D23,"ERROR",IF(E23>D23,"ERROR",IF(E23<D23,0,IF(E23>F23,0,IF(F23=D23,1,0))))))) -> 1 | Q23: RELIVE, C.A. (T. POZUELOS)
A24: 9 | B24: SUICHE | D24: 2 | E24: 2 | F24: 2 | G24: =IF(D24="","",IF(D24=0,"-",IF(F24>D24,"ERROR",IF(E24>D24,"ERROR",IF(E24<D24,0,IF(E24>F24,0,IF(F24=D24,1,0))))))) -> 1 | Q24: OPERADORA VENECIA 2021, C.A (T. VENECIA)
A25: 10 | B25: ESCANER DE CODIGO DE BARRAS | D25: 5 | E25: 5 | F25: 5 | G25: =IF(D25="","",IF(D25=0,"-",IF(F25>D25,"ERROR",IF(E25>D25,"ERROR",IF(E25<D25,0,IF(E25>F25,0,IF(F25=D25,1,0))))))) -> 1 | Q25: OPERADORA VENECIA 2021, C.A (T. BOLIVAR PLC)
A26: 11 | B26: VISOR DE VENTA | D26: 2 | E26: 2 | F26: 2 | G26: =IF(D26="","",IF(D26=0,"-",IF(F26>D26,"ERROR",IF(E26>D26,"ERROR",IF(E26<D26,0,IF(E26>F26,0,IF(F26=D26,1,0))))))) -> 1 | Q26: OPERADORA VENECIA 2021, C.A (T. CHURCHILL)
A27: 12 | B27: DVR | D27: 1 | E27: 1 | F27: 1 | G27: =IF(D27="","",IF(D27=0,"-",IF(F27>D27,"ERROR",IF(E27>D27,"ERROR",IF(E27<D27,0,IF(E27>F27,0,IF(F27=D27,1,0))))))) -> 1 | Q27: OPERADORA VENECIA 2021, C.A (T. MANSION)
A28: 13 | B28: MODEM | D28: 1 | E28: 1 | F28: 1 | G28: =IF(D28="","",IF(D28=0,"-",IF(F28>D28,"ERROR",IF(E28>D28,"ERROR",IF(E28<D28,0,IF(E28>F28,0,IF(F28=D28,1,0))))))) -> 1 | Q28: OPERADORA LECHERIA 2011, C.A
A29: 14 | B29: LIBROS DE IMPRESORAS FISCALES | D29: 4 | E29: 4 | F29: 4 | G29: =IF(D29="","",IF(D29=0,"-",IF(F29>D29,"ERROR",IF(E29>D29,"ERROR",IF(E29<D29,0,IF(E29>F29,0,IF(F29=D29,1,0))))))) -> 1
A30: TOTAL DE EFECTIVIDAD DE EQUIPOS | G30: =IFERROR(AVERAGE(G9:G28),"-") -> 1
A32: Realizado Por: | C32: Jose Arias
A33: Cargo | C33: Lider de Tienda
A35: NOTA: El check list de Existencia de Equipos en Tiendas debe ser enviado entre los 5 primeros días del mes, vía correo electrónico al grupo Sistemas, con copia al Director de Servicios de Control.
L39: HOUSE TICKET | M39: INVENTARIO | N39: CABLEADO | O39: MES
K40: TIENDAS | L40: SI | M40: 0 | N40: SI | O40: ENERO
K41: =IF(MAESTRO!A1="","",MAESTRO!A1) -> ******SUCURSALES | L41: NO | M41: 1 | N41: NO | O41: FEBRERO
K42: =IF(MAESTRO!A2="","",MAESTRO!A2) -> LA CASA DE LA CAÑA, C.A. (T. ALTERNA) | M42: 2 | O42: MARZO
K43: =IF(MAESTRO!A3="","",MAESTRO!A3) -> LA CASA DE LA CAÑA, C.A. (T. ANACO) | M43: 3 | O43: ABRIL
K44: =IF(MAESTRO!A4="","",MAESTRO!A4) -> LA CASA DE LA CAÑA, C.A. (T. CUMANÁ) | M44: 4 | O44: MAYO
K45: =IF(MAESTRO!A5="","",MAESTRO!A5) -> LA CASA DE LA CAÑA, C.A. (T. MATURÍN I) | M45: 5 | O45: JUNIO
K46: =IF(MAESTRO!A6="","",MAESTRO!A6) -> LA CASA DE LA CAÑA, C.A. (T. MATURÍN II) | M46: 6 | O46: JULIO
K47: =IF(MAESTRO!A7="","",MAESTRO!A7) -> LA CASA DE LA CAÑA, C.A. (T. NVA. BARCELONA) | M47: 7 | O47: AGOSTO
K48: =IF(MAESTRO!A8="","",MAESTRO!A8) -> INVERSIONES CAÑANDONGA,C.A (T. CONEJERO) | M48: 8 | O48: SEPTIEMBRE
K49: =IF(MAESTRO!A9="","",MAESTRO!A9) -> OPERADORA EL MERCADO 2011, C.A. (T. MERCADO) | M49: 9 | O49: OCTUBRE
K50: =IF(MAESTRO!A10="","",MAESTRO!A10) -> OPERADORA EL PUENTE 2011, C.A. (T. PUENTE REAL) | M50: 10 | O50: NOVIEMBRE
K51: =IF(MAESTRO!A11="","",MAESTRO!A11) -> OPERADORA LECHERÍA 2011, C.A. (T. LECHERÍA) | M51: 11 | O51: DICIEMBRE
K52: =IF(MAESTRO!A12="","",MAESTRO!A12) -> OPERADORA PUERTO LA CRUZ 2011, C.A. (T. PUERTO LA CRUZ) | M52: 12
K53: =IF(MAESTRO!A13="","",MAESTRO!A13) -> OPERADORA PUERTO ORDAZ 2013, C.A.(T. PUERTO ORDAZ) | M53: 13
K54: =IF(MAESTRO!A14="","",MAESTRO!A14) -> OPERADORA LAS AMERICAS, C.A | M54: 14
K55: =IF(MAESTRO!A15="","",MAESTRO!A15) -> OPERADORA PLAZA DEL SOL 2015, C.A | M55: 15
K56: =IF(MAESTRO!A16="","",MAESTRO!A16) -> RELIVE, C.A. (T. CHUPARÍN)
K57: =IF(MAESTRO!A17="","",MAESTRO!A17) -> RELIVE, C.A. (T. TERRAZAS)
K58: =IF(MAESTRO!A18="","",MAESTRO!A18) -> RELIVE, C.A. (T. TIGRE II)
K59: =IF(MAESTRO!A19="","",MAESTRO!A19) -> RELIVE, C.A. (T. TIGRE III)
K60: =IF(MAESTRO!A20="","",MAESTRO!A20)
K61: =IF(MAESTRO!A21="","",MAESTRO!A21)

Sheet TIG II
C1: CHECK LIST DE EXISTENCIA DE EQUIPOS EN TIENDAS | I1: Código: | J1: FO-MIS-03
I2: Revisión: | J2: 07 | K2: 42720
I3: Fecha: | J3: 42286
B5: SUCURSAL: | C5: RELIVE, C.A (T. TIGRE II) | H5: FECHA: | I5: 46157
A7: EQUIPOS
A8: Nº | B8: EQUIPOS | D8: INVENTARIO IDEAL | E8: INVENTARIO REAL | F8: EQUIPOS OPERATIVOS | G8: EFECTIVIDAD | H8: OBSERVACIONES
A9: 1 | B9: CPU | D9: 4 | E9: 4 | F9: 4 | G9: =IF(D9="","",IF(D9=0,"-",IF(F9>D9,"ERROR",IF(E9>D9,"ERROR",IF(E9<D9,0,IF(E9>F9,0,IF(F9=D9,1,0))))))) -> 1 | P9: LA CASA DE LA CAÑA, C.A. (T. ALTERNA)
A10: 2 | B10: MOUSE | D10: 4 | E10: 4 | F10: 4 | G10: =IF(D10="","",IF(D10=0,"-",IF(F10>D10,"ERROR",IF(E10>D10,"ERROR",IF(E10<D10,0,IF(E10>F10,0,IF(F10=D10,1,0))))))) -> 1 | P10: LA CASA DE LA CAÑA, C.A. (T. ANACO)
A11: 3 | B11: TECLADOS | D11: 4 | E11: 4 | F11: 4 | G11: =IF(D11="","",IF(D11=0,"-",IF(F11>D11,"ERROR",IF(E11>D11,"ERROR",IF(E11<D11,0,IF(E11>F11,0,IF(F11=D11,1,0))))))) -> 1 | P11: LA CASA DE LA CAÑA, C.A. (T. NVA BARCELONA)
A12: 4 | B12: MONITORES | D12: 4 | E12: 4 | F12: 4 | G12: =IF(D12="","",IF(D12=0,"-",IF(F12>D12,"ERROR",IF(E12>D12,"ERROR",IF(E12<D12,0,IF(E12>F12,0,IF(F12=D12,1,0))))))) -> 1 | P12: LA CASA DE LA CAÑA, C.A. (T. CUMANA)
A13: 5 | B13: REGULADORES | D13: 4 | E13: 4 | F13: 4 | G13: =IF(D13="","",IF(D13=0,"-",IF(F13>D13,"ERROR",IF(E13>D13,"ERROR",IF(E13<D13,0,IF(E13>F13,0,IF(F13=D13,1,0))))))) -> 1 | P13: LA CASA DE LA CAÑA, C.A. (T. MATURIN I)
A14: 6 | B14: IMPRESORA MULTIFUNCIONAL | D14: 1 | E14: 1 | F14: 1 | G14: =IF(D14="","",IF(D14=0,"-",IF(F14>D14,"ERROR",IF(E14>D14,"ERROR",IF(E14<D14,0,IF(E14>F14,0,IF(F14=D14,1,0))))))) -> 1 | P14: LA CASA DE LA CAÑA, C.A. (T. MATURIN II)
A15: 7 | B15: IMPRESORAS FISCALES | D15: 3 | E15: 3 | F15: 3 | G15: =IF(D15="","",IF(D15=0,"-",IF(F15>D15,"ERROR",IF(E15>D15,"ERROR",IF(E15<D15,0,IF(E15>F15,0,IF(F15=D15,1,0))))))) -> 1 | H15: SERIAL 1: | J15: Nº ULT. REPORTE Z: | P15: LA CASA DE LA CAÑA, C.A. (T. FREITES)
H16: SERIAL 2: | J16: Nº ULT. REPORTE Z: | P16: LA CASA DE LA CAÑA, C.A. (T. PUENTE)
H17: SERIAL 3: | J17: Nº ULT. REPORTE Z: | P17: RELIVE, C.A. (T. CHUPARIN)
H18: SERIAL 4: | J18: Nº ULT. REPORTE Z: | P18: RELIVE, C.A. (T. TERRAZAS)
H19: SERIAL 5: | J19: Nº ULT. REPORTE Z: | P19: RELIVE, C.A. (T. TIGRE II)
H20: SERIAL 6: | J20: Nº ULT. REPORTE Z: | P20: RELIVE, C.A. (T. TIGRE III)
H21: SERIAL 7: | J21: Nº ULT. REPORTE Z: | P21: RELIVE, C.A. (T. PLC)
P22: RELIVE, C.A. (T. POZUELOS)
A23: 8 | B23: ROUTER | D23: 1 | E23: 1 | F23: 1 | G23: =IF(D23="","",IF(D23=0,"-",IF(F23>D23,"ERROR",IF(E23>D23,"ERROR",IF(E23<D23,0,IF(E23>F23,0,IF(F23=D23,1,0))))))) -> 1 | P23: OPERADORA VENECIA 2021, C.A (T. VENECIA)
A24: 9 | B24: SUICHE | D24: 1 | E24: 1 | F24: 1 | G24: =IF(D24="","",IF(D24=0,"-",IF(F24>D24,"ERROR",IF(E24>D24,"ERROR",IF(E24<D24,0,IF(E24>F24,0,IF(F24=D24,1,0))))))) -> 1 | P24: OPERADORA VENECIA 2021, C.A (T. BOLIVAR PLC)
A25: 10 | B25: ESCANER DE CODIGO DE BARRAS | D25: 4 | E25: 4 | F25: 4 | G25: =IF(D25="","",IF(D25=0,"-",IF(F25>D25,"ERROR",IF(E25>D25,"ERROR",IF(E25<D25,0,IF(E25>F25,0,IF(F25=D25,1,0))))))) -> 1 | P25: OPERADORA VENECIA 2021, C.A (T. CHURCHILL)
A26: 11 | B26: VISOR DE VENTA | D26: 2 | E26: 2 | F26: 2 | G26: =IF(D26="","",IF(D26=0,"-",IF(F26>D26,"ERROR",IF(E26>D26,"ERROR",IF(E26<D26,0,IF(E26>F26,0,IF(F26=D26,1,0))))))) -> 1 | P26: OPERADORA VENECIA 2021, C.A (T. MANSION)
A27: 12 | B27: DVR | D27: 1 | E27: 1 | F27: 1 | G27: =IF(D27="","",IF(D27=0,"-",IF(F27>D27,"ERROR",IF(E27>D27,"ERROR",IF(E27<D27,0,IF(E27>F27,0,IF(F27=D27,1,0))))))) -> 1 | P27: OPERADORA LECHERIA 2011, C.A
A28: 13 | B28: MODEM | D28: 1 | E28: 1 | F28: 1 | G28: =IF(D28="","",IF(D28=0,"-",IF(F28>D28,"ERROR",IF(E28>D28,"ERROR",IF(E28<D28,0,IF(E28>F28,0,IF(F28=D28,1,0))))))) -> 1
A29: 14 | B29: LIBROS DE IMPRESORAS FISCALES | D29: 3 | E29: 3 | F29: 3 | G29: =IF(D29="","",IF(D29=0,"-",IF(F29>D29,"ERROR",IF(E29>D29,"ERROR",IF(E29<D29,0,IF(E29>F29,0,IF(F29=D29,1,0))))))) -> 1
A30: TOTAL DE EFECTIVIDAD DE EQUIPOS | G30: =IFERROR(AVERAGE(G9:G28),"-") -> 1
A32: Realizado Por: | C32: Jose Manuel Martinez
A33: Cargo | C33: Lider Tienda
A35: NOTA: El check list de Existencia de Equipos en Tiendas debe ser enviado entre los 5 primeros días del mes, vía correo electrónico al grupo Sistemas, con copia al Director de Servicios de Control.
L39: HOUSE TICKET | M39: INVENTARIO | N39: CABLEADO | O39: MES
K40: TIENDAS | L40: SI | M40: 0 | N40: SI | O40: ENERO
K41: =IF(MAESTRO!A1="","",MAESTRO!A1) -> ******SUCURSALES | L41: NO | M41: 1 | N41: NO | O41: FEBRERO
K42: =IF(MAESTRO!A2="","",MAESTRO!A2) -> LA CASA DE LA CAÑA, C.A. (T. ALTERNA) | M42: 2 | O42: MARZO
K43: =IF(MAESTRO!A3="","",MAESTRO!A3) -> LA CASA DE LA CAÑA, C.A. (T. ANACO) | M43: 3 | O43: ABRIL
K44: =IF(MAESTRO!A4="","",MAESTRO!A4) -> LA CASA DE LA CAÑA, C.A. (T. CUMANÁ) | M44: 4 | O44: MAYO
K45: =IF(MAESTRO!A5="","",MAESTRO!A5) -> LA CASA DE LA CAÑA, C.A. (T. MATURÍN I) | M45: 5 | O45: JUNIO
K46: =IF(MAESTRO!A6="","",MAESTRO!A6) -> LA CASA DE LA CAÑA, C.A. (T. MATURÍN II) | M46: 6 | O46: JULIO
K47: =IF(MAESTRO!A7="","",MAESTRO!A7) -> LA CASA DE LA CAÑA, C.A. (T. NVA. BARCELONA) | M47: 7 | O47: AGOSTO
K48: =IF(MAESTRO!A8="","",MAESTRO!A8) -> INVERSIONES CAÑANDONGA,C.A (T. CONEJERO) | M48: 8 | O48: SEPTIEMBRE
K49: =IF(MAESTRO!A9="","",MAESTRO!A9) -> OPERADORA EL MERCADO 2011, C.A. (T. MERCADO) | M49: 9 | O49: OCTUBRE
K50: =IF(MAESTRO!A10="","",MAESTRO!A10) -> OPERADORA EL PUENTE 2011, C.A. (T. PUENTE REAL) | M50: 10 | O50: NOVIEMBRE
K51: =IF(MAESTRO!A11="","",MAESTRO!A11) -> OPERADORA LECHERÍA 2011, C.A. (T. LECHERÍA) | M51: 11 | O51: DICIEMBRE
K52: =IF(MAESTRO!A12="","",MAESTRO!A12) -> OPERADORA PUERTO LA CRUZ 2011, C.A. (T. PUERTO LA CRUZ) | M52: 12
K53: =IF(MAESTRO!A13="","",MAESTRO!A13) -> OPERADORA PUERTO ORDAZ 2013, C.A.(T. PUERTO ORDAZ) | M53: 13
K54: =IF(MAESTRO!A14="","",MAESTRO!A14) -> OPERADORA LAS AMERICAS, C.A | M54: 14
K55: =IF(MAESTRO!A15="","",MAESTRO!A15) -> OPERADORA PLAZA DEL SOL 2015, C.A | M55: 15
K56: =IF(MAESTRO!A16="","",MAESTRO!A16) -> RELIVE, C.A. (T. CHUPARÍN)
K57: =IF(MAESTRO!A17="","",MAESTRO!A17) -> RELIVE, C.A. (T. TERRAZAS)
K58: =IF(MAESTRO!A18="","",MAESTRO!A18) -> RELIVE, C.A. (T. TIGRE II)
K59: =IF(MAESTRO!A19="","",MAESTRO!A19) -> RELIVE, C.A. (T. TIGRE III)
K60: =IF(MAESTRO!A20="","",MAESTRO!A20)
K61: =IF(MAESTRO!A21="","",MAESTRO!A21)

Sheet POZ
C1: CHECK LIST DE EXISTENCIA DE EQUIPOS EN TIENDAS | I1: Código: | J1: FO-MIS-03
I2: Revisión: | J2: 07 | K2: 42720
I3: Fecha: | J3: 42286
B5: SUCURSAL: | C5: RELIVE, C.A. (T. POZUELOS) | H5: FECHA: | I5: 46157
A7: EQUIPOS
A8: Nº | B8: EQUIPOS | D8: INVENTARIO IDEAL | E8: INVENTARIO REAL | F8: EQUIPOS OPERATIVOS | G8: EFECTIVIDAD | H8: OBSERVACIONES
A9: 1 | B9: CPU | D9: 4 | E9: 4 | F9: 4 | G9: =IF(D9="","",IF(D9=0,"-",IF(F9>D9,"ERROR",IF(E9>D9,"ERROR",IF(E9<D9,0,IF(E9>F9,0,IF(F9=D9,1,0))))))) -> 1 | P9: LA CASA DE LA CAÑA, C.A. (T. ALTERNA)
A10: 2 | B10: MOUSE | D10: 4 | E10: 4 | F10: 4 | G10: =IF(D10="","",IF(D10=0,"-",IF(F10>D10,"ERROR",IF(E10>D10,"ERROR",IF(E10<D10,0,IF(E10>F10,0,IF(F10=D10,1,0))))))) -> 1 | P10: LA CASA DE LA CAÑA, C.A. (T. ANACO)
A11: 3 | B11: TECLADOS | D11: 4 | E11: 4 | F11: 4 | G11: =IF(D11="","",IF(D11=0,"-",IF(F11>D11,"ERROR",IF(E11>D11,"ERROR",IF(E11<D11,0,IF(E11>F11,0,IF(F11=D11,1,0))))))) -> 1 | P11: LA CASA DE LA CAÑA, C.A. (T. NVA BARCELONA)
A12: 4 | B12: MONITORES | D12: 4 | E12: 4 | F12: 4 | G12: =IF(D12="","",IF(D12=0,"-",IF(F12>D12,"ERROR",IF(E12>D12,"ERROR",IF(E12<D12,0,IF(E12>F12,0,IF(F12=D12,1,0))))))) -> 1 | P12: LA CASA DE LA CAÑA, C.A. (T. CUMANA)
A13: 5 | B13: REGULADORES | D13: 4 | E13: 4 | F13: 4 | G13: =IF(D13="","",IF(D13=0,"-",IF(F13>D13,"ERROR",IF(E13>D13,"ERROR",IF(E13<D13,0,IF(E13>F13,0,IF(F13=D13,1,0))))))) -> 1 | P13: LA CASA DE LA CAÑA, C.A. (T. MATURIN I)
A14: 6 | B14: IMPRESORA MULTIFUNCIONAL | D14: 1 | E14: 1 | F14: 1 | G14: =IF(D14="","",IF(D14=0,"-",IF(F14>D14,"ERROR",IF(E14>D14,"ERROR",IF(E14<D14,0,IF(E14>F14,0,IF(F14=D14,1,0))))))) -> 1 | P14: LA CASA DE LA CAÑA, C.A. (T. MATURIN II)
A15: 7 | B15: IMPRESORAS FISCALES | D15: 2 | E15: 2 | F15: 2 | G15: =IF(D15="","",IF(D15=0,"-",IF(F15>D15,"ERROR",IF(E15>D15,"ERROR",IF(E15<D15,0,IF(E15>F15,0,IF(F15=D15,1,0))))))) -> 1 | H15: SERIAL 1: | J15: Nº ULT. REPORTE Z: | P15: LA CASA DE LA CAÑA, C.A. (T. FREITES)
H16: SERIAL 2: | J16: Nº ULT. REPORTE Z: | P16: LA CASA DE LA CAÑA, C.A. (T. PUENTE)
H17: SERIAL 3: | J17: Nº ULT. REPORTE Z: | P17: RELIVE, C.A. (T. CHUPARIN)
H18: SERIAL 4: | J18: Nº ULT. REPORTE Z: | P18: RELIVE, C.A. (T. TERRAZAS)
H19: SERIAL 5: | J19: Nº ULT. REPORTE Z: | P19: RELIVE, C.A. (T. TIGRE II)
H20: SERIAL 6: | J20: Nº ULT. REPORTE Z: | P20: RELIVE, C.A. (T. TIGRE III)
H21: SERIAL 7: | J21: Nº ULT. REPORTE Z: | P21: RELIVE, C.A. (T. PLC)
P22: RELIVE, C.A. (T. POZUELOS)
A23: 8 | B23: ROUTER | D23: 1 | E23: 1 | F23: 1 | G23: =IF(D23="","",IF(D23=0,"-",IF(F23>D23,"ERROR",IF(E23>D23,"ERROR",IF(E23<D23,0,IF(E23>F23,0,IF(F23=D23,1,0))))))) -> 1 | P23: OPERADORA VENECIA 2021, C.A (T. VENECIA)
A24: 9 | B24: SUICHE | D24: 1 | E24: 1 | F24: 1 | G24: =IF(D24="","",IF(D24=0,"-",IF(F24>D24,"ERROR",IF(E24>D24,"ERROR",IF(E24<D24,0,IF(E24>F24,0,IF(F24=D24,1,0))))))) -> 1 | P24: OPERADORA VENECIA 2021, C.A (T. BOLIVAR PLC)
A25: 10 | B25: ESCANER DE CODIGO DE BARRAS | D25: 4 | E25: 4 | F25: 4 | G25: =IF(D25="","",IF(D25=0,"-",IF(F25>D25,"ERROR",IF(E25>D25,"ERROR",IF(E25<D25,0,IF(E25>F25,0,IF(F25=D25,1,0))))))) -> 1 | H25: se instala lector de barra nuevo el otro malo | P25: OPERADORA VENECIA 2021, C.A (T. CHURCHILL)
A26: 11 | B26: VISOR DE VENTA | D26: 2 | E26: 2 | F26: 2 | G26: =IF(D26="","",IF(D26=0,"-",IF(F26>D26,"ERROR",IF(E26>D26,"ERROR",IF(E26<D26,0,IF(E26>F26,0,IF(F26=D26,1,0))))))) -> 1 | P26: OPERADORA VENECIA 2021, C.A (T. MANSION)
A27: 12 | B27: DVR | D27: 1 | E27: 1 | F27: 1 | G27: =IF(D27="","",IF(D27=0,"-",IF(F27>D27,"ERROR",IF(E27>D27,"ERROR",IF(E27<D27,0,IF(E27>F27,0,IF(F27=D27,1,0))))))) -> 1 | P27: OPERADORA LECHERIA 2011, C.A
A28: 13 | B28: MODEM | D28: 1 | E28: 1 | F28: 1 | G28: =IF(D28="","",IF(D28=0,"-",IF(F28>D28,"ERROR",IF(E28>D28,"ERROR",IF(E28<D28,0,IF(E28>F28,0,IF(F28=D28,1,0))))))) -> 1
A29: 14 | B29: LIBROS DE IMPRESORAS FISCALES | D29: 2 | E29: 2 | F29: 2 | G29: =IF(D29="","",IF(D29=0,"-",IF(F29>D29,"ERROR",IF(E29>D29,"ERROR",IF(E29<D29,0,IF(E29>F29,0,IF(F29=D29,1,0))))))) -> 1
A30: TOTAL DE EFECTIVIDAD DE EQUIPOS | G30: =IFERROR(AVERAGE(G9:G28),"-") -> 1
A32: Realizado Por: | C32: Zara Campos
A33: Cargo | C33: Lider Tienda
A35: NOTA: El check list de Existencia de Equipos en Tiendas debe ser enviado entre los 5 primeros días del mes, vía correo electrónico al grupo Sistemas, con copia al Director de Servicios de Control.
L39: HOUSE TICKET | M39: INVENTARIO | N39: CABLEADO | O39: MES
K40: TIENDAS | L40: SI | M40: 0 | N40: SI | O40: ENERO
K41: =IF(MAESTRO!A1="","",MAESTRO!A1) -> ******SUCURSALES | L41: NO | M41: 1 | N41: NO | O41: FEBRERO
K42: =IF(MAESTRO!A2="","",MAESTRO!A2) -> LA CASA DE LA CAÑA, C.A. (T. ALTERNA) | M42: 2 | O42: MARZO
K43: =IF(MAESTRO!A3="","",MAESTRO!A3) -> LA CASA DE LA CAÑA, C.A. (T. ANACO) | M43: 3 | O43: ABRIL
K44: =IF(MAESTRO!A4="","",MAESTRO!A4) -> LA CASA DE LA CAÑA, C.A. (T. CUMANÁ) | M44: 4 | O44: MAYO
K45: =IF(MAESTRO!A5="","",MAESTRO!A5) -> LA CASA DE LA CAÑA, C.A. (T. MATURÍN I) | M45: 5 | O45: JUNIO
K46: =IF(MAESTRO!A6="","",MAESTRO!A6) -> LA CASA DE LA CAÑA, C.A. (T. MATURÍN II) | M46: 6 | O46: JULIO
K47: =IF(MAESTRO!A7="","",MAESTRO!A7) -> LA CASA DE LA CAÑA, C.A. (T. NVA. BARCELONA) | M47: 7 | O47: AGOSTO
K48: =IF(MAESTRO!A8="","",MAESTRO!A8) -> INVERSIONES CAÑANDONGA,C.A (T. CONEJERO) | M48: 8 | O48: SEPTIEMBRE
K49: =IF(MAESTRO!A9="","",MAESTRO!A9) -> OPERADORA EL MERCADO 2011, C.A. (T. MERCADO) | M49: 9 | O49: OCTUBRE
K50: =IF(MAESTRO!A10="","",MAESTRO!A10) -> OPERADORA EL PUENTE 2011, C.A. (T. PUENTE REAL) | M50: 10 | O50: NOVIEMBRE
K51: =IF(MAESTRO!A11="","",MAESTRO!A11) -> OPERADORA LECHERÍA 2011, C.A. (T. LECHERÍA) | M51: 11 | O51: DICIEMBRE
K52: =IF(MAESTRO!A12="","",MAESTRO!A12) -> OPERADORA PUERTO LA CRUZ 2011, C.A. (T. PUERTO LA CRUZ) | M52: 12
K53: =IF(MAESTRO!A13="","",MAESTRO!A13) -> OPERADORA PUERTO ORDAZ 2013, C.A.(T. PUERTO ORDAZ) | M53: 13
K54: =IF(MAESTRO!A14="","",MAESTRO!A14) -> OPERADORA LAS AMERICAS, C.A | M54: 14
K55: =IF(MAESTRO!A15="","",MAESTRO!A15) -> OPERADORA PLAZA DEL SOL 2015, C.A | M55: 15
K56: =IF(MAESTRO!A16="","",MAESTRO!A16) -> RELIVE, C.A. (T. CHUPARÍN)
K57: =IF(MAESTRO!A17="","",MAESTRO!A17) -> RELIVE, C.A. (T. TERRAZAS)
K58: =IF(MAESTRO!A18="","",MAESTRO!A18) -> RELIVE, C.A. (T. TIGRE II)
K59: =IF(MAESTRO!A19="","",MAESTRO!A19) -> RELIVE, C.A. (T. TIGRE III)
K60: =IF(MAESTRO!A20="","",MAESTRO!A20)
K61: =IF(MAESTRO!A21="","",MAESTRO!A21)

Sheet TIG III
C1: CHECK LIST DE EXISTENCIA DE EQUIPOS EN TIENDAS | I1: Código: | J1: FO-MIS-03
I2: Revisión: | J2: 07 | K2: 42720
I3: Fecha: | J3: 42286
B5: SUCURSAL: | C5: RELIVE, C.A. (T. TIGRE III) | H5: FECHA: | I5: 46157
A7: EQUIPOS
A8: Nº | B8: EQUIPOS | D8: INVENTARIO IDEAL | E8: INVENTARIO REAL | F8: EQUIPOS OPERATIVOS | G8: EFECTIVIDAD | H8: OBSERVACIONES
A9: 1 | B9: CPU | D9: 3 | E9: 3 | F9: 3 | G9: =IF(D9="","",IF(D9=0,"-",IF(F9>D9,"ERROR",IF(E9>D9,"ERROR",IF(E9<D9,0,IF(E9>F9,0,IF(F9=D9,1,0))))))) -> 1 | Q9: LA CASA DE LA CAÑA, C.A. (T. ALTERNA)
A10: 2 | B10: MOUSE | D10: 3 | E10: 3 | F10: 3 | G10: =IF(D10="","",IF(D10=0,"-",IF(F10>D10,"ERROR",IF(E10>D10,"ERROR",IF(E10<D10,0,IF(E10>F10,0,IF(F10=D10,1,0))))))) -> 1 | Q10: LA CASA DE LA CAÑA, C.A. (T. ANACO)
A11: 3 | B11: TECLADOS | D11: 3 | E11: 3 | F11: 3 | G11: =IF(D11="","",IF(D11=0,"-",IF(F11>D11,"ERROR",IF(E11>D11,"ERROR",IF(E11<D11,0,IF(E11>F11,0,IF(F11=D11,1,0))))))) -> 1 | Q11: LA CASA DE LA CAÑA, C.A. (T. NVA BARCELONA)
A12: 4 | B12: MONITORES | D12: 3 | E12: 3 | F12: 3 | G12: =IF(D12="","",IF(D12=0,"-",IF(F12>D12,"ERROR",IF(E12>D12,"ERROR",IF(E12<D12,0,IF(E12>F12,0,IF(F12=D12,1,0))))))) -> 1 | Q12: LA CASA DE LA CAÑA, C.A. (T. CUMANA)
A13: 5 | B13: REGULADORES | D13: 3 | E13: 3 | F13: 3 | G13: =IF(D13="","",IF(D13=0,"-",IF(F13>D13,"ERROR",IF(E13>D13,"ERROR",IF(E13<D13,0,IF(E13>F13,0,IF(F13=D13,1,0))))))) -> 1 | Q13: LA CASA DE LA CAÑA, C.A. (T. MATURIN I)
A14: 6 | B14: IMPRESORA MULTIFUNCIONAL | D14: 1 | E14: 1 | F14: 1 | G14: =IF(D14="","",IF(D14=0,"-",IF(F14>D14,"ERROR",IF(E14>D14,"ERROR",IF(E14<D14,0,IF(E14>F14,0,IF(F14=D14,1,0))))))) -> 1 | Q14: LA CASA DE LA CAÑA, C.A. (T. MATURIN II)
A15: 7 | B15: IMPRESORAS FISCALES | D15: 2 | E15: 2 | F15: 2 | G15: =IF(D15="","",IF(D15=0,"-",IF(F15>D15,"ERROR",IF(E15>D15,"ERROR",IF(E15<D15,0,IF(E15>F15,0,IF(F15=D15,1,0))))))) -> 1 | H15: SERIAL 1: | J15: Nº ULT. REPORTE Z: | Q15: LA CASA DE LA CAÑA, C.A. (T. FREITES)
H16: SERIAL 2: | J16: Nº ULT. REPORTE Z: | Q16: LA CASA DE LA CAÑA, C.A. (T. PUENTE)
H17: SERIAL 3: | J17: Nº ULT. REPORTE Z: | Q17: RELIVE, C.A. (T. CHUPARIN)
H18: SERIAL 4: | J18: Nº ULT. REPORTE Z: | Q18: RELIVE, C.A. (T. TERRAZAS)
H19: SERIAL 5: | J19: Nº ULT. REPORTE Z: | Q19: RELIVE, C.A. (T. TIGRE II)
H20: SERIAL 6: | J20: Nº ULT. REPORTE Z: | Q20: RELIVE, C.A. (T. TIGRE III)
H21: SERIAL 7: | J21: Nº ULT. REPORTE Z: | Q21: RELIVE, C.A. (T. PLC)
Q22: RELIVE, C.A. (T. POZUELOS)
A23: 8 | B23: ROUTER | D23: 1 | E23: 1 | F23: 1 | G23: =IF(D23="","",IF(D23=0,"-",IF(F23>D23,"ERROR",IF(E23>D23,"ERROR",IF(E23<D23,0,IF(E23>F23,0,IF(F23=D23,1,0))))))) -> 1 | Q23: OPERADORA VENECIA 2021, C.A (T. VENECIA)
A24: 9 | B24: SUICHE | D24: 1 | E24: 1 | F24: 1 | G24: =IF(D24="","",IF(D24=0,"-",IF(F24>D24,"ERROR",IF(E24>D24,"ERROR",IF(E24<D24,0,IF(E24>F24,0,IF(F24=D24,1,0))))))) -> 1 | Q24: OPERADORA VENECIA 2021, C.A (T. BOLIVAR PLC)
A25: 10 | B25: ESCANER DE CODIGO DE BARRAS | D25: 3 | E25: 3 | F25: 3 | G25: =IF(D25="","",IF(D25=0,"-",IF(F25>D25,"ERROR",IF(E25>D25,"ERROR",IF(E25<D25,0,IF(E25>F25,0,IF(F25=D25,1,0))))))) -> 1 | Q25: OPERADORA VENECIA 2021, C.A (T. CHURCHILL)
A26: 11 | B26: VISOR DE VENTA | D26: 2 | E26: 2 | F26: 2 | G26: =IF(D26="","",IF(D26=0,"-",IF(F26>D26,"ERROR",IF(E26>D26,"ERROR",IF(E26<D26,0,IF(E26>F26,0,IF(F26=D26,1,0))))))) -> 1 | Q26: OPERADORA VENECIA 2021, C.A (T. MANSION)
A27: 12 | B27: DVR | D27: 1 | E27: 1 | F27: 1 | G27: =IF(D27="","",IF(D27=0,"-",IF(F27>D27,"ERROR",IF(E27>D27,"ERROR",IF(E27<D27,0,IF(E27>F27,0,IF(F27=D27,1,0))))))) -> 1 | Q27: OPERADORA LECHERIA 2011, C.A
A28: 13 | B28: MODEM | D28: 1 | E28: 1 | F28: 1 | G28: =IF(D28="","",IF(D28=0,"-",IF(F28>D28,"ERROR",IF(E28>D28,"ERROR",IF(E28<D28,0,IF(E28>F28,0,IF(F28=D28,1,0))))))) -> 1
A29: 14 | B29: LIBROS DE IMPRESORAS FISCALES | D29: 2 | E29: 2 | F29: 2 | G29: =IF(D29="","",IF(D29=0,"-",IF(F29>D29,"ERROR",IF(E29>D29,"ERROR",IF(E29<D29,0,IF(E29>F29,0,IF(F29=D29,1,0))))))) -> 1
A30: TOTAL DE EFECTIVIDAD DE EQUIPOS | G30: =IFERROR(AVERAGE(G9:G28),"-") -> 1
A32: Realizado Por: | C32: Yesenia Salazar
A33: Cargo | C33: Lider de Tienda
A35: NOTA: El check list de Existencia de Equipos en Tiendas debe ser enviado entre los 5 primeros días del mes, vía correo electrónico al grupo Sistemas, con copia al Director de Servicios de Control.
L39: HOUSE TICKET | M39: INVENTARIO | N39: CABLEADO | O39: MES
K40: TIENDAS | L40: SI | M40: 0 | N40: SI | O40: ENERO
K41: =IF(MAESTRO!A1="","",MAESTRO!A1) -> ******SUCURSALES | L41: NO | M41: 1 | N41: NO | O41: FEBRERO
K42: =IF(MAESTRO!A2="","",MAESTRO!A2) -> LA CASA DE LA CAÑA, C.A. (T. ALTERNA) | M42: 2 | O42: MARZO
K43: =IF(MAESTRO!A3="","",MAESTRO!A3) -> LA CASA DE LA CAÑA, C.A. (T. ANACO) | M43: 3 | O43: ABRIL
K44: =IF(MAESTRO!A4="","",MAESTRO!A4) -> LA CASA DE LA CAÑA, C.A. (T. CUMANÁ) | M44: 4 | O44: MAYO
K45: =IF(MAESTRO!A5="","",MAESTRO!A5) -> LA CASA DE LA CAÑA, C.A. (T. MATURÍN I) | M45: 5 | O45: JUNIO
K46: =IF(MAESTRO!A6="","",MAESTRO!A6) -> LA CASA DE LA CAÑA, C.A. (T. MATURÍN II) | M46: 6 | O46: JULIO
K47: =IF(MAESTRO!A7="","",MAESTRO!A7) -> LA CASA DE LA CAÑA, C.A. (T. NVA. BARCELONA) | M47: 7 | O47: AGOSTO
K48: =IF(MAESTRO!A8="","",MAESTRO!A8) -> INVERSIONES CAÑANDONGA,C.A (T. CONEJERO) | M48: 8 | O48: SEPTIEMBRE
K49: =IF(MAESTRO!A9="","",MAESTRO!A9) -> OPERADORA EL MERCADO 2011, C.A. (T. MERCADO) | M49: 9 | O49: OCTUBRE
K50: =IF(MAESTRO!A10="","",MAESTRO!A10) -> OPERADORA EL PUENTE 2011, C.A. (T. PUENTE REAL) | M50: 10 | O50: NOVIEMBRE
K51: =IF(MAESTRO!A11="","",MAESTRO!A11) -> OPERADORA LECHERÍA 2011, C.A. (T. LECHERÍA) | M51: 11 | O51: DICIEMBRE
K52: =IF(MAESTRO!A12="","",MAESTRO!A12) -> OPERADORA PUERTO LA CRUZ 2011, C.A. (T. PUERTO LA CRUZ) | M52: 12
K53: =IF(MAESTRO!A13="","",MAESTRO!A13) -> OPERADORA PUERTO ORDAZ 2013, C.A.(T. PUERTO ORDAZ) | M53: 13
K54: =IF(MAESTRO!A14="","",MAESTRO!A14) -> OPERADORA LAS AMERICAS, C.A | M54: 14
K55: =IF(MAESTRO!A15="","",MAESTRO!A15) -> OPERADORA PLAZA DEL SOL 2015, C.A | M55: 15
K56: =IF(MAESTRO!A16="","",MAESTRO!A16) -> RELIVE, C.A. (T. CHUPARÍN)
K57: =IF(MAESTRO!A17="","",MAESTRO!A17) -> RELIVE, C.A. (T. TERRAZAS)
K58: =IF(MAESTRO!A18="","",MAESTRO!A18) -> RELIVE, C.A. (T. TIGRE II)
K59: =IF(MAESTRO!A19="","",MAESTRO!A19) -> RELIVE, C.A. (T. TIGRE III)
K60: =IF(MAESTRO!A20="","",MAESTRO!A20)
K61: =IF(MAESTRO!A21="","",MAESTRO!A21)

Sheet LEC
C1: CHECK LIST DE EXISTENCIA DE EQUIPOS EN TIENDAS | I1: Código: | J1: FO-MIS-03
I2: Revisión: | J2: 07 | K2: 42720
I3: Fecha: | J3: 42286
B5: SUCURSAL: | C5: OPERADORA LECHERIA 2011, C.A. (T. LECHERIA) | H5: FECHA: | I5: 46157
A7: EQUIPOS
A8: Nº | B8: EQUIPOS | D8: INVENTARIO IDEAL | E8: INVENTARIO REAL | F8: EQUIPOS OPERATIVOS | G8: EFECTIVIDAD | H8: OBSERVACIONES
A9: 1 | B9: CPU | D9: 8 | E9: 8 | F9: 8 | G9: =IF(D9="","",IF(D9=0,"-",IF(F9>D9,"ERROR",IF(E9>D9,"ERROR",IF(E9<D9,0,IF(E9>F9,0,IF(F9=D9,1,0))))))) -> 1 | Q9: LA CASA DE LA CAÑA, C.A. (T. ALTERNA)
A10: 2 | B10: MOUSE | D10: 8 | E10: 8 | F10: 8 | G10: =IF(D10="","",IF(D10=0,"-",IF(F10>D10,"ERROR",IF(E10>D10,"ERROR",IF(E10<D10,0,IF(E10>F10,0,IF(F10=D10,1,0))))))) -> 1 | Q10: LA CASA DE LA CAÑA, C.A. (T. ANACO)
A11: 3 | B11: TECLADOS | D11: 8 | E11: 8 | F11: 8 | G11: =IF(D11="","",IF(D11=0,"-",IF(F11>D11,"ERROR",IF(E11>D11,"ERROR",IF(E11<D11,0,IF(E11>F11,0,IF(F11=D11,1,0))))))) -> 1 | Q11: LA CASA DE LA CAÑA, C.A. (T. NVA BARCELONA)
A12: 4 | B12: MONITORES | D12: 8 | E12: 8 | F12: 8 | G12: =IF(D12="","",IF(D12=0,"-",IF(F12>D12,"ERROR",IF(E12>D12,"ERROR",IF(E12<D12,0,IF(E12>F12,0,IF(F12=D12,1,0))))))) -> 1 | Q12: LA CASA DE LA CAÑA, C.A. (T. CUMANA)
A13: 5 | B13: REGULADORES | D13: 8 | E13: 8 | F13: 8 | G13: =IF(D13="","",IF(D13=0,"-",IF(F13>D13,"ERROR",IF(E13>D13,"ERROR",IF(E13<D13,0,IF(E13>F13,0,IF(F13=D13,1,0))))))) -> 1 | Q13: LA CASA DE LA CAÑA, C.A. (T. MATURIN I)
A14: 6 | B14: IMPRESORA MULTIFUNCIONAL | D14: 1 | E14: 1 | F14: 1 | G14: =IF(D14="","",IF(D14=0,"-",IF(F14>D14,"ERROR",IF(E14>D14,"ERROR",IF(E14<D14,0,IF(E14>F14,0,IF(F14=D14,1,0))))))) -> 1 | Q14: LA CASA DE LA CAÑA, C.A. (T. MATURIN II)
A15: 7 | B15: IMPRESORAS FISCALES | D15: 6 | E15: 6 | F15: 6 | G15: =IF(D15="","",IF(D15=0,"-",IF(F15>D15,"ERROR",IF(E15>D15,"ERROR",IF(E15<D15,0,IF(E15>F15,0,IF(F15=D15,1,0))))))) -> 1 | H15: SERIAL 1: | J15: Nº ULT. REPORTE Z: | Q15: LA CASA DE LA CAÑA, C.A. (T. FREITES)
H16: SERIAL 2: | J16: Nº ULT. REPORTE Z: | Q16: LA CASA DE LA CAÑA, C.A. (T. PUENTE)
H17: SERIAL 3: | J17: Nº ULT. REPORTE Z: | Q17: RELIVE, C.A. (T. CHUPARIN)
H18: SERIAL 4: | J18: Nº ULT. REPORTE Z: | Q18: RELIVE, C.A. (T. TERRAZAS)
H19: SERIAL 5: | J19: Nº ULT. REPORTE Z: | Q19: RELIVE, C.A. (T. TIGRE II)
H20: SERIAL 6: | J20: Nº ULT. REPORTE Z: | Q20: RELIVE, C.A. (T. TIGRE III)
H21: SERIAL 7: | J21: Nº ULT. REPORTE Z: | Q21: RELIVE, C.A. (T. PLC)
H22: SERIAL 8: | J22: Nº ULT. REPORTE Z: | Q22: RELIVE, C.A. (T. POZUELOS)
H23: SERIAL 9: | J23: Nº ULT. REPORTE Z: | Q23: OPERADORA VENECIA 2021, C.A (T. VENECIA)
Q24: OPERADORA VENECIA 2021, C.A (T. BOLIVAR PLC)
A25: 8 | B25: ROUTER | D25: 3 | E25: 3 | F25: 3 | G25: =IF(D25="","",IF(D25=0,"-",IF(F25>D25,"ERROR",IF(E25>D25,"ERROR",IF(E25<D25,0,IF(E25>F25,0,IF(F25=D25,1,0))))))) -> 1 | Q25: OPERADORA VENECIA 2021, C.A (T. CHURCHILL)
A26: 9 | B26: SUICHE | D26: 4 | E26: 4 | F26: 4 | G26: =IF(D26="","",IF(D26=0,"-",IF(F26>D26,"ERROR",IF(E26>D26,"ERROR",IF(E26<D26,0,IF(E26>F26,0,IF(F26=D26,1,0))))))) -> 1 | Q26: OPERADORA VENECIA 2021, C.A (T. MANSION)
A27: 10 | B27: ESCANER DE CODIGO DE BARRAS | D27: 8 | E27: 8 | F27: 8 | G27: =IF(D27="","",IF(D27=0,"-",IF(F27>D27,"ERROR",IF(E27>D27,"ERROR",IF(E27<D27,0,IF(E27>F27,0,IF(F27=D27,1,0))))))) -> 1 | Q27: OPERADORA LECHERIA 2011, C.A
A28: 11 | B28: VISOR DE VENTA | D28: 4 | E28: 4 | F28: 4 | G28: =IF(D28="","",IF(D28=0,"-",IF(F28>D28,"ERROR",IF(E28>D28,"ERROR",IF(E28<D28,0,IF(E28>F28,0,IF(F28=D28,1,0))))))) -> 1
A29: 12 | B29: DVR | D29: 1 | E29: 1 | F29: 1 | G29: =IF(D29="","",IF(D29=0,"-",IF(F29>D29,"ERROR",IF(E29>D29,"ERROR",IF(E29<D29,0,IF(E29>F29,0,IF(F29=D29,1,0))))))) -> 1
A30: 13 | B30: MODEM | D30: 1 | E30: 1 | F30: 1 | G30: =IF(D30="","",IF(D30=0,"-",IF(F30>D30,"ERROR",IF(E30>D30,"ERROR",IF(E30<D30,0,IF(E30>F30,0,IF(F30=D30,1,0))))))) -> 1
A31: 14 | B31: LIBROS DE IMPRESORAS FISCALES | D31: 6 | E31: 6 | F31: 6 | G31: =IF(D31="","",IF(D31=0,"-",IF(F31>D31,"ERROR",IF(E31>D31,"ERROR",IF(E31<D31,0,IF(E31>F31,0,IF(F31=D31,1,0))))))) -> 1
A32: TOTAL DE EFECTIVIDAD DE EQUIPOS | G32: =IFERROR(AVERAGE(G9:G30),"-") -> 1
A34: Realizado Por: | C34: Victor Garcia
A35: Cargo | C35: LIDER TIENDA
A37: NOTA: El check list de Existencia de Equipos en Tiendas debe ser enviado entre los 5 primeros días del mes, vía correo electrónico al grupo Sistemas, con copia al Director de Servicios de Control.
L41: HOUSE TICKET | M41: INVENTARIO | N41: CABLEADO | O41: MES
K42: TIENDAS | L42: SI | M42: 0 | N42: SI | O42: ENERO
K43: =IF(MAESTRO!A1="","",MAESTRO!A1) -> ******SUCURSALES | L43: NO | M43: 1 | N43: NO | O43: FEBRERO
K44: =IF(MAESTRO!A2="","",MAESTRO!A2) -> LA CASA DE LA CAÑA, C.A. (T. ALTERNA) | M44: 2 | O44: MARZO
K45: =IF(MAESTRO!A3="","",MAESTRO!A3) -> LA CASA DE LA CAÑA, C.A. (T. ANACO) | M45: 3 | O45: ABRIL
K46: =IF(MAESTRO!A4="","",MAESTRO!A4) -> LA CASA DE LA CAÑA, C.A. (T. CUMANÁ) | M46: 4 | O46: MAYO
K47: =IF(MAESTRO!A5="","",MAESTRO!A5) -> LA CASA DE LA CAÑA, C.A. (T. MATURÍN I) | M47: 5 | O47: JUNIO
K48: =IF(MAESTRO!A6="","",MAESTRO!A6) -> LA CASA DE LA CAÑA, C.A. (T. MATURÍN II) | M48: 6 | O48: JULIO
K49: =IF(MAESTRO!A7="","",MAESTRO!A7) -> LA CASA DE LA CAÑA, C.A. (T. NVA. BARCELONA) | M49: 7 | O49: AGOSTO
K50: =IF(MAESTRO!A8="","",MAESTRO!A8) -> INVERSIONES CAÑANDONGA,C.A (T. CONEJERO) | M50: 8 | O50: SEPTIEMBRE
K51: =IF(MAESTRO!A9="","",MAESTRO!A9) -> OPERADORA EL MERCADO 2011, C.A. (T. MERCADO) | M51: 9 | O51: OCTUBRE
K52: =IF(MAESTRO!A10="","",MAESTRO!A10) -> OPERADORA EL PUENTE 2011, C.A. (T. PUENTE REAL) | M52: 10 | O52: NOVIEMBRE
K53: =IF(MAESTRO!A11="","",MAESTRO!A11) -> OPERADORA LECHERÍA 2011, C.A. (T. LECHERÍA) | M53: 11 | O53: DICIEMBRE
K54: =IF(MAESTRO!A12="","",MAESTRO!A12) -> OPERADORA PUERTO LA CRUZ 2011, C.A. (T. PUERTO LA CRUZ) | M54: 12
K55: =IF(MAESTRO!A13="","",MAESTRO!A13) -> OPERADORA PUERTO ORDAZ 2013, C.A.(T. PUERTO ORDAZ) | M55: 13
K56: =IF(MAESTRO!A14="","",MAESTRO!A14) -> OPERADORA LAS AMERICAS, C.A | M56: 14
K57: =IF(MAESTRO!A15="","",MAESTRO!A15) -> OPERADORA PLAZA DEL SOL 2015, C.A | M57: 15
K58: =IF(MAESTRO!A16="","",MAESTRO!A16) -> RELIVE, C.A. (T. CHUPARÍN)
K59: =IF(MAESTRO!A17="","",MAESTRO!A17) -> RELIVE, C.A. (T. TERRAZAS)
K60: =IF(MAESTRO!A18="","",MAESTRO!A18) -> RELIVE, C.A. (T. TIGRE II)
K61: =IF(MAESTRO!A19="","",MAESTRO!A19) -> RELIVE, C.A. (T. TIGRE III)
K62: =IF(MAESTRO!A20="","",MAESTRO!A20)
K63: =IF(MAESTRO!A21="","",MAESTRO!A21)

Sheet PTE
C1: CHECK LIST DE EXISTENCIA DE EQUIPOS EN TIENDAS | I1: Código: | J1: FO-MIS-03
I2: Revisión: | J2: 07 | K2: 42720
I3: Fecha: | J3: 42286
B5: SUCURSAL: | C5: LA CASA DE LA CAÑA, C.A. (T. PUENTE) | H5: FECHA: | I5: 46157
A7: EQUIPOS
A8: Nº | B8: EQUIPOS | D8: INVENTARIO IDEAL | E8: INVENTARIO REAL | F8: EQUIPOS OPERATIVOS | G8: EFECTIVIDAD | H8: OBSERVACIONES
A9: 1 | B9: CPU | D9: 6 | E9: 6 | F9: 6 | G9: =IF(D9="","",IF(D9=0,"-",IF(F9>D9,"ERROR",IF(E9>D9,"ERROR",IF(E9<D9,0,IF(E9>F9,0,IF(F9=D9,1,0))))))) -> 1 | Q9: LA CASA DE LA CAÑA, C.A. (T. ALTERNA)
A10: 2 | B10: MOUSE | D10: 6 | E10: 6 | F10: 6 | G10: =IF(D10="","",IF(D10=0,"-",IF(F10>D10,"ERROR",IF(E10>D10,"ERROR",IF(E10<D10,0,IF(E10>F10,0,IF(F10=D10,1,0))))))) -> 1 | Q10: LA CASA DE LA CAÑA, C.A. (T. ANACO)
A11: 3 | B11: TECLADOS | D11: 6 | E11: 6 | F11: 6 | G11: =IF(D11="","",IF(D11=0,"-",IF(F11>D11,"ERROR",IF(E11>D11,"ERROR",IF(E11<D11,0,IF(E11>F11,0,IF(F11=D11,1,0))))))) -> 1 | Q11: LA CASA DE LA CAÑA, C.A. (T. NVA BARCELONA)
A12: 4 | B12: MONITORES | D12: 6 | E12: 6 | F12: 6 | G12: =IF(D12="","",IF(D12=0,"-",IF(F12>D12,"ERROR",IF(E12>D12,"ERROR",IF(E12<D12,0,IF(E12>F12,0,IF(F12=D12,1,0))))))) -> 1 | Q12: LA CASA DE LA CAÑA, C.A. (T. CUMANA)
A13: 5 | B13: REGULADORES | D13: 6 | E13: 6 | F13: 6 | G13: =IF(D13="","",IF(D13=0,"-",IF(F13>D13,"ERROR",IF(E13>D13,"ERROR",IF(E13<D13,0,IF(E13>F13,0,IF(F13=D13,1,0))))))) -> 1 | Q13: LA CASA DE LA CAÑA, C.A. (T. MATURIN I)
A14: 6 | B14: IMPRESORA MULTIFUNCIONAL | D14: 1 | E14: 1 | F14: 1 | G14: =IF(D14="","",IF(D14=0,"-",IF(F14>D14,"ERROR",IF(E14>D14,"ERROR",IF(E14<D14,0,IF(E14>F14,0,IF(F14=D14,1,0))))))) -> 1 | Q14: LA CASA DE LA CAÑA, C.A. (T. MATURIN II)
A15: 7 | B15: IMPRESORAS FISCALES | D15: 5 | E15: 5 | F15: 5 | G15: =IF(D15="","",IF(D15=0,"-",IF(F15>D15,"ERROR",IF(E15>D15,"ERROR",IF(E15<D15,0,IF(E15>F15,0,IF(F15=D15,1,0))))))) -> 1 | H15: SERIAL 1: | J15: Nº ULT. REPORTE Z: | Q15: LA CASA DE LA CAÑA, C.A. (T. FREITES)
H16: SERIAL 2: | J16: Nº ULT. REPORTE Z: | Q16: LA CASA DE LA CAÑA, C.A. (T. PUENTE)
H17: SERIAL 3: | J17: Nº ULT. REPORTE Z: | Q17: RELIVE, C.A. (T. CHUPARIN)
H18: SERIAL 4: | J18: Nº ULT. REPORTE Z: | Q18: RELIVE, C.A. (T. TERRAZAS)
H19: SERIAL 5: | J19: Nº ULT. REPORTE Z: | Q19: RELIVE, C.A. (T. TIGRE II)
H20: SERIAL 6: | J20: Nº ULT. REPORTE Z: | Q20: RELIVE, C.A. (T. TIGRE III)
H21: SERIAL 7: | J21: Nº ULT. REPORTE Z: | Q21: RELIVE, C.A. (T. PLC)
Q22: RELIVE, C.A. (T. POZUELOS)
A23: 8 | B23: ROUTER | D23: 2 | E23: 2 | F23: 2 | G23: =IF(D23="","",IF(D23=0,"-",IF(F23>D23,"ERROR",IF(E23>D23,"ERROR",IF(E23<D23,0,IF(E23>F23,0,IF(F23=D23,1,0))))))) -> 1 | Q23: OPERADORA VENECIA 2021, C.A (T. VENECIA)
A24: 9 | B24: SUICHE | D24: 2 | E24: 2 | F24: 2 | G24: =IF(D24="","",IF(D24=0,"-",IF(F24>D24,"ERROR",IF(E24>D24,"ERROR",IF(E24<D24,0,IF(E24>F24,0,IF(F24=D24,1,0))))))) -> 1 | Q24: OPERADORA VENECIA 2021, C.A (T. BOLIVAR PLC)
A25: 10 | B25: ESCANER DE CODIGO DE BARRAS | D25: 6 | E25: 6 | F25: 6 | G25: =IF(D25="","",IF(D25=0,"-",IF(F25>D25,"ERROR",IF(E25>D25,"ERROR",IF(E25<D25,0,IF(E25>F25,0,IF(F25=D25,1,0))))))) -> 1 | Q25: OPERADORA VENECIA 2021, C.A (T. CHURCHILL)
A26: 11 | B26: PUNTOS DE VENTAS | D26: 2 | E26: 2 | F26: 2 | G26: =IF(D26="","",IF(D26=0,"-",IF(F26>D26,"ERROR",IF(E26>D26,"ERROR",IF(E26<D26,0,IF(E26>F26,0,IF(F26=D26,1,0))))))) -> 1 | Q26: OPERADORA VENECIA 2021, C.A (T. MANSION)
A27: 12 | B27: DVR | D27: 1 | E27: 1 | F27: 1 | G27: =IF(D27="","",IF(D27=0,"-",IF(F27>D27,"ERROR",IF(E27>D27,"ERROR",IF(E27<D27,0,IF(E27>F27,0,IF(F27=D27,1,0))))))) -> 1 | Q27: OPERADORA LECHERIA 2011, C.A
A28: 13 | B28: MODEM | D28: 1 | E28: 1 | F28: 1 | G28: =IF(D28="","",IF(D28=0,"-",IF(F28>D28,"ERROR",IF(E28>D28,"ERROR",IF(E28<D28,0,IF(E28>F28,0,IF(F28=D28,1,0))))))) -> 1
A29: 14 | B29: LIBROS DE IMPRESORAS FISCALES | D29: 5 | E29: 5 | F29: 5 | G29: =IF(D29="","",IF(D29=0,"-",IF(F29>D29,"ERROR",IF(E29>D29,"ERROR",IF(E29<D29,0,IF(E29>F29,0,IF(F29=D29,1,0))))))) -> 1
A30: TOTAL DE EFECTIVIDAD DE EQUIPOS | G30: =IFERROR(AVERAGE(G9:G28),"-") -> 1
A32: Realizado Por: | C32: Yesenia Rodriguez
A33: Cargo | C33: Lider De Tienda
A35: NOTA: El check list de Existencia de Equipos en Tiendas debe ser enviado entre los 5 primeros días del mes, vía correo electrónico al grupo Sistemas, con copia al Director de Servicios de Control.
L39: HOUSE TICKET | M39: INVENTARIO | N39: CABLEADO | O39: MES
K40: TIENDAS | L40: SI | M40: 0 | N40: SI | O40: ENERO
K41: =IF(MAESTRO!A1="","",MAESTRO!A1) -> ******SUCURSALES | L41: NO | M41: 1 | N41: NO | O41: FEBRERO
K42: =IF(MAESTRO!A2="","",MAESTRO!A2) -> LA CASA DE LA CAÑA, C.A. (T. ALTERNA) | M42: 2 | O42: MARZO
K43: =IF(MAESTRO!A3="","",MAESTRO!A3) -> LA CASA DE LA CAÑA, C.A. (T. ANACO) | M43: 3 | O43: ABRIL
K44: =IF(MAESTRO!A4="","",MAESTRO!A4) -> LA CASA DE LA CAÑA, C.A. (T. CUMANÁ) | M44: 4 | O44: MAYO
K45: =IF(MAESTRO!A5="","",MAESTRO!A5) -> LA CASA DE LA CAÑA, C.A. (T. MATURÍN I) | M45: 5 | O45: JUNIO
K46: =IF(MAESTRO!A6="","",MAESTRO!A6) -> LA CASA DE LA CAÑA, C.A. (T. MATURÍN II) | M46: 6 | O46: JULIO
K47: =IF(MAESTRO!A7="","",MAESTRO!A7) -> LA CASA DE LA CAÑA, C.A. (T. NVA. BARCELONA) | M47: 7 | O47: AGOSTO
K48: =IF(MAESTRO!A8="","",MAESTRO!A8) -> INVERSIONES CAÑANDONGA,C.A (T. CONEJERO) | M48: 8 | O48: SEPTIEMBRE
K49: =IF(MAESTRO!A9="","",MAESTRO!A9) -> OPERADORA EL MERCADO 2011, C.A. (T. MERCADO) | M49: 9 | O49: OCTUBRE
K50: =IF(MAESTRO!A10="","",MAESTRO!A10) -> OPERADORA EL PUENTE 2011, C.A. (T. PUENTE REAL) | M50: 10 | O50: NOVIEMBRE
K51: =IF(MAESTRO!A11="","",MAESTRO!A11) -> OPERADORA LECHERÍA 2011, C.A. (T. LECHERÍA) | M51: 11 | O51: DICIEMBRE
K52: =IF(MAESTRO!A12="","",MAESTRO!A12) -> OPERADORA PUERTO LA CRUZ 2011, C.A. (T. PUERTO LA CRUZ) | M52: 12
K53: =IF(MAESTRO!A13="","",MAESTRO!A13) -> OPERADORA PUERTO ORDAZ 2013, C.A.(T. PUERTO ORDAZ) | M53: 13
K54: =IF(MAESTRO!A14="","",MAESTRO!A14) -> OPERADORA LAS AMERICAS, C.A | M54: 14
K55: =IF(MAESTRO!A15="","",MAESTRO!A15) -> OPERADORA PLAZA DEL SOL 2015, C.A | M55: 15
K56: =IF(MAESTRO!A16="","",MAESTRO!A16) -> RELIVE, C.A. (T. CHUPARÍN)
K57: =IF(MAESTRO!A17="","",MAESTRO!A17) -> RELIVE, C.A. (T. TERRAZAS)
K58: =IF(MAESTRO!A18="","",MAESTRO!A18) -> RELIVE, C.A. (T. TIGRE II)
K59: =IF(MAESTRO!A19="","",MAESTRO!A19) -> RELIVE, C.A. (T. TIGRE III)
K60: =IF(MAESTRO!A20="","",MAESTRO!A20)
K61: =IF(MAESTRO!A21="","",MAESTRO!A21)
K62: =IF(MAESTRO!A22="","",MAESTRO!A22)

Sheet PLC
C1: CHECK LIST DE EXISTENCIA DE EQUIPOS EN TIENDAS | I1: Código: | J1: FO-MIS-03
I2: Revisión: | J2: 07 | K2: 42720
I3: Fecha: | J3: 42286
B5: SUCURSAL: | C5: RELIVE, C.A. (T. PLC) | H5: FECHA: | I5: 46157
A7: EQUIPOS
A8: Nº | B8: EQUIPOS | D8: INVENTARIO IDEAL | E8: INVENTARIO REAL | F8: EQUIPOS OPERATIVOS | G8: EFECTIVIDAD | H8: OBSERVACIONES
A9: 1 | B9: CPU | D9: 6 | E9: 6 | F9: 6 | G9: =IF(D9="","",IF(D9=0,"-",IF(F9>D9,"ERROR",IF(E9>D9,"ERROR",IF(E9<D9,0,IF(E9>F9,0,IF(F9=D9,1,0))))))) -> 1 | Q9: LA CASA DE LA CAÑA, C.A. (T. ALTERNA)
A10: 2 | B10: MOUSE | D10: 6 | E10: 6 | F10: 6 | G10: =IF(D10="","",IF(D10=0,"-",IF(F10>D10,"ERROR",IF(E10>D10,"ERROR",IF(E10<D10,0,IF(E10>F10,0,IF(F10=D10,1,0))))))) -> 1 | Q10: LA CASA DE LA CAÑA, C.A. (T. ANACO)
A11: 3 | B11: TECLADOS | D11: 6 | E11: 6 | F11: 6 | G11: =IF(D11="","",IF(D11=0,"-",IF(F11>D11,"ERROR",IF(E11>D11,"ERROR",IF(E11<D11,0,IF(E11>F11,0,IF(F11=D11,1,0))))))) -> 1 | Q11: LA CASA DE LA CAÑA, C.A. (T. NVA BARCELONA)
A12: 4 | B12: MONITORES | D12: 6 | E12: 6 | F12: 6 | G12: =IF(D12="","",IF(D12=0,"-",IF(F12>D12,"ERROR",IF(E12>D12,"ERROR",IF(E12<D12,0,IF(E12>F12,0,IF(F12=D12,1,0))))))) -> 1 | Q12: LA CASA DE LA CAÑA, C.A. (T. CUMANA)
A13: 5 | B13: REGULADORES | D13: 6 | E13: 6 | F13: 6 | G13: =IF(D13="","",IF(D13=0,"-",IF(F13>D13,"ERROR",IF(E13>D13,"ERROR",IF(E13<D13,0,IF(E13>F13,0,IF(F13=D13,1,0))))))) -> 1 | Q13: LA CASA DE LA CAÑA, C.A. (T. MATURIN I)
A14: 6 | B14: IMPRESORA MULTIFUNCIONAL | D14: 1 | E14: 1 | F14: 1 | G14: =IF(D14="","",IF(D14=0,"-",IF(F14>D14,"ERROR",IF(E14>D14,"ERROR",IF(E14<D14,0,IF(E14>F14,0,IF(F14=D14,1,0))))))) -> 1 | Q14: LA CASA DE LA CAÑA, C.A. (T. MATURIN II)
A15: 7 | B15: IMPRESORAS FISCALES | D15: 5 | E15: 5 | F15: 4 | G15: =IF(D15="","",IF(D15=0,"-",IF(F15>D15,"ERROR",IF(E15>D15,"ERROR",IF(E15<D15,0,IF(E15>F15,0,IF(F15=D15,1,0))))))) -> 0 | H15: SERIAL 1: | J15: Nº ULT. REPORTE Z: | Q15: LA CASA DE LA CAÑA, C.A. (T. FREITES)
H16: SERIAL 2: | J16: Nº ULT. REPORTE Z: | Q16: LA CASA DE LA CAÑA, C.A. (T. PUENTE)
H17: SERIAL 3: | J17: Nº ULT. REPORTE Z: | Q17: RELIVE, C.A. (T. CHUPARIN)
H18: SERIAL 4: | J18: Nº ULT. REPORTE Z: | Q18: RELIVE, C.A. (T. TERRAZAS)
H19: SERIAL 5: | J19: Nº ULT. REPORTE Z: | Q19: RELIVE, C.A. (T. TIGRE II)
H20: SERIAL 6: | J20: Nº ULT. REPORTE Z: | Q20: RELIVE, C.A. (T. TIGRE III)
H21: SERIAL 7: | J21: Nº ULT. REPORTE Z: | Q21: RELIVE, C.A. (T. PLC)
Q22: RELIVE, C.A. (T. POZUELOS)
A23: 8 | B23: ROUTER | D23: 1 | E23: 1 | F23: 1 | G23: =IF(D23="","",IF(D23=0,"-",IF(F23>D23,"ERROR",IF(E23>D23,"ERROR",IF(E23<D23,0,IF(E23>F23,0,IF(F23=D23,1,0))))))) -> 1 | Q23: OPERADORA VENECIA 2021, C.A (T. VENECIA)
A24: 9 | B24: SUICHE | D24: 2 | E24: 2 | F24: 2 | G24: =IF(D24="","",IF(D24=0,"-",IF(F24>D24,"ERROR",IF(E24>D24,"ERROR",IF(E24<D24,0,IF(E24>F24,0,IF(F24=D24,1,0))))))) -> 1 | Q24: OPERADORA VENECIA 2021, C.A (T. BOLIVAR PLC)
A25: 10 | B25: ESCANER DE CODIGO DE BARRAS | D25: 6 | E25: 6 | F25: 6 | G25: =IF(D25="","",IF(D25=0,"-",IF(F25>D25,"ERROR",IF(E25>D25,"ERROR",IF(E25<D25,0,IF(E25>F25,0,IF(F25=D25,1,0))))))) -> 1 | Q25: OPERADORA VENECIA 2021, C.A (T. CHURCHILL)
A26: 11 | B26: VISOR DE VENTA | D26: 2 | E26: 2 | F26: 2 | G26: =IF(D26="","",IF(D26=0,"-",IF(F26>D26,"ERROR",IF(E26>D26,"ERROR",IF(E26<D26,0,IF(E26>F26,0,IF(F26=D26,1,0))))))) -> 1 | Q26: OPERADORA VENECIA 2021, C.A (T. MANSION)
A27: 12 | B27: DVR | D27: 1 | E27: 1 | F27: 1 | G27: =IF(D27="","",IF(D27=0,"-",IF(F27>D27,"ERROR",IF(E27>D27,"ERROR",IF(E27<D27,0,IF(E27>F27,0,IF(F27=D27,1,0))))))) -> 1 | Q27: OPERADORA LECHERIA 2011, C.A
A28: 13 | B28: MODEM | D28: 1 | E28: 1 | F28: 1 | G28: =IF(D28="","",IF(D28=0,"-",IF(F28>D28,"ERROR",IF(E28>D28,"ERROR",IF(E28<D28,0,IF(E28>F28,0,IF(F28=D28,1,0))))))) -> 1
A29: 14 | B29: LIBROS DE IMPRESORAS FISCALES | D29: 5 | E29: 5 | F29: 5 | G29: =IF(D29="","",IF(D29=0,"-",IF(F29>D29,"ERROR",IF(E29>D29,"ERROR",IF(E29<D29,0,IF(E29>F29,0,IF(F29=D29,1,0))))))) -> 1
A30: TOTAL DE EFECTIVIDAD DE EQUIPOS | G30: =IFERROR(AVERAGE(G9:G28),"-") -> 0.92307692
A32: Realizado Por: | C32: Victor Rodriguez
A33: Cargo | C33: Lider De Tienda
A35: NOTA: El check list de Existencia de Equipos en Tiendas debe ser enviado entre los 5 primeros días del mes, vía correo electrónico al grupo Sistemas, con copia al Director de Servicios de Control.
L39: HOUSE TICKET | M39: INVENTARIO | N39: CABLEADO | O39: MES
K40: TIENDAS | L40: SI | M40: 0 | N40: SI | O40: ENERO
K41: =IF(MAESTRO!A1="","",MAESTRO!A1) -> ******SUCURSALES | L41: NO | M41: 1 | N41: NO | O41: FEBRERO
K42: =IF(MAESTRO!A2="","",MAESTRO!A2) -> LA CASA DE LA CAÑA, C.A. (T. ALTERNA) | M42: 2 | O42: MARZO
K43: =IF(MAESTRO!A3="","",MAESTRO!A3) -> LA CASA DE LA CAÑA, C.A. (T. ANACO) | M43: 3 | O43: ABRIL
K44: =IF(MAESTRO!A4="","",MAESTRO!A4) -> LA CASA DE LA CAÑA, C.A. (T. CUMANÁ) | M44: 4 | O44: MAYO
K45: =IF(MAESTRO!A5="","",MAESTRO!A5) -> LA CASA DE LA CAÑA, C.A. (T. MATURÍN I) | M45: 5 | O45: JUNIO
K46: =IF(MAESTRO!A6="","",MAESTRO!A6) -> LA CASA DE LA CAÑA, C.A. (T. MATURÍN II) | M46: 6 | O46: JULIO
K47: =IF(MAESTRO!A7="","",MAESTRO!A7) -> LA CASA DE LA CAÑA, C.A. (T. NVA. BARCELONA) | M47: 7 | O47: AGOSTO
K48: =IF(MAESTRO!A8="","",MAESTRO!A8) -> INVERSIONES CAÑANDONGA,C.A (T. CONEJERO) | M48: 8 | O48: SEPTIEMBRE
K49: =IF(MAESTRO!A9="","",MAESTRO!A9) -> OPERADORA EL MERCADO 2011, C.A. (T. MERCADO) | M49: 9 | O49: OCTUBRE
K50: =IF(MAESTRO!A10="","",MAESTRO!A10) -> OPERADORA EL PUENTE 2011, C.A. (T. PUENTE REAL) | M50: 10 | O50: NOVIEMBRE
K51: =IF(MAESTRO!A11="","",MAESTRO!A11) -> OPERADORA LECHERÍA 2011, C.A. (T. LECHERÍA) | M51: 11 | O51: DICIEMBRE
K52: =IF(MAESTRO!A12="","",MAESTRO!A12) -> OPERADORA PUERTO LA CRUZ 2011, C.A. (T. PUERTO LA CRUZ) | M52: 12
K53: =IF(MAESTRO!A13="","",MAESTRO!A13) -> OPERADORA PUERTO ORDAZ 2013, C.A.(T. PUERTO ORDAZ) | M53: 13
K54: =IF(MAESTRO!A14="","",MAESTRO!A14) -> OPERADORA LAS AMERICAS, C.A | M54: 14
K55: =IF(MAESTRO!A15="","",MAESTRO!A15) -> OPERADORA PLAZA DEL SOL 2015, C.A | M55: 15
K56: =IF(MAESTRO!A16="","",MAESTRO!A16) -> RELIVE, C.A. (T. CHUPARÍN)
K57: =IF(MAESTRO!A17="","",MAESTRO!A17) -> RELIVE, C.A. (T. TERRAZAS)
K58: =IF(MAESTRO!A18="","",MAESTRO!A18) -> RELIVE, C.A. (T. TIGRE II)
K59: =IF(MAESTRO!A19="","",MAESTRO!A19) -> RELIVE, C.A. (T. TIGRE III)
K60: =IF(MAESTRO!A20="","",MAESTRO!A20)
K61: =IF(MAESTRO!A21="","",MAESTRO!A21)

Sheet FRE
C1: CHECK LIST DE EXISTENCIA DE EQUIPOS EN TIENDAS | I1: Código: | J1: FO-MIS-03
I2: Revisión: | J2: 07 | K2: 42720
I3: Fecha: | J3: 42286
B5: SUCURSAL: | C5: LA CASA DE LA CAÑA, C.A. (T. FREITES) | H5: FECHA: | I5: 46157
A7: EQUIPOS
A8: Nº | B8: EQUIPOS | D8: INVENTARIO IDEAL | E8: INVENTARIO REAL | F8: EQUIPOS OPERATIVOS | G8: EFECTIVIDAD | H8: OBSERVACIONES
A9: 1 | B9: CPU | D9: 2 | E9: 2 | F9: 2 | G9: =IF(D9="","",IF(D9=0,"-",IF(F9>D9,"ERROR",IF(E9>D9,"ERROR",IF(E9<D9,0,IF(E9>F9,0,IF(F9=D9,1,0))))))) -> 1 | Q9: LA CASA DE LA CAÑA, C.A. (T. ALTERNA)
A10: 2 | B10: MOUSE | D10: 2 | E10: 2 | F10: 2 | G10: =IF(D10="","",IF(D10=0,"-",IF(F10>D10,"ERROR",IF(E10>D10,"ERROR",IF(E10<D10,0,IF(E10>F10,0,IF(F10=D10,1,0))))))) -> 1 | Q10: LA CASA DE LA CAÑA, C.A. (T. ANACO)
A11: 3 | B11: TECLADOS | D11: 2 | E11: 2 | F11: 2 | G11: =IF(D11="","",IF(D11=0,"-",IF(F11>D11,"ERROR",IF(E11>D11,"ERROR",IF(E11<D11,0,IF(E11>F11,0,IF(F11=D11,1,0))))))) -> 1 | Q11: LA CASA DE LA CAÑA, C.A. (T. NVA BARCELONA)
A12: 4 | B12: MONITORES | D12: 2 | E12: 2 | F12: 2 | G12: =IF(D12="","",IF(D12=0,"-",IF(F12>D12,"ERROR",IF(E12>D12,"ERROR",IF(E12<D12,0,IF(E12>F12,0,IF(F12=D12,1,0))))))) -> 1 | Q12: LA CASA DE LA CAÑA, C.A. (T. CUMANA)
A13: 5 | B13: REGULADORES | D13: 2 | E13: 2 | F13: 2 | G13: =IF(D13="","",IF(D13=0,"-",IF(F13>D13,"ERROR",IF(E13>D13,"ERROR",IF(E13<D13,0,IF(E13>F13,0,IF(F13=D13,1,0))))))) -> 1 | Q13: LA CASA DE LA CAÑA, C.A. (T. MATURIN I)
A14: 6 | B14: IMPRESORA MULTIFUNCIONAL | D14: 1 | E14: 1 | F14: 1 | G14: =IF(D14="","",IF(D14=0,"-",IF(F14>D14,"ERROR",IF(E14>D14,"ERROR",IF(E14<D14,0,IF(E14>F14,0,IF(F14=D14,1,0))))))) -> 1 | Q14: LA CASA DE LA CAÑA, C.A. (T. MATURIN II)
A15: 7 | B15: IMPRESORAS FISCALES | D15: 1 | E15: 1 | F15: 1 | G15: =IF(D15="","",IF(D15=0,"-",IF(F15>D15,"ERROR",IF(E15>D15,"ERROR",IF(E15<D15,0,IF(E15>F15,0,IF(F15=D15,1,0))))))) -> 1 | H15: SERIAL 1: | J15: Nº ULT. REPORTE Z: | Q15: LA CASA DE LA CAÑA, C.A. (T. FREITES)
H16: SERIAL 2: | J16: Nº ULT. REPORTE Z: | Q16: LA CASA DE LA CAÑA, C.A. (T. PUENTE)
H17: SERIAL 3: | J17: Nº ULT. REPORTE Z: | Q17: RELIVE, C.A. (T. CHUPARIN)
H18: SERIAL 4: | J18: Nº ULT. REPORTE Z: | Q18: RELIVE, C.A. (T. TERRAZAS)
H19: SERIAL 5: | J19: Nº ULT. REPORTE Z: | Q19: RELIVE, C.A. (T. TIGRE II)
H20: SERIAL 6: | J20: Nº ULT. REPORTE Z: | Q20: RELIVE, C.A. (T. TIGRE III)
H21: SERIAL 7: | J21: Nº ULT. REPORTE Z: | Q21: RELIVE, C.A. (T. PLC)
Q22: RELIVE, C.A. (T. POZUELOS)
A23: 8 | B23: ROUTER | D23: 1 | E23: 1 | F23: 1 | G23: =IF(D23="","",IF(D23=0,"-",IF(F23>D23,"ERROR",IF(E23>D23,"ERROR",IF(E23<D23,0,IF(E23>F23,0,IF(F23=D23,1,0))))))) -> 1 | Q23: OPERADORA VENECIA 2021, C.A (T. VENECIA)
A24: 9 | B24: SUICHE | D24: 1 | E24: 1 | F24: 1 | G24: =IF(D24="","",IF(D24=0,"-",IF(F24>D24,"ERROR",IF(E24>D24,"ERROR",IF(E24<D24,0,IF(E24>F24,0,IF(F24=D24,1,0))))))) -> 1 | Q24: OPERADORA VENECIA 2021, C.A (T. BOLIVAR PLC)
A25: 10 | B25: ESCANER DE CODIGO DE BARRAS | D25: 2 | E25: 2 | F25: 2 | G25: =IF(D25="","",IF(D25=0,"-",IF(F25>D25,"ERROR",IF(E25>D25,"ERROR",IF(E25<D25,0,IF(E25>F25,0,IF(F25=D25,1,0))))))) -> 1 | Q25: OPERADORA VENECIA 2021, C.A (T. CHURCHILL)
A26: 11 | B26: VISOR DE VENTA | D26: 0 | E26: 0 | F26: 0 | G26: =IF(D26="","",IF(D26=0,"-",IF(F26>D26,"ERROR",IF(E26>D26,"ERROR",IF(E26<D26,0,IF(E26>F26,0,IF(F26=D26,1,0))))))) -> - | H26: No aplica | Q26: OPERADORA VENECIA 2021, C.A (T. MANSION)
A27: 12 | B27: DVR | D27: 1 | E27: 1 | F27: 1 | G27: =IF(D27="","",IF(D27=0,"-",IF(F27>D27,"ERROR",IF(E27>D27,"ERROR",IF(E27<D27,0,IF(E27>F27,0,IF(F27=D27,1,0))))))) -> 1 | Q27: OPERADORA LECHERIA 2011, C.A
A28: 13 | B28: MODEM | D28: 1 | E28: 1 | F28: 1 | G28: =IF(D28="","",IF(D28=0,"-",IF(F28>D28,"ERROR",IF(E28>D28,"ERROR",IF(E28<D28,0,IF(E28>F28,0,IF(F28=D28,1,0))))))) -> 1
A29: 14 | B29: LIBROS DE IMPRESORAS FISCALES | D29: 1 | E29: 1 | F29: 1 | G29: =IF(D29="","",IF(D29=0,"-",IF(F29>D29,"ERROR",IF(E29>D29,"ERROR",IF(E29<D29,0,IF(E29>F29,0,IF(F29=D29,1,0))))))) -> 1
A30: TOTAL DE EFECTIVIDAD DE EQUIPOS | G30: =IFERROR(AVERAGE(G9:G28),"-") -> 1
A32: Realizado Por: | C32: Joel Veliz
A33: Cargo | C33: Ayudante Especial
A35: NOTA: El check list de Existencia de Equipos en Tiendas debe ser enviado entre los 5 primeros días del mes, vía correo electrónico al grupo Sistemas, con copia al Director de Servicios de Control.
L39: HOUSE TICKET | M39: INVENTARIO | N39: CABLEADO | O39: MES
K40: TIENDAS | L40: SI | M40: 0 | N40: SI | O40: ENERO
K41: =IF(MAESTRO!A1="","",MAESTRO!A1) -> ******SUCURSALES | L41: NO | M41: 1 | N41: NO | O41: FEBRERO
K42: =IF(MAESTRO!A2="","",MAESTRO!A2) -> LA CASA DE LA CAÑA, C.A. (T. ALTERNA) | M42: 2 | O42: MARZO
K43: =IF(MAESTRO!A3="","",MAESTRO!A3) -> LA CASA DE LA CAÑA, C.A. (T. ANACO) | M43: 3 | O43: ABRIL
K44: =IF(MAESTRO!A4="","",MAESTRO!A4) -> LA CASA DE LA CAÑA, C.A. (T. CUMANÁ) | M44: 4 | O44: MAYO
K45: =IF(MAESTRO!A5="","",MAESTRO!A5) -> LA CASA DE LA CAÑA, C.A. (T. MATURÍN I) | M45: 5 | O45: JUNIO
K46: =IF(MAESTRO!A6="","",MAESTRO!A6) -> LA CASA DE LA CAÑA, C.A. (T. MATURÍN II) | M46: 6 | O46: JULIO
K47: =IF(MAESTRO!A7="","",MAESTRO!A7) -> LA CASA DE LA CAÑA, C.A. (T. NVA. BARCELONA) | M47: 7 | O47: AGOSTO
K48: =IF(MAESTRO!A8="","",MAESTRO!A8) -> INVERSIONES CAÑANDONGA,C.A (T. CONEJERO) | M48: 8 | O48: SEPTIEMBRE
K49: =IF(MAESTRO!A9="","",MAESTRO!A9) -> OPERADORA EL MERCADO 2011, C.A. (T. MERCADO) | M49: 9 | O49: OCTUBRE
K50: =IF(MAESTRO!A10="","",MAESTRO!A10) -> OPERADORA EL PUENTE 2011, C.A. (T. PUENTE REAL) | M50: 10 | O50: NOVIEMBRE
K51: =IF(MAESTRO!A11="","",MAESTRO!A11) -> OPERADORA LECHERÍA 2011, C.A. (T. LECHERÍA) | M51: 11 | O51: DICIEMBRE
K52: =IF(MAESTRO!A12="","",MAESTRO!A12) -> OPERADORA PUERTO LA CRUZ 2011, C.A. (T. PUERTO LA CRUZ) | M52: 12
K53: =IF(MAESTRO!A13="","",MAESTRO!A13) -> OPERADORA PUERTO ORDAZ 2013, C.A.(T. PUERTO ORDAZ) | M53: 13
K54: =IF(MAESTRO!A14="","",MAESTRO!A14) -> OPERADORA LAS AMERICAS, C.A | M54: 14
K55: =IF(MAESTRO!A15="","",MAESTRO!A15) -> OPERADORA PLAZA DEL SOL 2015, C.A | M55: 15
K56: =IF(MAESTRO!A16="","",MAESTRO!A16) -> RELIVE, C.A. (T. CHUPARÍN)
K57: =IF(MAESTRO!A17="","",MAESTRO!A17) -> RELIVE, C.A. (T. TERRAZAS)
K58: =IF(MAESTRO!A18="","",MAESTRO!A18) -> RELIVE, C.A. (T. TIGRE II)
K59: =IF(MAESTRO!A19="","",MAESTRO!A19) -> RELIVE, C.A. (T. TIGRE III)
K60: =IF(MAESTRO!A20="","",MAESTRO!A20)
K61: =IF(MAESTRO!A21="","",MAESTRO!A21)

Sheet VEN
C1: CHECK LIST DE EXISTENCIA DE EQUIPOS EN TIENDAS | I1: Código: | J1: FO-MIS-03
I2: Revisión: | J2: 07 | K2: 42720
I3: Fecha: | J3: 42286
B5: SUCURSAL: | C5: OPERADORA VENECIA 2021, C.A (T. VENECIA) | H5: FECHA: | I5: 46157
A7: EQUIPOS
A8: Nº | B8: EQUIPOS | D8: INVENTARIO IDEAL | E8: INVENTARIO REAL | F8: EQUIPOS OPERATIVOS | G8: EFECTIVIDAD | H8: OBSERVACIONES
A9: 1 | B9: CPU | D9: 8 | E9: 8 | F9: 8 | G9: =IF(D9="","",IF(D9=0,"-",IF(F9>D9,"ERROR",IF(E9>D9,"ERROR",IF(E9<D9,0,IF(E9>F9,0,IF(F9=D9,1,0))))))) -> 1 | Q9: LA CASA DE LA CAÑA, C.A. (T. ALTERNA)
A10: 2 | B10: MOUSE | D10: 8 | E10: 8 | F10: 8 | G10: =IF(D10="","",IF(D10=0,"-",IF(F10>D10,"ERROR",IF(E10>D10,"ERROR",IF(E10<D10,0,IF(E10>F10,0,IF(F10=D10,1,0))))))) -> 1 | Q10: LA CASA DE LA CAÑA, C.A. (T. ANACO)
A11: 3 | B11: TECLADOS | D11: 8 | E11: 8 | F11: 8 | G11: =IF(D11="","",IF(D11=0,"-",IF(F11>D11,"ERROR",IF(E11>D11,"ERROR",IF(E11<D11,0,IF(E11>F11,0,IF(F11=D11,1,0))))))) -> 1 | Q11: LA CASA DE LA CAÑA, C.A. (T. NVA BARCELONA)
A12: 4 | B12: MONITORES | D12: 8 | E12: 8 | F12: 8 | G12: =IF(D12="","",IF(D12=0,"-",IF(F12>D12,"ERROR",IF(E12>D12,"ERROR",IF(E12<D12,0,IF(E12>F12,0,IF(F12=D12,1,0))))))) -> 1 | Q12: LA CASA DE LA CAÑA, C.A. (T. CUMANA)
A13: 5 | B13: REGULADORES | D13: 8 | E13: 8 | F13: 8 | G13: =IF(D13="","",IF(D13=0,"-",IF(F13>D13,"ERROR",IF(E13>D13,"ERROR",IF(E13<D13,0,IF(E13>F13,0,IF(F13=D13,1,0))))))) -> 1 | Q13: LA CASA DE LA CAÑA, C.A. (T. MATURIN I)
A14: 6 | B14: IMPRESORA MULTIFUNCIONAL | D14: 1 | E14: 1 | F14: 1 | G14: =IF(D14="","",IF(D14=0,"-",IF(F14>D14,"ERROR",IF(E14>D14,"ERROR",IF(E14<D14,0,IF(E14>F14,0,IF(F14=D14,1,0))))))) -> 1 | Q14: LA CASA DE LA CAÑA, C.A. (T. MATURIN II)
A15: 7 | B15: IMPRESORAS FISCALES | D15: 7 | E15: 7 | F15: 7 | G15: =IF(D15="","",IF(D15=0,"-",IF(F15>D15,"ERROR",IF(E15>D15,"ERROR",IF(E15<D15,0,IF(E15>F15,0,IF(F15=D15,1,0))))))) -> 1 | H15: SERIAL 1: | J15: Nº ULT. REPORTE Z: | Q15: LA CASA DE LA CAÑA, C.A. (T. FREITES)
H16: SERIAL 2: | J16: Nº ULT. REPORTE Z: | Q16: LA CASA DE LA CAÑA, C.A. (T. PUENTE)
H17: SERIAL 3: | J17: Nº ULT. REPORTE Z: | Q17: RELIVE, C.A. (T. CHUPARIN)
H18: SERIAL 4: | J18: Nº ULT. REPORTE Z: | Q18: RELIVE, C.A. (T. TERRAZAS)
H19: SERIAL 5: | J19: Nº ULT. REPORTE Z: | Q19: RELIVE, C.A. (T. TIGRE II)
H20: SERIAL 6: | J20: Nº ULT. REPORTE Z: | Q20: RELIVE, C.A. (T. TIGRE III)
H21: SERIAL 7: | J21: Nº ULT. REPORTE Z: | Q21: RELIVE, C.A. (T. PLC)
H22: SERIAL 8: | J22: Nº ULT. REPORTE Z: | Q22: RELIVE, C.A. (T. POZUELOS)
Q23: OPERADORA VENECIA 2021, C.A (T. VENECIA)
A24: 8 | B24: ROUTER | D24: 2 | E24: 2 | F24: 2 | G24: =IF(D24="","",IF(D24=0,"-",IF(F24>D24,"ERROR",IF(E24>D24,"ERROR",IF(E24<D24,0,IF(E24>F24,0,IF(F24=D24,1,0))))))) -> 1 | Q24: OPERADORA VENECIA 2021, C.A (T. BOLIVAR PLC)
A25: 9 | B25: SUICHE | D25: 3 | E25: 3 | F25: 3 | G25: =IF(D25="","",IF(D25=0,"-",IF(F25>D25,"ERROR",IF(E25>D25,"ERROR",IF(E25<D25,0,IF(E25>F25,0,IF(F25=D25,1,0))))))) -> 1 | Q25: OPERADORA VENECIA 2021, C.A (T. CHURCHILL)
A26: 10 | B26: ESCANER DE CODIGO DE BARRAS | D26: 8 | E26: 8 | F26: 8 | G26: =IF(D26="","",IF(D26=0,"-",IF(F26>D26,"ERROR",IF(E26>D26,"ERROR",IF(E26<D26,0,IF(E26>F26,0,IF(F26=D26,1,0))))))) -> 1 | Q26: OPERADORA VENECIA 2021, C.A (T. MANSION)
A27: 11 | B27: VISOR DE VENTA | D27: 3 | E27: 3 | F27: 3 | G27: =IF(D27="","",IF(D27=0,"-",IF(F27>D27,"ERROR",IF(E27>D27,"ERROR",IF(E27<D27,0,IF(E27>F27,0,IF(F27=D27,1,0))))))) -> 1 | Q27: OPERADORA LECHERIA 2011, C.A
A28: 12 | B28: DVR | D28: 1 | E28: 1 | F28: 1 | G28: =IF(D28="","",IF(D28=0,"-",IF(F28>D28,"ERROR",IF(E28>D28,"ERROR",IF(E28<D28,0,IF(E28>F28,0,IF(F28=D28,1,0))))))) -> 1
A29: 13 | B29: MODEM | D29: 1 | E29: 1 | F29: 1 | G29: =IF(D29="","",IF(D29=0,"-",IF(F29>D29,"ERROR",IF(E29>D29,"ERROR",IF(E29<D29,0,IF(E29>F29,0,IF(F29=D29,1,0))))))) -> 1
A30: 14 | B30: LIBROS DE IMPRESORAS FISCALES | D30: 7 | E30: 7 | F30: 7 | G30: =IF(D30="","",IF(D30=0,"-",IF(F30>D30,"ERROR",IF(E30>D30,"ERROR",IF(E30<D30,0,IF(E30>F30,0,IF(F30=D30,1,0))))))) -> 1
A31: TOTAL DE EFECTIVIDAD DE EQUIPOS | G31: =IFERROR(AVERAGE(G9:G29),"-") -> 1
A33: Realizado Por: | C33: Roger Salas
A34: Cargo | C34: Lider De Tienda
A36: NOTA: El check list de Existencia de Equipos en Tiendas debe ser enviado entre los 5 primeros días del mes, vía correo electrónico al grupo Sistemas, con copia al Director de Servicios de Control.
L40: HOUSE TICKET | M40: INVENTARIO | N40: CABLEADO | O40: MES
K41: TIENDAS | L41: SI | M41: 0 | N41: SI | O41: ENERO
K42: =IF(MAESTRO!A1="","",MAESTRO!A1) -> ******SUCURSALES | L42: NO | M42: 1 | N42: NO | O42: FEBRERO
K43: =IF(MAESTRO!A2="","",MAESTRO!A2) -> LA CASA DE LA CAÑA, C.A. (T. ALTERNA) | M43: 2 | O43: MARZO
K44: =IF(MAESTRO!A3="","",MAESTRO!A3) -> LA CASA DE LA CAÑA, C.A. (T. ANACO) | M44: 3 | O44: ABRIL
K45: =IF(MAESTRO!A4="","",MAESTRO!A4) -> LA CASA DE LA CAÑA, C.A. (T. CUMANÁ) | M45: 4 | O45: MAYO
K46: =IF(MAESTRO!A5="","",MAESTRO!A5) -> LA CASA DE LA CAÑA, C.A. (T. MATURÍN I) | M46: 5 | O46: JUNIO
K47: =IF(MAESTRO!A6="","",MAESTRO!A6) -> LA CASA DE LA CAÑA, C.A. (T. MATURÍN II) | M47: 6 | O47: JULIO
K48: =IF(MAESTRO!A7="","",MAESTRO!A7) -> LA CASA DE LA CAÑA, C.A. (T. NVA. BARCELONA) | M48: 7 | O48: AGOSTO
K49: =IF(MAESTRO!A8="","",MAESTRO!A8) -> INVERSIONES CAÑANDONGA,C.A (T. CONEJERO) | M49: 8 | O49: SEPTIEMBRE
K50: =IF(MAESTRO!A9="","",MAESTRO!A9) -> OPERADORA EL MERCADO 2011, C.A. (T. MERCADO) | M50: 9 | O50: OCTUBRE
K51: =IF(MAESTRO!A10="","",MAESTRO!A10) -> OPERADORA EL PUENTE 2011, C.A. (T. PUENTE REAL) | M51: 10 | O51: NOVIEMBRE
K52: =IF(MAESTRO!A11="","",MAESTRO!A11) -> OPERADORA LECHERÍA 2011, C.A. (T. LECHERÍA) | M52: 11 | O52: DICIEMBRE
K53: =IF(MAESTRO!A12="","",MAESTRO!A12) -> OPERADORA PUERTO LA CRUZ 2011, C.A. (T. PUERTO LA CRUZ) | M53: 12
K54: =IF(MAESTRO!A13="","",MAESTRO!A13) -> OPERADORA PUERTO ORDAZ 2013, C.A.(T. PUERTO ORDAZ) | M54: 13
K55: =IF(MAESTRO!A14="","",MAESTRO!A14) -> OPERADORA LAS AMERICAS, C.A | M55: 14
K56: =IF(MAESTRO!A15="","",MAESTRO!A15) -> OPERADORA PLAZA DEL SOL 2015, C.A | M56: 15
K57: =IF(MAESTRO!A16="","",MAESTRO!A16) -> RELIVE, C.A. (T. CHUPARÍN)
K58: =IF(MAESTRO!A17="","",MAESTRO!A17) -> RELIVE, C.A. (T. TERRAZAS)
K59: =IF(MAESTRO!A18="","",MAESTRO!A18) -> RELIVE, C.A. (T. TIGRE II)
K60: =IF(MAESTRO!A19="","",MAESTRO!A19) -> RELIVE, C.A. (T. TIGRE III)
K62: =IF(MAESTRO!A21="","",MAESTRO!A21)

Sheet RED
C1: CHECK LIST DE EXISTENCIA DE EQUIPOS EN TIENDAS | I1: Código: | J1: FO-MIS-03
I2: Revisión: | J2: 07 | K2: 42720
I3: Fecha: | J3: 42286
B5: SUCURSAL: | C5: OPERADORA VENECIA 2021, C.A (T. REDOMA) | H5: FECHA: | I5: 46157
A7: EQUIPOS
A8: Nº | B8: EQUIPOS | D8: INVENTARIO IDEAL | E8: INVENTARIO REAL | F8: EQUIPOS OPERATIVOS | G8: EFECTIVIDAD | H8: OBSERVACIONES
A9: 1 | B9: CPU | D9: 5 | E9: 5 | F9: 5 | G9: =IF(D9="","",IF(D9=0,"-",IF(F9>D9,"ERROR",IF(E9>D9,"ERROR",IF(E9<D9,0,IF(E9>F9,0,IF(F9=D9,1,0))))))) -> 1 | R9: LA CASA DE LA CAÑA, C.A. (T. ALTERNA)
A10: 2 | B10: MOUSE | D10: 5 | E10: 5 | F10: 5 | G10: =IF(D10="","",IF(D10=0,"-",IF(F10>D10,"ERROR",IF(E10>D10,"ERROR",IF(E10<D10,0,IF(E10>F10,0,IF(F10=D10,1,0))))))) -> 1 | R10: LA CASA DE LA CAÑA, C.A. (T. ANACO)
A11: 3 | B11: TECLADOS | D11: 5 | E11: 5 | F11: 5 | G11: =IF(D11="","",IF(D11=0,"-",IF(F11>D11,"ERROR",IF(E11>D11,"ERROR",IF(E11<D11,0,IF(E11>F11,0,IF(F11=D11,1,0))))))) -> 1 | R11: LA CASA DE LA CAÑA, C.A. (T. NVA BARCELONA)
A12: 4 | B12: MONITORES | D12: 5 | E12: 5 | F12: 5 | G12: =IF(D12="","",IF(D12=0,"-",IF(F12>D12,"ERROR",IF(E12>D12,"ERROR",IF(E12<D12,0,IF(E12>F12,0,IF(F12=D12,1,0))))))) -> 1 | R12: LA CASA DE LA CAÑA, C.A. (T. CUMANA)
A13: 5 | B13: REGULADORES | D13: 5 | E13: 5 | F13: 5 | G13: =IF(D13="","",IF(D13=0,"-",IF(F13>D13,"ERROR",IF(E13>D13,"ERROR",IF(E13<D13,0,IF(E13>F13,0,IF(F13=D13,1,0))))))) -> 1 | R13: LA CASA DE LA CAÑA, C.A. (T. MATURIN I)
A14: 6 | B14: IMPRESORA MULTIFUNCIONAL | D14: 1 | E14: 1 | F14: 1 | G14: =IF(D14="","",IF(D14=0,"-",IF(F14>D14,"ERROR",IF(E14>D14,"ERROR",IF(E14<D14,0,IF(E14>F14,0,IF(F14=D14,1,0))))))) -> 1 | R14: LA CASA DE LA CAÑA, C.A. (T. MATURIN II)
A15: 7 | B15: IMPRESORAS FISCALES | D15: 5 | E15: 5 | F15: 5 | G15: =IF(D15="","",IF(D15=0,"-",IF(F15>D15,"ERROR",IF(E15>D15,"ERROR",IF(E15<D15,0,IF(E15>F15,0,IF(F15=D15,1,0))))))) -> 1 | H15: SERIAL 1: | J15: Nº ULT. REPORTE Z: | R15: LA CASA DE LA CAÑA, C.A. (T. FREITES)
H16: SERIAL 2: | J16: Nº ULT. REPORTE Z: | R16: LA CASA DE LA CAÑA, C.A. (T. PUENTE)
H17: SERIAL 3: | J17: Nº ULT. REPORTE Z: | R17: RELIVE, C.A. (T. CHUPARIN)
H18: SERIAL 4: | J18: Nº ULT. REPORTE Z: | R18: RELIVE, C.A. (T. TERRAZAS)
H19: SERIAL 5: | J19: Nº ULT. REPORTE Z: | R19: RELIVE, C.A. (T. TIGRE II)
H20: SERIAL 6: | J20: Nº ULT. REPORTE Z: | R20: RELIVE, C.A. (T. TIGRE III)
H21: SERIAL 7: | J21: Nº ULT. REPORTE Z: | R21: RELIVE, C.A. (T. PLC)
H22: 2 comanderas | R22: RELIVE, C.A. (T. POZUELOS)
A23: 8 | B23: ROUTER | D23: 1 | E23: 1 | F23: 1 | G23: =IF(D23="","",IF(D23=0,"-",IF(F23>D23,"ERROR",IF(E23>D23,"ERROR",IF(E23<D23,0,IF(E23>F23,0,IF(F23=D23,1,0))))))) -> 1 | R23: OPERADORA VENECIA 2021, C.A (T. VENECIA)
A24: 9 | B24: SUICHE | D24: 2 | E24: 2 | F24: 2 | G24: =IF(D24="","",IF(D24=0,"-",IF(F24>D24,"ERROR",IF(E24>D24,"ERROR",IF(E24<D24,0,IF(E24>F24,0,IF(F24=D24,1,0))))))) -> 1 | R24: OPERADORA VENECIA 2021, C.A (T. BOLIVAR PLC)
A25: 10 | B25: ESCANER DE CODIGO DE BARRAS | D25: 5 | E25: 5 | F25: 5 | G25: =IF(D25="","",IF(D25=0,"-",IF(F25>D25,"ERROR",IF(E25>D25,"ERROR",IF(E25<D25,0,IF(E25>F25,0,IF(F25=D25,1,0))))))) -> 1 | R25: OPERADORA VENECIA 2021, C.A (T. CHURCHILL)
A26: 11 | B26: VISOR DE VENTA | D26: 2 | E26: 2 | F26: 2 | G26: =IF(D26="","",IF(D26=0,"-",IF(F26>D26,"ERROR",IF(E26>D26,"ERROR",IF(E26<D26,0,IF(E26>F26,0,IF(F26=D26,1,0))))))) -> 1 | R26: OPERADORA VENECIA 2021, C.A (T. MANSION)
A27: 12 | B27: DVR | D27: 1 | E27: 1 | F27: 1 | G27: =IF(D27="","",IF(D27=0,"-",IF(F27>D27,"ERROR",IF(E27>D27,"ERROR",IF(E27<D27,0,IF(E27>F27,0,IF(F27=D27,1,0))))))) -> 1 | R27: OPERADORA LECHERIA 2011, C.A
A28: 13 | B28: MODEM | D28: 1 | E28: 1 | F28: 1 | G28: =IF(D28="","",IF(D28=0,"-",IF(F28>D28,"ERROR",IF(E28>D28,"ERROR",IF(E28<D28,0,IF(E28>F28,0,IF(F28=D28,1,0))))))) -> 1 | R28: OPERADORA VENECIA 2021, C.A (T. REDOMA)
A29: 14 | B29: LIBROS DE IMPRESORAS FISCALES | D29: 5 | E29: 5 | F29: 5 | G29: =IF(D29="","",IF(D29=0,"-",IF(F29>D29,"ERROR",IF(E29>D29,"ERROR",IF(E29<D29,0,IF(E29>F29,0,IF(F29=D29,1,0))))))) -> 1
A30: TOTAL DE EFECTIVIDAD DE EQUIPOS | G30: =IFERROR(AVERAGE(G9:G28),"-") -> 1
A32: Realizado Por: | C32: Ramon Trocelt
A33: Cargo | C33: Lider Tienda
A35: NOTA: El check list de Existencia de Equipos en Tiendas debe ser enviado entre los 5 primeros días del mes, vía correo electrónico al grupo Sistemas, con copia al Director de Servicios de Control.
L39: HOUSE TICKET | M39: INVENTARIO | N39: CABLEADO | O39: MES
K40: TIENDAS | L40: SI | M40: 0 | N40: SI | O40: ENERO
K41: =IF(MAESTRO!A1="","",MAESTRO!A1) -> ******SUCURSALES | L41: NO | M41: 1 | N41: NO | O41: FEBRERO
K42: =IF(MAESTRO!A2="","",MAESTRO!A2) -> LA CASA DE LA CAÑA, C.A. (T. ALTERNA) | M42: 2 | O42: MARZO
K43: =IF(MAESTRO!A3="","",MAESTRO!A3) -> LA CASA DE LA CAÑA, C.A. (T. ANACO) | M43: 3 | O43: ABRIL
K44: =IF(MAESTRO!A4="","",MAESTRO!A4) -> LA CASA DE LA CAÑA, C.A. (T. CUMANÁ) | M44: 4 | O44: MAYO
K45: =IF(MAESTRO!A5="","",MAESTRO!A5) -> LA CASA DE LA CAÑA, C.A. (T. MATURÍN I) | M45: 5 | O45: JUNIO
K46: =IF(MAESTRO!A6="","",MAESTRO!A6) -> LA CASA DE LA CAÑA, C.A. (T. MATURÍN II) | M46: 6 | O46: JULIO
K47: =IF(MAESTRO!A7="","",MAESTRO!A7) -> LA CASA DE LA CAÑA, C.A. (T. NVA. BARCELONA) | M47: 7 | O47: AGOSTO
K48: =IF(MAESTRO!A8="","",MAESTRO!A8) -> INVERSIONES CAÑANDONGA,C.A (T. CONEJERO) | M48: 8 | O48: SEPTIEMBRE
K49: =IF(MAESTRO!A9="","",MAESTRO!A9) -> OPERADORA EL MERCADO 2011, C.A. (T. MERCADO) | M49: 9 | O49: OCTUBRE
K50: =IF(MAESTRO!A10="","",MAESTRO!A10) -> OPERADORA EL PUENTE 2011, C.A. (T. PUENTE REAL) | M50: 10 | O50: NOVIEMBRE
K51: =IF(MAESTRO!A11="","",MAESTRO!A11) -> OPERADORA LECHERÍA 2011, C.A. (T. LECHERÍA) | M51: 11 | O51: DICIEMBRE
K52: =IF(MAESTRO!A12="","",MAESTRO!A12) -> OPERADORA PUERTO LA CRUZ 2011, C.A. (T. PUERTO LA CRUZ) | M52: 12
K53: =IF(MAESTRO!A13="","",MAESTRO!A13) -> OPERADORA PUERTO ORDAZ 2013, C.A.(T. PUERTO ORDAZ) | M53: 13
K54: =IF(MAESTRO!A14="","",MAESTRO!A14) -> OPERADORA LAS AMERICAS, C.A | M54: 14
K55: =IF(MAESTRO!A15="","",MAESTRO!A15) -> OPERADORA PLAZA DEL SOL 2015, C.A | M55: 15
K56: =IF(MAESTRO!A16="","",MAESTRO!A16) -> RELIVE, C.A. (T. CHUPARÍN)
K57: =IF(MAESTRO!A17="","",MAESTRO!A17) -> RELIVE, C.A. (T. TERRAZAS)
K58: =IF(MAESTRO!A18="","",MAESTRO!A18) -> RELIVE, C.A. (T. TIGRE II)
K59: =IF(MAESTRO!A19="","",MAESTRO!A19) -> RELIVE, C.A. (T. TIGRE III)
K60: =IF(MAESTRO!A20="","",MAESTRO!A20)
K61: =IF(MAESTRO!A21="","",MAESTRO!A21)

Sheet BOLPLC
C1: CHECK LIST DE EXISTENCIA DE EQUIPOS EN TIENDAS | I1: Código: | J1: FO-MIS-03
I2: Revisión: | J2: 07 | K2: 42720
I3: Fecha: | J3: 42286
B5: SUCURSAL: | C5: OPERADORA VENECIA 2021, C.A (T. BOLIVAR PLC) | H5: FECHA: | I5: 46157
A7: EQUIPOS
A8: Nº | B8: EQUIPOS | D8: INVENTARIO IDEAL | E8: INVENTARIO REAL | F8: EQUIPOS OPERATIVOS | G8: EFECTIVIDAD | H8: OBSERVACIONES
A9: 1 | B9: CPU | D9: 3 | E9: 3 | F9: 3 | G9: =IF(D9="","",IF(D9=0,"-",IF(F9>D9,"ERROR",IF(E9>D9,"ERROR",IF(E9<D9,0,IF(E9>F9,0,IF(F9=D9,1,0))))))) -> 1 | Q9: LA CASA DE LA CAÑA, C.A. (T. ALTERNA)
A10: 2 | B10: MOUSE | D10: 3 | E10: 3 | F10: 3 | G10: =IF(D10="","",IF(D10=0,"-",IF(F10>D10,"ERROR",IF(E10>D10,"ERROR",IF(E10<D10,0,IF(E10>F10,0,IF(F10=D10,1,0))))))) -> 1 | Q10: LA CASA DE LA CAÑA, C.A. (T. ANACO)
A11: 3 | B11: TECLADOS | D11: 3 | E11: 3 | F11: 3 | G11: =IF(D11="","",IF(D11=0,"-",IF(F11>D11,"ERROR",IF(E11>D11,"ERROR",IF(E11<D11,0,IF(E11>F11,0,IF(F11=D11,1,0))))))) -> 1 | Q11: LA CASA DE LA CAÑA, C.A. (T. NVA BARCELONA)
A12: 4 | B12: MONITORES | D12: 3 | E12: 3 | F12: 3 | G12: =IF(D12="","",IF(D12=0,"-",IF(F12>D12,"ERROR",IF(E12>D12,"ERROR",IF(E12<D12,0,IF(E12>F12,0,IF(F12=D12,1,0))))))) -> 1 | Q12: LA CASA DE LA CAÑA, C.A. (T. CUMANA)
A13: 5 | B13: REGULADORES | D13: 3 | E13: 3 | F13: 3 | G13: =IF(D13="","",IF(D13=0,"-",IF(F13>D13,"ERROR",IF(E13>D13,"ERROR",IF(E13<D13,0,IF(E13>F13,0,IF(F13=D13,1,0))))))) -> 1 | Q13: LA CASA DE LA CAÑA, C.A. (T. MATURIN I)
A14: 6 | B14: IMPRESORA MULTIFUNCIONAL | D14: 1 | E14: 1 | F14: 1 | G14: =IF(D14="","",IF(D14=0,"-",IF(F14>D14,"ERROR",IF(E14>D14,"ERROR",IF(E14<D14,0,IF(E14>F14,0,IF(F14=D14,1,0))))))) -> 1 | Q14: LA CASA DE LA CAÑA, C.A. (T. MATURIN II)
A15: 7 | B15: IMPRESORAS FISCALES | D15: 2 | E15: 2 | F15: 2 | G15: =IF(D15="","",IF(D15=0,"-",IF(F15>D15,"ERROR",IF(E15>D15,"ERROR",IF(E15<D15,0,IF(E15>F15,0,IF(F15=D15,1,0))))))) -> 1 | H15: SERIAL 1: | J15: Nº ULT. REPORTE Z: | Q15: LA CASA DE LA CAÑA, C.A. (T. FREITES)
H16: SERIAL 2: | J16: Nº ULT. REPORTE Z: | Q16: LA CASA DE LA CAÑA, C.A. (T. PUENTE)
H17: SERIAL 3: | J17: Nº ULT. REPORTE Z: | Q17: RELIVE, C.A. (T. CHUPARIN)
H18: SERIAL 4: | J18: Nº ULT. REPORTE Z: | Q18: RELIVE, C.A. (T. TERRAZAS)
H19: SERIAL 5: | J19: Nº ULT. REPORTE Z: | Q19: RELIVE, C.A. (T. TIGRE II)
H20: SERIAL 6: | J20: Nº ULT. REPORTE Z: | Q20: RELIVE, C.A. (T. TIGRE III)
H21: SERIAL 7: | J21: Nº ULT. REPORTE Z: | Q21: RELIVE, C.A. (T. PLC)
Q22: RELIVE, C.A. (T. POZUELOS)
A23: 8 | B23: ROUTER | D23: 1 | E23: 1 | F23: 1 | G23: =IF(D23="","",IF(D23=0,"-",IF(F23>D23,"ERROR",IF(E23>D23,"ERROR",IF(E23<D23,0,IF(E23>F23,0,IF(F23=D23,1,0))))))) -> 1 | Q23: OPERADORA VENECIA 2021, C.A (T. VENECIA)
A24: 9 | B24: SUICHE | D24: 2 | E24: 2 | F24: 2 | G24: =IF(D24="","",IF(D24=0,"-",IF(F24>D24,"ERROR",IF(E24>D24,"ERROR",IF(E24<D24,0,IF(E24>F24,0,IF(F24=D24,1,0))))))) -> 1 | Q24: OPERADORA VENECIA 2021, C.A (T. BOLIVAR PLC)
A25: 10 | B25: ESCANER DE CODIGO DE BARRAS | D25: 3 | E25: 3 | F25: 3 | G25: =IF(D25="","",IF(D25=0,"-",IF(F25>D25,"ERROR",IF(E25>D25,"ERROR",IF(E25<D25,0,IF(E25>F25,0,IF(F25=D25,1,0))))))) -> 1 | Q25: OPERADORA VENECIA 2021, C.A (T. CHURCHILL)
A26: 11 | B26: VISOR DE VENTA | D26: 1 | E26: 1 | F26: 1 | G26: =IF(D26="","",IF(D26=0,"-",IF(F26>D26,"ERROR",IF(E26>D26,"ERROR",IF(E26<D26,0,IF(E26>F26,0,IF(F26=D26,1,0))))))) -> 1 | Q26: OPERADORA VENECIA 2021, C.A (T. MANSION)
A27: 12 | B27: DVR | D27: 1 | E27: 1 | F27: 1 | G27: =IF(D27="","",IF(D27=0,"-",IF(F27>D27,"ERROR",IF(E27>D27,"ERROR",IF(E27<D27,0,IF(E27>F27,0,IF(F27=D27,1,0))))))) -> 1 | Q27: OPERADORA LECHERIA 2011, C.A
A28: 13 | B28: MODEM | D28: 1 | E28: 1 | F28: 1 | G28: =IF(D28="","",IF(D28=0,"-",IF(F28>D28,"ERROR",IF(E28>D28,"ERROR",IF(E28<D28,0,IF(E28>F28,0,IF(F28=D28,1,0))))))) -> 1
A29: 14 | B29: LIBROS DE IMPRESORAS FISCALES | D29: 2 | E29: 2 | F29: 2 | G29: =IF(D29="","",IF(D29=0,"-",IF(F29>D29,"ERROR",IF(E29>D29,"ERROR",IF(E29<D29,0,IF(E29>F29,0,IF(F29=D29,1,0))))))) -> 1
A30: TOTAL DE EFECTIVIDAD DE EQUIPOS | G30: =IFERROR(AVERAGE(G9:G28),"-") -> 1
A32: Realizado Por: | C32: Jhon Gonzalez
A33: Cargo | C33: Lider Tienda
A35: NOTA: El check list de Existencia de Equipos en Tiendas debe ser enviado entre los 5 primeros días del mes, vía correo electrónico al grupo Sistemas, con copia al Director de Servicios de Control.
L39: HOUSE TICKET | M39: INVENTARIO | N39: CABLEADO | O39: MES
K40: TIENDAS | L40: SI | M40: 0 | N40: SI | O40: ENERO
K41: =IF(MAESTRO!A1="","",MAESTRO!A1) -> ******SUCURSALES | L41: NO | M41: 1 | N41: NO | O41: FEBRERO
K42: =IF(MAESTRO!A2="","",MAESTRO!A2) -> LA CASA DE LA CAÑA, C.A. (T. ALTERNA) | M42: 2 | O42: MARZO
K43: =IF(MAESTRO!A3="","",MAESTRO!A3) -> LA CASA DE LA CAÑA, C.A. (T. ANACO) | M43: 3 | O43: ABRIL
K44: =IF(MAESTRO!A4="","",MAESTRO!A4) -> LA CASA DE LA CAÑA, C.A. (T. CUMANÁ) | M44: 4 | O44: MAYO
K45: =IF(MAESTRO!A5="","",MAESTRO!A5) -> LA CASA DE LA CAÑA, C.A. (T. MATURÍN I) | M45: 5 | O45: JUNIO
K46: =IF(MAESTRO!A6="","",MAESTRO!A6) -> LA CASA DE LA CAÑA, C.A. (T. MATURÍN II) | M46: 6 | O46: JULIO
K47: =IF(MAESTRO!A7="","",MAESTRO!A7) -> LA CASA DE LA CAÑA, C.A. (T. NVA. BARCELONA) | M47: 7 | O47: AGOSTO
K48: =IF(MAESTRO!A8="","",MAESTRO!A8) -> INVERSIONES CAÑANDONGA,C.A (T. CONEJERO) | M48: 8 | O48: SEPTIEMBRE
K49: =IF(MAESTRO!A9="","",MAESTRO!A9) -> OPERADORA EL MERCADO 2011, C.A. (T. MERCADO) | M49: 9 | O49: OCTUBRE
K50: =IF(MAESTRO!A10="","",MAESTRO!A10) -> OPERADORA EL PUENTE 2011, C.A. (T. PUENTE REAL) | M50: 10 | O50: NOVIEMBRE
K51: =IF(MAESTRO!A11="","",MAESTRO!A11) -> OPERADORA LECHERÍA 2011, C.A. (T. LECHERÍA) | M51: 11 | O51: DICIEMBRE
K52: =IF(MAESTRO!A12="","",MAESTRO!A12) -> OPERADORA PUERTO LA CRUZ 2011, C.A. (T. PUERTO LA CRUZ) | M52: 12
K53: =IF(MAESTRO!A13="","",MAESTRO!A13) -> OPERADORA PUERTO ORDAZ 2013, C.A.(T. PUERTO ORDAZ) | M53: 13
K54: =IF(MAESTRO!A14="","",MAESTRO!A14) -> OPERADORA LAS AMERICAS, C.A | M54: 14
K55: =IF(MAESTRO!A15="","",MAESTRO!A15) -> OPERADORA PLAZA DEL SOL 2015, C.A | M55: 15
K56: =IF(MAESTRO!A16="","",MAESTRO!A16) -> RELIVE, C.A. (T. CHUPARÍN)
K57: =IF(MAESTRO!A17="","",MAESTRO!A17) -> RELIVE, C.A. (T. TERRAZAS)
K58: =IF(MAESTRO!A18="","",MAESTRO!A18) -> RELIVE, C.A. (T. TIGRE II)
K59: =IF(MAESTRO!A19="","",MAESTRO!A19) -> RELIVE, C.A. (T. TIGRE III)
K60: =IF(MAESTRO!A20="","",MAESTRO!A20)
K61: =IF(MAESTRO!A21="","",MAESTRO!A21)

Sheet CHUR
C1: CHECK LIST DE EXISTENCIA DE EQUIPOS EN TIENDAS | I1: Código: | J1: FO-MIS-03
I2: Revisión: | J2: 07 | K2: 42720
I3: Fecha: | J3: 42286
B5: SUCURSAL: | C5: OPERADORA VENECIA 2021, C.A (T. CHURCHILL) | H5: FECHA: | I5: 46157
A7: EQUIPOS
A8: Nº | B8: EQUIPOS | D8: INVENTARIO IDEAL | E8: INVENTARIO REAL | F8: EQUIPOS OPERATIVOS | G8: EFECTIVIDAD | H8: OBSERVACIONES
A9: 1 | B9: CPU | D9: 4 | E9: 4 | F9: 4 | G9: =IF(D9="","",IF(D9=0,"-",IF(F9>D9,"ERROR",IF(E9>D9,"ERROR",IF(E9<D9,0,IF(E9>F9,0,IF(F9=D9,1,0))))))) -> 1 | R9: LA CASA DE LA CAÑA, C.A. (T. ALTERNA)
A10: 2 | B10: MOUSE | D10: 4 | E10: 4 | F10: 4 | G10: =IF(D10="","",IF(D10=0,"-",IF(F10>D10,"ERROR",IF(E10>D10,"ERROR",IF(E10<D10,0,IF(E10>F10,0,IF(F10=D10,1,0))))))) -> 1 | R10: LA CASA DE LA CAÑA, C.A. (T. ANACO)
A11: 3 | B11: TECLADOS | D11: 4 | E11: 4 | F11: 4 | G11: =IF(D11="","",IF(D11=0,"-",IF(F11>D11,"ERROR",IF(E11>D11,"ERROR",IF(E11<D11,0,IF(E11>F11,0,IF(F11=D11,1,0))))))) -> 1 | R11: LA CASA DE LA CAÑA, C.A. (T. NVA BARCELONA)
A12: 4 | B12: MONITORES | D12: 4 | E12: 4 | F12: 4 | G12: =IF(D12="","",IF(D12=0,"-",IF(F12>D12,"ERROR",IF(E12>D12,"ERROR",IF(E12<D12,0,IF(E12>F12,0,IF(F12=D12,1,0))))))) -> 1 | R12: LA CASA DE LA CAÑA, C.A. (T. CUMANA)
A13: 5 | B13: REGULADORES | D13: 4 | E13: 4 | F13: 4 | G13: =IF(D13="","",IF(D13=0,"-",IF(F13>D13,"ERROR",IF(E13>D13,"ERROR",IF(E13<D13,0,IF(E13>F13,0,IF(F13=D13,1,0))))))) -> 1 | R13: LA CASA DE LA CAÑA, C.A. (T. MATURIN I)
A14: 6 | B14: IMPRESORA MULTIFUNCIONAL | D14: 1 | E14: 1 | F14: 1 | G14: =IF(D14="","",IF(D14=0,"-",IF(F14>D14,"ERROR",IF(E14>D14,"ERROR",IF(E14<D14,0,IF(E14>F14,0,IF(F14=D14,1,0))))))) -> 1 | R14: LA CASA DE LA CAÑA, C.A. (T. MATURIN II)
A15: 7 | B15: IMPRESORAS FISCALES | D15: 3 | E15: 3 | F15: 3 | G15: =IF(D15="","",IF(D15=0,"-",IF(F15>D15,"ERROR",IF(E15>D15,"ERROR",IF(E15<D15,0,IF(E15>F15,0,IF(F15=D15,1,0))))))) -> 1 | H15: SERIAL 1: | J15: Nº ULT. REPORTE Z: | R15: LA CASA DE LA CAÑA, C.A. (T. FREITES)
H16: SERIAL 2: | J16: Nº ULT. REPORTE Z: | R16: LA CASA DE LA CAÑA, C.A. (T. PUENTE)
H17: SERIAL 3: | J17: Nº ULT. REPORTE Z: | R17: RELIVE, C.A. (T. CHUPARIN)
H18: SERIAL 4: | J18: Nº ULT. REPORTE Z: | R18: RELIVE, C.A. (T. TERRAZAS)
H19: SERIAL 5: | J19: Nº ULT. REPORTE Z: | R19: RELIVE, C.A. (T. TIGRE II)
H20: SERIAL 6: | J20: Nº ULT. REPORTE Z: | R20: RELIVE, C.A. (T. TIGRE III)
H21: SERIAL 7: | J21: Nº ULT. REPORTE Z: | R21: RELIVE, C.A. (T. PLC)
R22: RELIVE, C.A. (T. POZUELOS)
A23: 8 | B23: ROUTER | D23: 1 | E23: 1 | F23: 1 | G23: =IF(D23="","",IF(D23=0,"-",IF(F23>D23,"ERROR",IF(E23>D23,"ERROR",IF(E23<D23,0,IF(E23>F23,0,IF(F23=D23,1,0))))))) -> 1 | R23: OPERADORA VENECIA 2021, C.A (T. VENECIA)
A24: 9 | B24: SUICHE | D24: 2 | E24: 2 | F24: 2 | G24: =IF(D24="","",IF(D24=0,"-",IF(F24>D24,"ERROR",IF(E24>D24,"ERROR",IF(E24<D24,0,IF(E24>F24,0,IF(F24=D24,1,0))))))) -> 1 | R24: OPERADORA VENECIA 2021, C.A (T. BOLIVAR PLC)
A25: 10 | B25: ESCANER DE CODIGO DE BARRAS | D25: 4 | E25: 4 | F25: 4 | G25: =IF(D25="","",IF(D25=0,"-",IF(F25>D25,"ERROR",IF(E25>D25,"ERROR",IF(E25<D25,0,IF(E25>F25,0,IF(F25=D25,1,0))))))) -> 1 | R25: OPERADORA VENECIA 2021, C.A (T. CHURCHILL)
A26: 11 | B26: VISOR DE VENTA | D26: 1 | E26: 1 | F26: 1 | G26: =IF(D26="","",IF(D26=0,"-",IF(F26>D26,"ERROR",IF(E26>D26,"ERROR",IF(E26<D26,0,IF(E26>F26,0,IF(F26=D26,1,0))))))) -> 1 | R26: OPERADORA VENECIA 2021, C.A (T. MANSION)
A27: 12 | B27: DVR | D27: 1 | E27: 1 | F27: 1 | G27: =IF(D27="","",IF(D27=0,"-",IF(F27>D27,"ERROR",IF(E27>D27,"ERROR",IF(E27<D27,0,IF(E27>F27,0,IF(F27=D27,1,0))))))) -> 1 | R27: OPERADORA LECHERIA 2011, C.A
A28: 13 | B28: MODEM | D28: 1 | E28: 1 | F28: 1 | G28: =IF(D28="","",IF(D28=0,"-",IF(F28>D28,"ERROR",IF(E28>D28,"ERROR",IF(E28<D28,0,IF(E28>F28,0,IF(F28=D28,1,0))))))) -> 1
A29: 14 | B29: LIBROS DE IMPRESORAS FISCALES | D29: 3 | E29: 3 | F29: 3 | G29: =IF(D29="","",IF(D29=0,"-",IF(F29>D29,"ERROR",IF(E29>D29,"ERROR",IF(E29<D29,0,IF(E29>F29,0,IF(F29=D29,1,0))))))) -> 1
A30: TOTAL DE EFECTIVIDAD DE EQUIPOS | G30: =IFERROR(AVERAGE(G9:G28),"-") -> 1
A32: Realizado Por: | C32: Sergio Perez
A33: Cargo | C33: Lider Tienda
A35: NOTA: El check list de Existencia de Equipos en Tiendas debe ser enviado entre los 5 primeros días del mes, vía correo electrónico al grupo Sistemas, con copia al Director de Servicios de Control.
L39: HOUSE TICKET | M39: INVENTARIO | N39: CABLEADO | O39: MES
K40: TIENDAS | L40: SI | M40: 0 | N40: SI | O40: ENERO
K41: =IF(MAESTRO!A1="","",MAESTRO!A1) -> ******SUCURSALES | L41: NO | M41: 1 | N41: NO | O41: FEBRERO
K42: =IF(MAESTRO!A2="","",MAESTRO!A2) -> LA CASA DE LA CAÑA, C.A. (T. ALTERNA) | M42: 2 | O42: MARZO
K43: =IF(MAESTRO!A3="","",MAESTRO!A3) -> LA CASA DE LA CAÑA, C.A. (T. ANACO) | M43: 3 | O43: ABRIL
K44: =IF(MAESTRO!A4="","",MAESTRO!A4) -> LA CASA DE LA CAÑA, C.A. (T. CUMANÁ) | M44: 4 | O44: MAYO
K45: =IF(MAESTRO!A5="","",MAESTRO!A5) -> LA CASA DE LA CAÑA, C.A. (T. MATURÍN I) | M45: 5 | O45: JUNIO
K46: =IF(MAESTRO!A6="","",MAESTRO!A6) -> LA CASA DE LA CAÑA, C.A. (T. MATURÍN II) | M46: 6 | O46: JULIO
K47: =IF(MAESTRO!A7="","",MAESTRO!A7) -> LA CASA DE LA CAÑA, C.A. (T. NVA. BARCELONA) | M47: 7 | O47: AGOSTO
K48: =IF(MAESTRO!A8="","",MAESTRO!A8) -> INVERSIONES CAÑANDONGA,C.A (T. CONEJERO) | M48: 8 | O48: SEPTIEMBRE
K49: =IF(MAESTRO!A9="","",MAESTRO!A9) -> OPERADORA EL MERCADO 2011, C.A. (T. MERCADO) | M49: 9 | O49: OCTUBRE
K50: =IF(MAESTRO!A10="","",MAESTRO!A10) -> OPERADORA EL PUENTE 2011, C.A. (T. PUENTE REAL) | M50: 10 | O50: NOVIEMBRE
K51: =IF(MAESTRO!A11="","",MAESTRO!A11) -> OPERADORA LECHERÍA 2011, C.A. (T. LECHERÍA) | M51: 11 | O51: DICIEMBRE
K52: =IF(MAESTRO!A12="","",MAESTRO!A12) -> OPERADORA PUERTO LA CRUZ 2011, C.A. (T. PUERTO LA CRUZ) | M52: 12
K53: =IF(MAESTRO!A13="","",MAESTRO!A13) -> OPERADORA PUERTO ORDAZ 2013, C.A.(T. PUERTO ORDAZ) | M53: 13
K54: =IF(MAESTRO!A14="","",MAESTRO!A14) -> OPERADORA LAS AMERICAS, C.A | M54: 14
K55: =IF(MAESTRO!A15="","",MAESTRO!A15) -> OPERADORA PLAZA DEL SOL 2015, C.A | M55: 15
K56: =IF(MAESTRO!A16="","",MAESTRO!A16) -> RELIVE, C.A. (T. CHUPARÍN)
K57: =IF(MAESTRO!A17="","",MAESTRO!A17) -> RELIVE, C.A. (T. TERRAZAS)
K58: =IF(MAESTRO!A18="","",MAESTRO!A18) -> RELIVE, C.A. (T. TIGRE II)
K59: =IF(MAESTRO!A19="","",MAESTRO!A19) -> RELIVE, C.A. (T. TIGRE III)
K60: =IF(MAESTRO!A20="","",MAESTRO!A20)
K61: =IF(MAESTRO!A21="","",MAESTRO!A21)

Sheet MANS
C1: CHECK LIST DE EXISTENCIA DE EQUIPOS EN TIENDAS | I1: Código: | J1: FO-MIS-03
I2: Revisión: | J2: 07 | K2: 42720
I3: Fecha: | J3: 42286
B5: SUCURSAL: | C5: OPERADORA VENECIA 2021, C.A (T. MANSION) | H5: FECHA: | I5: 46157
A7: EQUIPOS
A8: Nº | B8: EQUIPOS | D8: INVENTARIO IDEAL | E8: INVENTARIO REAL | F8: EQUIPOS OPERATIVOS | G8: EFECTIVIDAD | H8: OBSERVACIONES
A9: 1 | B9: CPU | D9: 4 | E9: 4 | F9: 4 | G9: =IF(D9="","",IF(D9=0,"-",IF(F9>D9,"ERROR",IF(E9>D9,"ERROR",IF(E9<D9,0,IF(E9>F9,0,IF(F9=D9,1,0))))))) -> 1 | R9: LA CASA DE LA CAÑA, C.A. (T. ALTERNA)
A10: 2 | B10: MOUSE | D10: 4 | E10: 4 | F10: 4 | G10: =IF(D10="","",IF(D10=0,"-",IF(F10>D10,"ERROR",IF(E10>D10,"ERROR",IF(E10<D10,0,IF(E10>F10,0,IF(F10=D10,1,0))))))) -> 1 | R10: LA CASA DE LA CAÑA, C.A. (T. ANACO)
A11: 3 | B11: TECLADOS | D11: 4 | E11: 4 | F11: 4 | G11: =IF(D11="","",IF(D11=0,"-",IF(F11>D11,"ERROR",IF(E11>D11,"ERROR",IF(E11<D11,0,IF(E11>F11,0,IF(F11=D11,1,0))))))) -> 1 | R11: LA CASA DE LA CAÑA, C.A. (T. NVA BARCELONA)
A12: 4 | B12: MONITORES | D12: 4 | E12: 4 | F12: 4 | G12: =IF(D12="","",IF(D12=0,"-",IF(F12>D12,"ERROR",IF(E12>D12,"ERROR",IF(E12<D12,0,IF(E12>F12,0,IF(F12=D12,1,0))))))) -> 1 | R12: LA CASA DE LA CAÑA, C.A. (T. CUMANA)
A13: 5 | B13: REGULADORES | D13: 4 | E13: 4 | F13: 4 | G13: =IF(D13="","",IF(D13=0,"-",IF(F13>D13,"ERROR",IF(E13>D13,"ERROR",IF(E13<D13,0,IF(E13>F13,0,IF(F13=D13,1,0))))))) -> 1 | R13: LA CASA DE LA CAÑA, C.A. (T. MATURIN I)
A14: 6 | B14: IMPRESORA MULTIFUNCIONAL | D14: 1 | E14: 1 | F14: 1 | G14: =IF(D14="","",IF(D14=0,"-",IF(F14>D14,"ERROR",IF(E14>D14,"ERROR",IF(E14<D14,0,IF(E14>F14,0,IF(F14=D14,1,0))))))) -> 1 | R14: LA CASA DE LA CAÑA, C.A. (T. MATURIN II)
A15: 7 | B15: IMPRESORAS FISCALES | D15: 3 | E15: 3 | F15: 3 | G15: =IF(D15="","",IF(D15=0,"-",IF(F15>D15,"ERROR",IF(E15>D15,"ERROR",IF(E15<D15,0,IF(E15>F15,0,IF(F15=D15,1,0))))))) -> 1 | H15: SERIAL 1: | J15: Nº ULT. REPORTE Z: | R15: LA CASA DE LA CAÑA, C.A. (T. FREITES)
H16: SERIAL 2: | J16: Nº ULT. REPORTE Z: | R16: LA CASA DE LA CAÑA, C.A. (T. PUENTE)
H17: SERIAL 3: | J17: Nº ULT. REPORTE Z: | R17: RELIVE, C.A. (T. CHUPARIN)
H18: SERIAL 4: | J18: Nº ULT. REPORTE Z: | R18: RELIVE, C.A. (T. TERRAZAS)
H19: SERIAL 5: | J19: Nº ULT. REPORTE Z: | R19: RELIVE, C.A. (T. TIGRE II)
H20: SERIAL 6: | J20: Nº ULT. REPORTE Z: | R20: RELIVE, C.A. (T. TIGRE III)
H21: SERIAL 7: | J21: Nº ULT. REPORTE Z: | R21: RELIVE, C.A. (T. PLC)
R22: RELIVE, C.A. (T. POZUELOS)
A23: 8 | B23: ROUTER | D23: 1 | E23: 1 | F23: 1 | G23: =IF(D23="","",IF(D23=0,"-",IF(F23>D23,"ERROR",IF(E23>D23,"ERROR",IF(E23<D23,0,IF(E23>F23,0,IF(F23=D23,1,0))))))) -> 1 | R23: OPERADORA VENECIA 2021, C.A (T. VENECIA)
A24: 9 | B24: SUICHE | D24: 1 | E24: 1 | F24: 1 | G24: =IF(D24="","",IF(D24=0,"-",IF(F24>D24,"ERROR",IF(E24>D24,"ERROR",IF(E24<D24,0,IF(E24>F24,0,IF(F24=D24,1,0))))))) -> 1 | R24: OPERADORA VENECIA 2021, C.A (T. BOLIVAR PLC)
A25: 10 | B25: ESCANER DE CODIGO DE BARRAS | D25: 4 | E25: 4 | F25: 4 | G25: =IF(D25="","",IF(D25=0,"-",IF(F25>D25,"ERROR",IF(E25>D25,"ERROR",IF(E25<D25,0,IF(E25>F25,0,IF(F25=D25,1,0))))))) -> 1 | R25: OPERADORA VENECIA 2021, C.A (T. CHURCHILL)
A26: 11 | B26: VISOR DE VENTA | D26: 1 | E26: 1 | F26: 1 | G26: =IF(D26="","",IF(D26=0,"-",IF(F26>D26,"ERROR",IF(E26>D26,"ERROR",IF(E26<D26,0,IF(E26>F26,0,IF(F26=D26,1,0))))))) -> 1 | R26: OPERADORA VENECIA 2021, C.A (T. MANSION)
A27: 12 | B27: DVR | D27: 1 | E27: 1 | F27: 1 | G27: =IF(D27="","",IF(D27=0,"-",IF(F27>D27,"ERROR",IF(E27>D27,"ERROR",IF(E27<D27,0,IF(E27>F27,0,IF(F27=D27,1,0))))))) -> 1 | R27: OPERADORA LECHERIA 2011, C.A
A28: 13 | B28: MODEM | D28: 1 | E28: 1 | F28: 1 | G28: =IF(D28="","",IF(D28=0,"-",IF(F28>D28,"ERROR",IF(E28>D28,"ERROR",IF(E28<D28,0,IF(E28>F28,0,IF(F28=D28,1,0))))))) -> 1
A29: 14 | B29: LIBROS DE IMPRESORAS FISCALES | D29: 3 | E29: 3 | F29: 3 | G29: =IF(D29="","",IF(D29=0,"-",IF(F29>D29,"ERROR",IF(E29>D29,"ERROR",IF(E29<D29,0,IF(E29>F29,0,IF(F29=D29,1,0))))))) -> 1
A30: TOTAL DE EFECTIVIDAD DE EQUIPOS | G30: =IFERROR(AVERAGE(G9:G28),"-") -> 1
A32: Realizado Por: | C32: Joemil Salazar
A33: Cargo | C33: Lider Tienda
A35: NOTA: El check list de Existencia de Equipos en Tiendas debe ser enviado entre los 5 primeros días del mes, vía correo electrónico al grupo Sistemas, con copia al Director de Servicios de Control.
L39: HOUSE TICKET | M39: INVENTARIO | N39: CABLEADO | O39: MES
K40: TIENDAS | L40: SI | M40: 0 | N40: SI | O40: ENERO
K41: =IF(MAESTRO!A1="","",MAESTRO!A1) -> ******SUCURSALES | L41: NO | M41: 1 | N41: NO | O41: FEBRERO
K42: =IF(MAESTRO!A2="","",MAESTRO!A2) -> LA CASA DE LA CAÑA, C.A. (T. ALTERNA) | M42: 2 | O42: MARZO
K43: =IF(MAESTRO!A3="","",MAESTRO!A3) -> LA CASA DE LA CAÑA, C.A. (T. ANACO) | M43: 3 | O43: ABRIL
K44: =IF(MAESTRO!A4="","",MAESTRO!A4) -> LA CASA DE LA CAÑA, C.A. (T. CUMANÁ) | M44: 4 | O44: MAYO
K45: =IF(MAESTRO!A5="","",MAESTRO!A5) -> LA CASA DE LA CAÑA, C.A. (T. MATURÍN I) | M45: 5 | O45: JUNIO
K46: =IF(MAESTRO!A6="","",MAESTRO!A6) -> LA CASA DE LA CAÑA, C.A. (T. MATURÍN II) | M46: 6 | O46: JULIO
K47: =IF(MAESTRO!A7="","",MAESTRO!A7) -> LA CASA DE LA CAÑA, C.A. (T. NVA. BARCELONA) | M47: 7 | O47: AGOSTO
K48: =IF(MAESTRO!A8="","",MAESTRO!A8) -> INVERSIONES CAÑANDONGA,C.A (T. CONEJERO) | M48: 8 | O48: SEPTIEMBRE
K49: =IF(MAESTRO!A9="","",MAESTRO!A9) -> OPERADORA EL MERCADO 2011, C.A. (T. MERCADO) | M49: 9 | O49: OCTUBRE
K50: =IF(MAESTRO!A10="","",MAESTRO!A10) -> OPERADORA EL PUENTE 2011, C.A. (T. PUENTE REAL) | M50: 10 | O50: NOVIEMBRE
K51: =IF(MAESTRO!A11="","",MAESTRO!A11) -> OPERADORA LECHERÍA 2011, C.A. (T. LECHERÍA) | M51: 11 | O51: DICIEMBRE
K52: =IF(MAESTRO!A12="","",MAESTRO!A12) -> OPERADORA PUERTO LA CRUZ 2011, C.A. (T. PUERTO LA CRUZ) | M52: 12
K53: =IF(MAESTRO!A13="","",MAESTRO!A13) -> OPERADORA PUERTO ORDAZ 2013, C.A.(T. PUERTO ORDAZ) | M53: 13
K54: =IF(MAESTRO!A14="","",MAESTRO!A14) -> OPERADORA LAS AMERICAS, C.A | M54: 14
K55: =IF(MAESTRO!A15="","",MAESTRO!A15) -> OPERADORA PLAZA DEL SOL 2015, C.A | M55: 15
K56: =IF(MAESTRO!A16="","",MAESTRO!A16) -> RELIVE, C.A. (T. CHUPARÍN)
K57: =IF(MAESTRO!A17="","",MAESTRO!A17) -> RELIVE, C.A. (T. TERRAZAS)
K58: =IF(MAESTRO!A18="","",MAESTRO!A18) -> RELIVE, C.A. (T. TIGRE II)
K59: =IF(MAESTRO!A19="","",MAESTRO!A19) -> RELIVE, C.A. (T. TIGRE III)
K60: OPERADORA VENECIA 2021, C.A (T. MANSION)
K61: =IF(MAESTRO!A21="","",MAESTRO!A21)

Sheet FARO
C1: CHECK LIST DE EXISTENCIA DE EQUIPOS EN TIENDAS | I1: Código: | J1: FO-MIS-03
I2: Revisión: | J2: 07 | K2: 42720
I3: Fecha: | J3: 42286
B5: SUCURSAL: | C5: OPERADORA VENECIA 2021, C.A (T. EL FARO) | H5: FECHA: | I5: 46157
A7: EQUIPOS
A8: Nº | B8: EQUIPOS | D8: INVENTARIO IDEAL | E8: INVENTARIO REAL | F8: EQUIPOS OPERATIVOS | G8: EFECTIVIDAD | H8: OBSERVACIONES
A9: 1 | B9: CPU | D9: 5 | E9: 5 | F9: 5 | G9: =IF(D9="","",IF(D9=0,"-",IF(F9>D9,"ERROR",IF(E9>D9,"ERROR",IF(E9<D9,0,IF(E9>F9,0,IF(F9=D9,1,0))))))) -> 1 | R9: LA CASA DE LA CAÑA, C.A. (T. ALTERNA)
A10: 2 | B10: MOUSE | D10: 5 | E10: 5 | F10: 5 | G10: =IF(D10="","",IF(D10=0,"-",IF(F10>D10,"ERROR",IF(E10>D10,"ERROR",IF(E10<D10,0,IF(E10>F10,0,IF(F10=D10,1,0))))))) -> 1 | R10: LA CASA DE LA CAÑA, C.A. (T. ANACO)
A11: 3 | B11: TECLADOS | D11: 5 | E11: 5 | F11: 5 | G11: =IF(D11="","",IF(D11=0,"-",IF(F11>D11,"ERROR",IF(E11>D11,"ERROR",IF(E11<D11,0,IF(E11>F11,0,IF(F11=D11,1,0))))))) -> 1 | R11: LA CASA DE LA CAÑA, C.A. (T. NVA BARCELONA)
A12: 4 | B12: MONITORES | D12: 5 | E12: 5 | F12: 5 | G12: =IF(D12="","",IF(D12=0,"-",IF(F12>D12,"ERROR",IF(E12>D12,"ERROR",IF(E12<D12,0,IF(E12>F12,0,IF(F12=D12,1,0))))))) -> 1 | R12: LA CASA DE LA CAÑA, C.A. (T. CUMANA)
A13: 5 | B13: REGULADORES | D13: 5 | E13: 5 | F13: 5 | G13: =IF(D13="","",IF(D13=0,"-",IF(F13>D13,"ERROR",IF(E13>D13,"ERROR",IF(E13<D13,0,IF(E13>F13,0,IF(F13=D13,1,0))))))) -> 1 | R13: LA CASA DE LA CAÑA, C.A. (T. MATURIN I)
A14: 6 | B14: IMPRESORA MULTIFUNCIONAL | D14: 1 | E14: 1 | F14: 1 | G14: =IF(D14="","",IF(D14=0,"-",IF(F14>D14,"ERROR",IF(E14>D14,"ERROR",IF(E14<D14,0,IF(E14>F14,0,IF(F14=D14,1,0))))))) -> 1 | R14: LA CASA DE LA CAÑA, C.A. (T. MATURIN II)
A15: 7 | B15: IMPRESORAS FISCALES | D15: 4 | E15: 4 | F15: 4 | G15: =IF(D15="","",IF(D15=0,"-",IF(F15>D15,"ERROR",IF(E15>D15,"ERROR",IF(E15<D15,0,IF(E15>F15,0,IF(F15=D15,1,0))))))) -> 1 | H15: SERIAL 1: | J15: Nº ULT. REPORTE Z: | R15: LA CASA DE LA CAÑA, C.A. (T. FREITES)
H16: SERIAL 2: | J16: Nº ULT. REPORTE Z: | R16: LA CASA DE LA CAÑA, C.A. (T. PUENTE)
H17: SERIAL 3: | J17: Nº ULT. REPORTE Z: | R17: RELIVE, C.A. (T. CHUPARIN)
H18: SERIAL 4: | J18: Nº ULT. REPORTE Z: | R18: RELIVE, C.A. (T. TERRAZAS)
H19: SERIAL 5: | J19: Nº ULT. REPORTE Z: | R19: RELIVE, C.A. (T. TIGRE II)
H20: SERIAL 6: | J20: Nº ULT. REPORTE Z: | R20: RELIVE, C.A. (T. TIGRE III)
H21: SERIAL 7: | J21: Nº ULT. REPORTE Z: | R21: RELIVE, C.A. (T. PLC)
R22: RELIVE, C.A. (T. POZUELOS)
A23: 8 | B23: ROUTER | D23: 1 | E23: 1 | F23: 1 | G23: =IF(D23="","",IF(D23=0,"-",IF(F23>D23,"ERROR",IF(E23>D23,"ERROR",IF(E23<D23,0,IF(E23>F23,0,IF(F23=D23,1,0))))))) -> 1 | R23: OPERADORA VENECIA 2021, C.A (T. VENECIA)
A24: 9 | B24: SUICHE | D24: 1 | E24: 1 | F24: 1 | G24: =IF(D24="","",IF(D24=0,"-",IF(F24>D24,"ERROR",IF(E24>D24,"ERROR",IF(E24<D24,0,IF(E24>F24,0,IF(F24=D24,1,0))))))) -> 1 | R24: OPERADORA VENECIA 2021, C.A (T. BOLIVAR PLC)
A25: 10 | B25: ESCANER DE CODIGO DE BARRAS | D25: 5 | E25: 5 | F25: 5 | G25: =IF(D25="","",IF(D25=0,"-",IF(F25>D25,"ERROR",IF(E25>D25,"ERROR",IF(E25<D25,0,IF(E25>F25,0,IF(F25=D25,1,0))))))) -> 1 | R25: OPERADORA VENECIA 2021, C.A (T. CHURCHILL)
A26: 11 | B26: VISOR DE VENTA | D26: 1 | E26: 1 | F26: 1 | G26: =IF(D26="","",IF(D26=0,"-",IF(F26>D26,"ERROR",IF(E26>D26,"ERROR",IF(E26<D26,0,IF(E26>F26,0,IF(F26=D26,1,0))))))) -> 1 | R26: OPERADORA VENECIA 2021, C.A (T. MANSION)
A27: 12 | B27: DVR | D27: 1 | E27: 1 | F27: 1 | G27: =IF(D27="","",IF(D27=0,"-",IF(F27>D27,"ERROR",IF(E27>D27,"ERROR",IF(E27<D27,0,IF(E27>F27,0,IF(F27=D27,1,0))))))) -> 1 | R27: OPERADORA LECHERIA 2011, C.A
A28: 13 | B28: MODEM | D28: 1 | E28: 1 | F28: 1 | G28: =IF(D28="","",IF(D28=0,"-",IF(F28>D28,"ERROR",IF(E28>D28,"ERROR",IF(E28<D28,0,IF(E28>F28,0,IF(F28=D28,1,0))))))) -> 1 | R28: OPERADORA VENECIA 2021, C.A (T. EL FARO)
A29: 14 | B29: LIBROS DE IMPRESORAS FISCALES | D29: 4 | E29: 4 | F29: 4 | G29: =IF(D29="","",IF(D29=0,"-",IF(F29>D29,"ERROR",IF(E29>D29,"ERROR",IF(E29<D29,0,IF(E29>F29,0,IF(F29=D29,1,0))))))) -> 1
A30: TOTAL DE EFECTIVIDAD DE EQUIPOS | G30: =IFERROR(AVERAGE(G9:G28),"-") -> 1
A32: Realizado Por: | C32: Willians Acosta
A33: Cargo | C33: Lider Tienda
A35: NOTA: El check list de Existencia de Equipos en Tiendas debe ser enviado entre los 5 primeros días del mes, vía correo electrónico al grupo Sistemas, con copia al Director de Servicios de Control.
L39: HOUSE TICKET | M39: INVENTARIO | N39: CABLEADO | O39: MES
K40: TIENDAS | L40: SI | M40: 0 | N40: SI | O40: ENERO
K41: =IF(MAESTRO!A1="","",MAESTRO!A1) -> ******SUCURSALES | L41: NO | M41: 1 | N41: NO | O41: FEBRERO
K42: =IF(MAESTRO!A2="","",MAESTRO!A2) -> LA CASA DE LA CAÑA, C.A. (T. ALTERNA) | M42: 2 | O42: MARZO
K43: =IF(MAESTRO!A3="","",MAESTRO!A3) -> LA CASA DE LA CAÑA, C.A. (T. ANACO) | M43: 3 | O43: ABRIL
K44: =IF(MAESTRO!A4="","",MAESTRO!A4) -> LA CASA DE LA CAÑA, C.A. (T. CUMANÁ) | M44: 4 | O44: MAYO
K45: =IF(MAESTRO!A5="","",MAESTRO!A5) -> LA CASA DE LA CAÑA, C.A. (T. MATURÍN I) | M45: 5 | O45: JUNIO
K46: =IF(MAESTRO!A6="","",MAESTRO!A6) -> LA CASA DE LA CAÑA, C.A. (T. MATURÍN II) | M46: 6 | O46: JULIO
K47: =IF(MAESTRO!A7="","",MAESTRO!A7) -> LA CASA DE LA CAÑA, C.A. (T. NVA. BARCELONA) | M47: 7 | O47: AGOSTO
K48: =IF(MAESTRO!A8="","",MAESTRO!A8) -> INVERSIONES CAÑANDONGA,C.A (T. CONEJERO) | M48: 8 | O48: SEPTIEMBRE
K49: =IF(MAESTRO!A9="","",MAESTRO!A9) -> OPERADORA EL MERCADO 2011, C.A. (T. MERCADO) | M49: 9 | O49: OCTUBRE
K50: =IF(MAESTRO!A10="","",MAESTRO!A10) -> OPERADORA EL PUENTE 2011, C.A. (T. PUENTE REAL) | M50: 10 | O50: NOVIEMBRE
K51: =IF(MAESTRO!A11="","",MAESTRO!A11) -> OPERADORA LECHERÍA 2011, C.A. (T. LECHERÍA) | M51: 11 | O51: DICIEMBRE
K52: =IF(MAESTRO!A12="","",MAESTRO!A12) -> OPERADORA PUERTO LA CRUZ 2011, C.A. (T. PUERTO LA CRUZ) | M52: 12
K53: =IF(MAESTRO!A13="","",MAESTRO!A13) -> OPERADORA PUERTO ORDAZ 2013, C.A.(T. PUERTO ORDAZ) | M53: 13
K54: =IF(MAESTRO!A14="","",MAESTRO!A14) -> OPERADORA LAS AMERICAS, C.A | M54: 14
K55: =IF(MAESTRO!A15="","",MAESTRO!A15) -> OPERADORA PLAZA DEL SOL 2015, C.A | M55: 15
K56: =IF(MAESTRO!A16="","",MAESTRO!A16) -> RELIVE, C.A. (T. CHUPARÍN)
K57: =IF(MAESTRO!A17="","",MAESTRO!A17) -> RELIVE, C.A. (T. TERRAZAS)
K58: =IF(MAESTRO!A18="","",MAESTRO!A18) -> RELIVE, C.A. (T. TIGRE II)
K59: =IF(MAESTRO!A19="","",MAESTRO!A19) -> RELIVE, C.A. (T. TIGRE III)
K60: OPERADORA VENECIA 2021, C.A (T. MANSION)
K61: =IF(MAESTRO!A21="","",MAESTRO!A21)

Sheet CRUCERO
C1: CHECK LIST DE EXISTENCIA DE EQUIPOS EN TIENDAS | I1: Código: | J1: FO-MIS-03
I2: Revisión: | J2: 07 | K2: 42720
I3: Fecha: | J3: 42286
B5: SUCURSAL: | C5: OPERADORA VENECIA 2021, C.A (T. CRUCERO) | H5: FECHA: | I5: 46157
A7: EQUIPOS
A8: Nº | B8: EQUIPOS | D8: INVENTARIO IDEAL | E8: INVENTARIO REAL | F8: EQUIPOS OPERATIVOS | G8: EFECTIVIDAD | H8: OBSERVACIONES
A9: 1 | B9: CPU | D9: 4 | E9: 4 | F9: 4 | G9: =IF(D9="","",IF(D9=0,"-",IF(F9>D9,"ERROR",IF(E9>D9,"ERROR",IF(E9<D9,0,IF(E9>F9,0,IF(F9=D9,1,0))))))) -> 1 | R9: LA CASA DE LA CAÑA, C.A. (T. ALTERNA)
A10: 2 | B10: MOUSE | D10: 4 | E10: 4 | F10: 4 | G10: =IF(D10="","",IF(D10=0,"-",IF(F10>D10,"ERROR",IF(E10>D10,"ERROR",IF(E10<D10,0,IF(E10>F10,0,IF(F10=D10,1,0))))))) -> 1 | R10: LA CASA DE LA CAÑA, C.A. (T. ANACO)
A11: 3 | B11: TECLADOS | D11: 4 | E11: 4 | F11: 4 | G11: =IF(D11="","",IF(D11=0,"-",IF(F11>D11,"ERROR",IF(E11>D11,"ERROR",IF(E11<D11,0,IF(E11>F11,0,IF(F11=D11,1,0))))))) -> 1 | R11: LA CASA DE LA CAÑA, C.A. (T. NVA BARCELONA)
A12: 4 | B12: MONITORES | D12: 4 | E12: 4 | F12: 4 | G12: =IF(D12="","",IF(D12=0,"-",IF(F12>D12,"ERROR",IF(E12>D12,"ERROR",IF(E12<D12,0,IF(E12>F12,0,IF(F12=D12,1,0))))))) -> 1 | R12: LA CASA DE LA CAÑA, C.A. (T. CUMANA)
A13: 5 | B13: REGULADORES | D13: 4 | E13: 4 | F13: 4 | G13: =IF(D13="","",IF(D13=0,"-",IF(F13>D13,"ERROR",IF(E13>D13,"ERROR",IF(E13<D13,0,IF(E13>F13,0,IF(F13=D13,1,0))))))) -> 1 | R13: LA CASA DE LA CAÑA, C.A. (T. MATURIN I)
A14: 6 | B14: IMPRESORA MULTIFUNCIONAL | D14: 1 | E14: 1 | F14: 1 | G14: =IF(D14="","",IF(D14=0,"-",IF(F14>D14,"ERROR",IF(E14>D14,"ERROR",IF(E14<D14,0,IF(E14>F14,0,IF(F14=D14,1,0))))))) -> 1 | R14: LA CASA DE LA CAÑA, C.A. (T. MATURIN II)
A15: 7 | B15: IMPRESORAS FISCALES | D15: 3 | E15: 3 | F15: 3 | G15: =IF(D15="","",IF(D15=0,"-",IF(F15>D15,"ERROR",IF(E15>D15,"ERROR",IF(E15<D15,0,IF(E15>F15,0,IF(F15=D15,1,0))))))) -> 1 | H15: SERIAL 1: | J15: Nº ULT. REPORTE Z: | R15: LA CASA DE LA CAÑA, C.A. (T. FREITES)
H16: SERIAL 2: | J16: Nº ULT. REPORTE Z: | R16: LA CASA DE LA CAÑA, C.A. (T. PUENTE)
H17: SERIAL 3: | J17: Nº ULT. REPORTE Z: | R17: RELIVE, C.A. (T. CHUPARIN)
H18: SERIAL 4: | J18: Nº ULT. REPORTE Z: | R18: RELIVE, C.A. (T. TERRAZAS)
H19: SERIAL 5: | J19: Nº ULT. REPORTE Z: | R19: RELIVE, C.A. (T. TIGRE II)
H20: SERIAL 6: | J20: Nº ULT. REPORTE Z: | R20: RELIVE, C.A. (T. TIGRE III)
H21: SERIAL 7: | J21: Nº ULT. REPORTE Z: | R21: RELIVE, C.A. (T. PLC)
R22: RELIVE, C.A. (T. POZUELOS)
A23: 8 | B23: ROUTER | D23: 1 | E23: 1 | F23: 1 | G23: =IF(D23="","",IF(D23=0,"-",IF(F23>D23,"ERROR",IF(E23>D23,"ERROR",IF(E23<D23,0,IF(E23>F23,0,IF(F23=D23,1,0))))))) -> 1 | R23: OPERADORA VENECIA 2021, C.A (T. VENECIA)
A24: 9 | B24: SUICHE | D24: 1 | E24: 1 | F24: 1 | G24: =IF(D24="","",IF(D24=0,"-",IF(F24>D24,"ERROR",IF(E24>D24,"ERROR",IF(E24<D24,0,IF(E24>F24,0,IF(F24=D24,1,0))))))) -> 1 | R24: OPERADORA VENECIA 2021, C.A (T. BOLIVAR PLC)
A25: 10 | B25: ESCANER DE CODIGO DE BARRAS | D25: 4 | E25: 4 | F25: 4 | G25: =IF(D25="","",IF(D25=0,"-",IF(F25>D25,"ERROR",IF(E25>D25,"ERROR",IF(E25<D25,0,IF(E25>F25,0,IF(F25=D25,1,0))))))) -> 1 | R25: OPERADORA VENECIA 2021, C.A (T. CHURCHILL)
A26: 11 | B26: VISOR DE VENTA | G26: =IF(D26="","",IF(D26=0,"-",IF(F26>D26,"ERROR",IF(E26>D26,"ERROR",IF(E26<D26,0,IF(E26>F26,0,IF(F26=D26,1,0))))))) | R26: OPERADORA VENECIA 2021, C.A (T. MANSION)
A27: 12 | B27: DVR | D27: 1 | E27: 1 | F27: 1 | G27: =IF(D27="","",IF(D27=0,"-",IF(F27>D27,"ERROR",IF(E27>D27,"ERROR",IF(E27<D27,0,IF(E27>F27,0,IF(F27=D27,1,0))))))) -> 1 | R27: OPERADORA LECHERIA 2011, C.A
A28: 13 | B28: MODEM | D28: 1 | E28: 1 | F28: 1 | G28: =IF(D28="","",IF(D28=0,"-",IF(F28>D28,"ERROR",IF(E28>D28,"ERROR",IF(E28<D28,0,IF(E28>F28,0,IF(F28=D28,1,0))))))) -> 1 | R28: OPERADORA VENECIA 2021, C.A (T. CRUCERO)
A29: 14 | B29: LIBROS DE IMPRESORAS FISCALES | D29: 3 | E29: 3 | F29: 3 | G29: =IF(D29="","",IF(D29=0,"-",IF(F29>D29,"ERROR",IF(E29>D29,"ERROR",IF(E29<D29,0,IF(E29>F29,0,IF(F29=D29,1,0))))))) -> 1 | R29: OPERADORA VENECIA 2021, C.A (T. MUNICIPALPLC)
A30: TOTAL DE EFECTIVIDAD DE EQUIPOS | G30: =IFERROR(AVERAGE(G9:G28),"-") -> 1 | R30: OPERADORA VENECIA 2021, C.A (T. BOYACA)
A32: Realizado Por: | C32: Alexander Vidal
A33: Cargo | C33: Lider Tienda
A35: NOTA: El check list de Existencia de Equipos en Tiendas debe ser enviado entre los 5 primeros días del mes, vía correo electrónico al grupo Sistemas, con copia al Director de Servicios de Control.
L39: HOUSE TICKET | M39: INVENTARIO | N39: CABLEADO | O39: MES
K40: TIENDAS | L40: SI | M40: 0 | N40: SI | O40: ENERO
K41: =IF(MAESTRO!A1="","",MAESTRO!A1) -> ******SUCURSALES | L41: NO | M41: 1 | N41: NO | O41: FEBRERO
K42: =IF(MAESTRO!A2="","",MAESTRO!A2) -> LA CASA DE LA CAÑA, C.A. (T. ALTERNA) | M42: 2 | O42: MARZO
K43: =IF(MAESTRO!A3="","",MAESTRO!A3) -> LA CASA DE LA CAÑA, C.A. (T. ANACO) | M43: 3 | O43: ABRIL
K44: =IF(MAESTRO!A4="","",MAESTRO!A4) -> LA CASA DE LA CAÑA, C.A. (T. CUMANÁ) | M44: 4 | O44: MAYO
K45: =IF(MAESTRO!A5="","",MAESTRO!A5) -> LA CASA DE LA CAÑA, C.A. (T. MATURÍN I) | M45: 5 | O45: JUNIO
K46: =IF(MAESTRO!A6="","",MAESTRO!A6) -> LA CASA DE LA CAÑA, C.A. (T. MATURÍN II) | M46: 6 | O46: JULIO
K47: =IF(MAESTRO!A7="","",MAESTRO!A7) -> LA CASA DE LA CAÑA, C.A. (T. NVA. BARCELONA) | M47: 7 | O47: AGOSTO
K48: =IF(MAESTRO!A8="","",MAESTRO!A8) -> INVERSIONES CAÑANDONGA,C.A (T. CONEJERO) | M48: 8 | O48: SEPTIEMBRE
K49: =IF(MAESTRO!A9="","",MAESTRO!A9) -> OPERADORA EL MERCADO 2011, C.A. (T. MERCADO) | M49: 9 | O49: OCTUBRE
K50: =IF(MAESTRO!A10="","",MAESTRO!A10) -> OPERADORA EL PUENTE 2011, C.A. (T. PUENTE REAL) | M50: 10 | O50: NOVIEMBRE
K51: =IF(MAESTRO!A11="","",MAESTRO!A11) -> OPERADORA LECHERÍA 2011, C.A. (T. LECHERÍA) | M51: 11 | O51: DICIEMBRE
K52: =IF(MAESTRO!A12="","",MAESTRO!A12) -> OPERADORA PUERTO LA CRUZ 2011, C.A. (T. PUERTO LA CRUZ) | M52: 12
K53: =IF(MAESTRO!A13="","",MAESTRO!A13) -> OPERADORA PUERTO ORDAZ 2013, C.A.(T. PUERTO ORDAZ) | M53: 13
K54: =IF(MAESTRO!A14="","",MAESTRO!A14) -> OPERADORA LAS AMERICAS, C.A | M54: 14
K55: =IF(MAESTRO!A15="","",MAESTRO!A15) -> OPERADORA PLAZA DEL SOL 2015, C.A | M55: 15
K56: =IF(MAESTRO!A16="","",MAESTRO!A16) -> RELIVE, C.A. (T. CHUPARÍN)
K57: =IF(MAESTRO!A17="","",MAESTRO!A17) -> RELIVE, C.A. (T. TERRAZAS)
K58: =IF(MAESTRO!A18="","",MAESTRO!A18) -> RELIVE, C.A. (T. TIGRE II)
K59: =IF(MAESTRO!A19="","",MAESTRO!A19) -> RELIVE, C.A. (T. TIGRE III)
K60: OPERADORA VENECIA 2021, C.A (T. MANSION)
K61: =IF(MAESTRO!A21="","",MAESTRO!A21)

Sheet BOYACA
C1: CHECK LIST DE EXISTENCIA DE EQUIPOS EN TIENDAS | I1: Código: | J1: FO-MIS-03
I2: Revisión: | J2: 07 | K2: 42720
I3: Fecha: | J3: 42286
B5: SUCURSAL: | C5: OPERADORA VENECIA 2021, C.A (T. BOYACA) | H5: FECHA: | I5: 46157
A7: EQUIPOS
A8: Nº | B8: EQUIPOS | D8: INVENTARIO IDEAL | E8: INVENTARIO REAL | F8: EQUIPOS OPERATIVOS | G8: EFECTIVIDAD | H8: OBSERVACIONES
A9: 1 | B9: CPU | D9: 2 | E9: 2 | F9: 2 | G9: =IF(D9="","",IF(D9=0,"-",IF(F9>D9,"ERROR",IF(E9>D9,"ERROR",IF(E9<D9,0,IF(E9>F9,0,IF(F9=D9,1,0))))))) -> 1 | Q9: LA CASA DE LA CAÑA, C.A. (T. ALTERNA)
A10: 2 | B10: MOUSE | D10: 2 | E10: 2 | F10: 2 | G10: =IF(D10="","",IF(D10=0,"-",IF(F10>D10,"ERROR",IF(E10>D10,"ERROR",IF(E10<D10,0,IF(E10>F10,0,IF(F10=D10,1,0))))))) -> 1 | Q10: LA CASA DE LA CAÑA, C.A. (T. ANACO)
A11: 3 | B11: TECLADOS | D11: 2 | E11: 2 | F11: 2 | G11: =IF(D11="","",IF(D11=0,"-",IF(F11>D11,"ERROR",IF(E11>D11,"ERROR",IF(E11<D11,0,IF(E11>F11,0,IF(F11=D11,1,0))))))) -> 1 | Q11: LA CASA DE LA CAÑA, C.A. (T. NVA BARCELONA)
A12: 4 | B12: MONITORES | D12: 2 | E12: 2 | F12: 2 | G12: =IF(D12="","",IF(D12=0,"-",IF(F12>D12,"ERROR",IF(E12>D12,"ERROR",IF(E12<D12,0,IF(E12>F12,0,IF(F12=D12,1,0))))))) -> 1 | Q12: LA CASA DE LA CAÑA, C.A. (T. CUMANA)
A13: 5 | B13: REGULADORES | D13: 2 | E13: 2 | F13: 2 | G13: =IF(D13="","",IF(D13=0,"-",IF(F13>D13,"ERROR",IF(E13>D13,"ERROR",IF(E13<D13,0,IF(E13>F13,0,IF(F13=D13,1,0))))))) -> 1 | Q13: LA CASA DE LA CAÑA, C.A. (T. MATURIN I)
A14: 6 | B14: IMPRESORA MULTIFUNCIONAL | D14: 1 | E14: 1 | F14: 1 | G14: =IF(D14="","",IF(D14=0,"-",IF(F14>D14,"ERROR",IF(E14>D14,"ERROR",IF(E14<D14,0,IF(E14>F14,0,IF(F14=D14,1,0))))))) -> 1 | Q14: LA CASA DE LA CAÑA, C.A. (T. MATURIN II)
A15: 7 | B15: IMPRESORAS FISCALES | D15: 1 | E15: 1 | F15: 1 | G15: =IF(D15="","",IF(D15=0,"-",IF(F15>D15,"ERROR",IF(E15>D15,"ERROR",IF(E15<D15,0,IF(E15>F15,0,IF(F15=D15,1,0))))))) -> 1 | H15: SERIAL 1: | J15: Nº ULT. REPORTE Z: | Q15: LA CASA DE LA CAÑA, C.A. (T. FREITES)
H16: SERIAL 2: | J16: Nº ULT. REPORTE Z: | Q16: LA CASA DE LA CAÑA, C.A. (T. PUENTE)
H17: SERIAL 3: | J17: Nº ULT. REPORTE Z: | Q17: RELIVE, C.A. (T. CHUPARIN)
H18: SERIAL 4: | J18: Nº ULT. REPORTE Z: | Q18: RELIVE, C.A. (T. TERRAZAS)
H19: SERIAL 5: | J19: Nº ULT. REPORTE Z: | Q19: RELIVE, C.A. (T. TIGRE II)
H20: SERIAL 6: | J20: Nº ULT. REPORTE Z: | Q20: RELIVE, C.A. (T. TIGRE III)
H21: SERIAL 7: | J21: Nº ULT. REPORTE Z: | Q21: RELIVE, C.A. (T. PLC)
Q22: RELIVE, C.A. (T. POZUELOS)
A23: 8 | B23: ROUTER | D23: 1 | E23: 1 | F23: 1 | G23: =IF(D23="","",IF(D23=0,"-",IF(F23>D23,"ERROR",IF(E23>D23,"ERROR",IF(E23<D23,0,IF(E23>F23,0,IF(F23=D23,1,0))))))) -> 1 | Q23: OPERADORA VENECIA 2021, C.A (T. VENECIA)
A24: 9 | B24: SUICHE | D24: 1 | E24: 1 | F24: 1 | G24: =IF(D24="","",IF(D24=0,"-",IF(F24>D24,"ERROR",IF(E24>D24,"ERROR",IF(E24<D24,0,IF(E24>F24,0,IF(F24=D24,1,0))))))) -> 1 | Q24: OPERADORA VENECIA 2021, C.A (T. BOLIVAR PLC)
A25: 10 | B25: ESCANER DE CODIGO DE BARRAS | D25: 2 | E25: 2 | F25: 2 | G25: =IF(D25="","",IF(D25=0,"-",IF(F25>D25,"ERROR",IF(E25>D25,"ERROR",IF(E25<D25,0,IF(E25>F25,0,IF(F25=D25,1,0))))))) -> 1 | Q25: OPERADORA VENECIA 2021, C.A (T. CHURCHILL)
A26: 11 | B26: VISOR DE VENTA | D26: 0 | E26: 0 | F26: 0 | G26: =IF(D26="","",IF(D26=0,"-",IF(F26>D26,"ERROR",IF(E26>D26,"ERROR",IF(E26<D26,0,IF(E26>F26,0,IF(F26=D26,1,0))))))) -> - | H26: No aplica | Q26: OPERADORA VENECIA 2021, C.A (T. MANSION)
A27: 12 | B27: DVR | D27: 1 | E27: 1 | F27: 1 | G27: =IF(D27="","",IF(D27=0,"-",IF(F27>D27,"ERROR",IF(E27>D27,"ERROR",IF(E27<D27,0,IF(E27>F27,0,IF(F27=D27,1,0))))))) -> 1 | Q27: OPERADORA LECHERIA 2011, C.A
A28: 13 | B28: MODEM | D28: 1 | E28: 1 | F28: 1 | G28: =IF(D28="","",IF(D28=0,"-",IF(F28>D28,"ERROR",IF(E28>D28,"ERROR",IF(E28<D28,0,IF(E28>F28,0,IF(F28=D28,1,0))))))) -> 1 | Q28: OPERADORA VENECIA 2021, C.A (T. CRUCERO)
A29: 14 | B29: LIBROS DE IMPRESORAS FISCALES | D29: 1 | E29: 1 | F29: 1 | G29: =IF(D29="","",IF(D29=0,"-",IF(F29>D29,"ERROR",IF(E29>D29,"ERROR",IF(E29<D29,0,IF(E29>F29,0,IF(F29=D29,1,0))))))) -> 1 | Q29: OPERADORA VENECIA 2021, C.A (T. MUNICIPALPLC)
A30: TOTAL DE EFECTIVIDAD DE EQUIPOS | G30: =IFERROR(AVERAGE(G9:G28),"-") -> 1 | Q30: OPERADORA VENECIA 2021, C.A (T. BOYACA)
A32: Realizado Por: | C32: Angel Cedeño
A33: Cargo | C33: Lider Tienda
A35: NOTA: El check list de Existencia de Equipos en Tiendas debe ser enviado entre los 5 primeros días del mes, vía correo electrónico al grupo Sistemas, con copia al Director de Servicios de Control.
L39: HOUSE TICKET | M39: INVENTARIO | N39: CABLEADO | O39: MES
K40: TIENDAS | L40: SI | M40: 0 | N40: SI | O40: ENERO
K41: =IF(MAESTRO!A1="","",MAESTRO!A1) -> ******SUCURSALES | L41: NO | M41: 1 | N41: NO | O41: FEBRERO
K42: =IF(MAESTRO!A2="","",MAESTRO!A2) -> LA CASA DE LA CAÑA, C.A. (T. ALTERNA) | M42: 2 | O42: MARZO
K43: =IF(MAESTRO!A3="","",MAESTRO!A3) -> LA CASA DE LA CAÑA, C.A. (T. ANACO) | M43: 3 | O43: ABRIL
K44: =IF(MAESTRO!A4="","",MAESTRO!A4) -> LA CASA DE LA CAÑA, C.A. (T. CUMANÁ) | M44: 4 | O44: MAYO
K45: =IF(MAESTRO!A5="","",MAESTRO!A5) -> LA CASA DE LA CAÑA, C.A. (T. MATURÍN I) | M45: 5 | O45: JUNIO
K46: =IF(MAESTRO!A6="","",MAESTRO!A6) -> LA CASA DE LA CAÑA, C.A. (T. MATURÍN II) | M46: 6 | O46: JULIO
K47: =IF(MAESTRO!A7="","",MAESTRO!A7) -> LA CASA DE LA CAÑA, C.A. (T. NVA. BARCELONA) | M47: 7 | O47: AGOSTO
K48: =IF(MAESTRO!A8="","",MAESTRO!A8) -> INVERSIONES CAÑANDONGA,C.A (T. CONEJERO) | M48: 8 | O48: SEPTIEMBRE
K49: =IF(MAESTRO!A9="","",MAESTRO!A9) -> OPERADORA EL MERCADO 2011, C.A. (T. MERCADO) | M49: 9 | O49: OCTUBRE
K50: =IF(MAESTRO!A10="","",MAESTRO!A10) -> OPERADORA EL PUENTE 2011, C.A. (T. PUENTE REAL) | M50: 10 | O50: NOVIEMBRE
K51: =IF(MAESTRO!A11="","",MAESTRO!A11) -> OPERADORA LECHERÍA 2011, C.A. (T. LECHERÍA) | M51: 11 | O51: DICIEMBRE
K52: =IF(MAESTRO!A12="","",MAESTRO!A12) -> OPERADORA PUERTO LA CRUZ 2011, C.A. (T. PUERTO LA CRUZ) | M52: 12
K53: =IF(MAESTRO!A13="","",MAESTRO!A13) -> OPERADORA PUERTO ORDAZ 2013, C.A.(T. PUERTO ORDAZ) | M53: 13
K54: =IF(MAESTRO!A14="","",MAESTRO!A14) -> OPERADORA LAS AMERICAS, C.A | M54: 14
K55: =IF(MAESTRO!A15="","",MAESTRO!A15) -> OPERADORA PLAZA DEL SOL 2015, C.A | M55: 15
K56: =IF(MAESTRO!A16="","",MAESTRO!A16) -> RELIVE, C.A. (T. CHUPARÍN)
K57: =IF(MAESTRO!A17="","",MAESTRO!A17) -> RELIVE, C.A. (T. TERRAZAS)
K58: =IF(MAESTRO!A18="","",MAESTRO!A18) -> RELIVE, C.A. (T. TIGRE II)
K59: =IF(MAESTRO!A19="","",MAESTRO!A19) -> RELIVE, C.A. (T. TIGRE III)
K60: =IF(MAESTRO!A20="","",MAESTRO!A20)
K61: =IF(MAESTRO!A21="","",MAESTRO!A21)

Sheet MUNIPALPLC
C1: CHECK LIST DE EXISTENCIA DE EQUIPOS EN TIENDAS | I1: Código: | J1: FO-MIS-03
I2: Revisión: | J2: 07 | K2: 42720
I3: Fecha: | J3: 42286
B5: SUCURSAL: | C5: OPERADORA VENECIA 2021, C.A (T. MUNICIPALPLC) | H5: FECHA: | I5: 46157
A7: EQUIPOS
A8: Nº | B8: EQUIPOS | D8: INVENTARIO IDEAL | E8: INVENTARIO REAL | F8: EQUIPOS OPERATIVOS | G8: EFECTIVIDAD | H8: OBSERVACIONES
A9: 1 | B9: CPU | D9: 2 | E9: 2 | F9: 2 | G9: =IF(D9="","",IF(D9=0,"-",IF(F9>D9,"ERROR",IF(E9>D9,"ERROR",IF(E9<D9,0,IF(E9>F9,0,IF(F9=D9,1,0))))))) -> 1 | Q9: LA CASA DE LA CAÑA, C.A. (T. ALTERNA)
A10: 2 | B10: MOUSE | D10: 2 | E10: 2 | F10: 2 | G10: =IF(D10="","",IF(D10=0,"-",IF(F10>D10,"ERROR",IF(E10>D10,"ERROR",IF(E10<D10,0,IF(E10>F10,0,IF(F10=D10,1,0))))))) -> 1 | Q10: LA CASA DE LA CAÑA, C.A. (T. ANACO)
A11: 3 | B11: TECLADOS | D11: 2 | E11: 2 | F11: 2 | G11: =IF(D11="","",IF(D11=0,"-",IF(F11>D11,"ERROR",IF(E11>D11,"ERROR",IF(E11<D11,0,IF(E11>F11,0,IF(F11=D11,1,0))))))) -> 1 | Q11: LA CASA DE LA CAÑA, C.A. (T. NVA BARCELONA)
A12: 4 | B12: MONITORES | D12: 2 | E12: 2 | F12: 2 | G12: =IF(D12="","",IF(D12=0,"-",IF(F12>D12,"ERROR",IF(E12>D12,"ERROR",IF(E12<D12,0,IF(E12>F12,0,IF(F12=D12,1,0))))))) -> 1 | Q12: LA CASA DE LA CAÑA, C.A. (T. CUMANA)
A13: 5 | B13: REGULADORES | D13: 2 | E13: 2 | F13: 2 | G13: =IF(D13="","",IF(D13=0,"-",IF(F13>D13,"ERROR",IF(E13>D13,"ERROR",IF(E13<D13,0,IF(E13>F13,0,IF(F13=D13,1,0))))))) -> 1 | Q13: LA CASA DE LA CAÑA, C.A. (T. MATURIN I)
A14: 6 | B14: IMPRESORA MULTIFUNCIONAL | D14: 1 | E14: 1 | F14: 1 | G14: =IF(D14="","",IF(D14=0,"-",IF(F14>D14,"ERROR",IF(E14>D14,"ERROR",IF(E14<D14,0,IF(E14>F14,0,IF(F14=D14,1,0))))))) -> 1 | Q14: LA CASA DE LA CAÑA, C.A. (T. MATURIN II)
A15: 7 | B15: IMPRESORAS FISCALES | D15: 1 | E15: 1 | F15: 1 | G15: =IF(D15="","",IF(D15=0,"-",IF(F15>D15,"ERROR",IF(E15>D15,"ERROR",IF(E15<D15,0,IF(E15>F15,0,IF(F15=D15,1,0))))))) -> 1 | H15: SERIAL 1: | J15: Nº ULT. REPORTE Z: | Q15: LA CASA DE LA CAÑA, C.A. (T. FREITES)
H16: SERIAL 2: | J16: Nº ULT. REPORTE Z: | Q16: LA CASA DE LA CAÑA, C.A. (T. PUENTE)
H17: SERIAL 3: | J17: Nº ULT. REPORTE Z: | Q17: RELIVE, C.A. (T. CHUPARIN)
H18: SERIAL 4: | J18: Nº ULT. REPORTE Z: | Q18: RELIVE, C.A. (T. TERRAZAS)
H19: SERIAL 5: | J19: Nº ULT. REPORTE Z: | Q19: RELIVE, C.A. (T. TIGRE II)
H20: SERIAL 6: | J20: Nº ULT. REPORTE Z: | Q20: RELIVE, C.A. (T. TIGRE III)
H21: SERIAL 7: | J21: Nº ULT. REPORTE Z: | Q21: RELIVE, C.A. (T. PLC)
Q22: RELIVE, C.A. (T. POZUELOS)
A23: 8 | B23: ROUTER | D23: 1 | E23: 1 | F23: 1 | G23: =IF(D23="","",IF(D23=0,"-",IF(F23>D23,"ERROR",IF(E23>D23,"ERROR",IF(E23<D23,0,IF(E23>F23,0,IF(F23=D23,1,0))))))) -> 1 | Q23: OPERADORA VENECIA 2021, C.A (T. VENECIA)
A24: 9 | B24: SUICHE | D24: 1 | E24: 1 | F24: 1 | G24: =IF(D24="","",IF(D24=0,"-",IF(F24>D24,"ERROR",IF(E24>D24,"ERROR",IF(E24<D24,0,IF(E24>F24,0,IF(F24=D24,1,0))))))) -> 1 | Q24: OPERADORA VENECIA 2021, C.A (T. BOLIVAR PLC)
A25: 10 | B25: ESCANER DE CODIGO DE BARRAS | D25: 2 | E25: 2 | F25: 2 | G25: =IF(D25="","",IF(D25=0,"-",IF(F25>D25,"ERROR",IF(E25>D25,"ERROR",IF(E25<D25,0,IF(E25>F25,0,IF(F25=D25,1,0))))))) -> 1 | Q25: OPERADORA VENECIA 2021, C.A (T. CHURCHILL)
A26: 11 | B26: VISOR DE VENTA | D26: 0 | E26: 0 | F26: 0 | G26: =IF(D26="","",IF(D26=0,"-",IF(F26>D26,"ERROR",IF(E26>D26,"ERROR",IF(E26<D26,0,IF(E26>F26,0,IF(F26=D26,1,0))))))) -> - | H26: No aplica | Q26: OPERADORA VENECIA 2021, C.A (T. MANSION)
A27: 12 | B27: DVR | D27: 1 | E27: 1 | F27: 1 | G27: =IF(D27="","",IF(D27=0,"-",IF(F27>D27,"ERROR",IF(E27>D27,"ERROR",IF(E27<D27,0,IF(E27>F27,0,IF(F27=D27,1,0))))))) -> 1 | Q27: OPERADORA LECHERIA 2011, C.A
A28: 13 | B28: MODEM | D28: 1 | E28: 1 | F28: 1 | G28: =IF(D28="","",IF(D28=0,"-",IF(F28>D28,"ERROR",IF(E28>D28,"ERROR",IF(E28<D28,0,IF(E28>F28,0,IF(F28=D28,1,0))))))) -> 1 | Q28: OPERADORA VENECIA 2021, C.A (T. CRUCERO)
A29: 14 | B29: LIBROS DE IMPRESORAS FISCALES | D29: 1 | E29: 1 | F29: 1 | G29: =IF(D29="","",IF(D29=0,"-",IF(F29>D29,"ERROR",IF(E29>D29,"ERROR",IF(E29<D29,0,IF(E29>F29,0,IF(F29=D29,1,0))))))) -> 1 | Q29: OPERADORA VENECIA 2021, C.A (T. MUNICIPALPLC)
A30: TOTAL DE EFECTIVIDAD DE EQUIPOS | G30: =IFERROR(AVERAGE(G9:G28),"-") -> 1 | Q30: OPERADORA VENECIA 2021, C.A (T. BOYACA)
A32: Realizado Por: | C32: Limber Hernandez
A33: Cargo | C33: Lider Tienda
A35: NOTA: El check list de Existencia de Equipos en Tiendas debe ser enviado entre los 5 primeros días del mes, vía correo electrónico al grupo Sistemas, con copia al Director de Servicios de Control.
L39: HOUSE TICKET | M39: INVENTARIO | N39: CABLEADO | O39: MES
K40: TIENDAS | L40: SI | M40: 0 | N40: SI | O40: ENERO
K41: =IF(MAESTRO!A1="","",MAESTRO!A1) -> ******SUCURSALES | L41: NO | M41: 1 | N41: NO | O41: FEBRERO
K42: =IF(MAESTRO!A2="","",MAESTRO!A2) -> LA CASA DE LA CAÑA, C.A. (T. ALTERNA) | M42: 2 | O42: MARZO
K43: =IF(MAESTRO!A3="","",MAESTRO!A3) -> LA CASA DE LA CAÑA, C.A. (T. ANACO) | M43: 3 | O43: ABRIL
K44: =IF(MAESTRO!A4="","",MAESTRO!A4) -> LA CASA DE LA CAÑA, C.A. (T. CUMANÁ) | M44: 4 | O44: MAYO
K45: =IF(MAESTRO!A5="","",MAESTRO!A5) -> LA CASA DE LA CAÑA, C.A. (T. MATURÍN I) | M45: 5 | O45: JUNIO
K46: =IF(MAESTRO!A6="","",MAESTRO!A6) -> LA CASA DE LA CAÑA, C.A. (T. MATURÍN II) | M46: 6 | O46: JULIO
K47: =IF(MAESTRO!A7="","",MAESTRO!A7) -> LA CASA DE LA CAÑA, C.A. (T. NVA. BARCELONA) | M47: 7 | O47: AGOSTO
K48: =IF(MAESTRO!A8="","",MAESTRO!A8) -> INVERSIONES CAÑANDONGA,C.A (T. CONEJERO) | M48: 8 | O48: SEPTIEMBRE
K49: =IF(MAESTRO!A9="","",MAESTRO!A9) -> OPERADORA EL MERCADO 2011, C.A. (T. MERCADO) | M49: 9 | O49: OCTUBRE
K50: =IF(MAESTRO!A10="","",MAESTRO!A10) -> OPERADORA EL PUENTE 2011, C.A. (T. PUENTE REAL) | M50: 10 | O50: NOVIEMBRE
K51: =IF(MAESTRO!A11="","",MAESTRO!A11) -> OPERADORA LECHERÍA 2011, C.A. (T. LECHERÍA) | M51: 11 | O51: DICIEMBRE
K52: =IF(MAESTRO!A12="","",MAESTRO!A12) -> OPERADORA PUERTO LA CRUZ 2011, C.A. (T. PUERTO LA CRUZ) | M52: 12
K53: =IF(MAESTRO!A13="","",MAESTRO!A13) -> OPERADORA PUERTO ORDAZ 2013, C.A.(T. PUERTO ORDAZ) | M53: 13
K54: =IF(MAESTRO!A14="","",MAESTRO!A14) -> OPERADORA LAS AMERICAS, C.A | M54: 14
K55: =IF(MAESTRO!A15="","",MAESTRO!A15) -> OPERADORA PLAZA DEL SOL 2015, C.A | M55: 15
K56: =IF(MAESTRO!A16="","",MAESTRO!A16) -> RELIVE, C.A. (T. CHUPARÍN)
K57: =IF(MAESTRO!A17="","",MAESTRO!A17) -> RELIVE, C.A. (T. TERRAZAS)
K58: =IF(MAESTRO!A18="","",MAESTRO!A18) -> RELIVE, C.A. (T. TIGRE II)
K59: =IF(MAESTRO!A19="","",MAESTRO!A19) -> RELIVE, C.A. (T. TIGRE III)
K60: =IF(MAESTRO!A20="","",MAESTRO!A20)
K61: =IF(MAESTRO!A21="","",MAESTRO!A21)

Sheet CONSOLIDADO
A1: EQUIPOS | C1: TIENDAS
C2: ALT | D2: ANA | E2: CUM | F2: MAT I | G2: MAT II | H2: NVA BNA | I2: CHU | J2: TER | K2: TIG II | L2: TIG III | M2: LEC | N2: POZ | O2: PTE | P2: PLC | Q2: FRE | R2: VEN | S2: RED | T2: BOLPLC | U2: CHUR | V2: MANS | W2: FARO | X2: TOTAL
A3: CPU | B3: Inv. Ideal | C3: =ALT!D9 -> 5 | D3: =ANA!D9 -> 4 | E3: =CUM!D9 -> 5 | F3: ='MAT I'!D9 -> 5 | G3: ='MAT II'!D9 -> 5 | H3: ='NVA BNA'!D9 -> 4 | I3: =CHU!D9 -> 5 | J3: =TER!D9 -> 4 | K3: ='TIG II'!D9 -> 4 | L3: ='TIG III'!D9 -> 3 | M3: =LEC!D9 -> 8 | N3: =POZ!D9 -> 4 | O3: =PTE!D9 -> 6 | P3: =PLC!D9 -> 6 | Q3: =FRE!D9 -> 2 | R3: =VEN!D9 -> 8 | S3: =RED!D9 -> 5 | T3: =BOLPLC!D9 -> 3 | U3: =CHUR!D9 -> 4 | V3: =MANS!D9 -> 4 | W3: =FARO!E9 -> 5 | X3: =SUM(C3:S3) -> 83
B4: Inv. Real | C4: =ALT!E9 -> 5 | D4: =ANA!E9 -> 4 | E4: =CUM!E9 -> 5 | F4: ='MAT I'!E9 -> 5 | G4: ='MAT II'!E9 -> 5 | H4: ='NVA BNA'!E9 -> 4 | I4: =CHU!E9 -> 5 | J4: =TER!E9 -> 4 | K4: ='TIG II'!E9 -> 4 | L4: ='TIG III'!E9 -> 3 | M4: =LEC!E9 -> 8 | N4: =POZ!E9 -> 4 | O4: =PTE!E9 -> 6 | P4: =PLC!E9 -> 6 | Q4: =FRE!E9 -> 2 | R4: =VEN!E9 -> 8 | S4: =RED!E9 -> 5 | T4: =BOLPLC!E9 -> 3 | U4: =CHUR!E9 -> 4 | V4: =MANS!E9 -> 4 | W4: =FARO!F9 -> 5 | X4: =SUM(C4:S4) -> 83
B5: Equi. Ope. | C5: =ALT!F9 -> 5 | D5: =ANA!F9 -> 4 | E5: =CUM!E9 -> 5 | F5: 5 | G5: ='MAT II'!F9 -> 5 | H5: ='NVA BNA'!F9 -> 4 | I5: =CHU!E9 -> 5 | J5: =TER!F9 -> 4 | K5: ='TIG II'!F9 -> 4 | L5: ='TIG III'!F9 -> 3 | M5: =LEC!F9 -> 8 | N5: =POZ!F9 -> 4 | O5: =PTE!F9 -> 6 | P5: =PLC!F9 -> 6 | Q5: =FRE!F9 -> 2 | R5: =VEN!F9 -> 8 | S5: =RED!F9 -> 5 | T5: =BOLPLC!F9 -> 3 | U5: =CHUR!F9 -> 4 | V5: =MANS!F9 -> 4 | W5: =FARO!F9 -> 5 | X5: =SUM(C5:S5) -> 83
B6: Efect. | C6: =+C5/C4 -> 1 | D6: =+D5/D4 -> 1 | E6: =+E5/E4 -> 1 | F6: =+F5/F4 -> 1 | G6: =+G5/G4 -> 1 | H6: =+H5/H4 -> 1 | I6: =+I5/I4 -> 1 | J6: =+J5/J4 -> 1 | ... X6: =+X5/X4 -> 1
A7: MOUSE | B7: Inv. Ideal | C7: =ALT!D10 -> 5 | D7: =ANA!D10 -> 4 | E7: =CUM!D10 -> 5 | F7: 5 | G7: ='MAT II'!D10 -> 5 | H7: ='NVA BNA'!D10 -> 4 | I7: =CHU!D10 -> 5 | J7: =TER!D10 -> 4 | K7: ='TIG II'!D10 -> 4 | L7: ='TIG III'!D10 -> 3 | M7: =LEC!D10 -> 8 | N7: =POZ!D10 -> 4 | O7: =PTE!D10 -> 6 | P7: =PLC!D10 -> 6 | Q7: =FRE!D10 -> 2 | R7: =VEN!D10 -> 8 | S7: =RED!D10 -> 5 | T7: =BOLPLC!D10 -> 3 | U7: =CHUR!D10 -> 4 | V7: =MANS!D10 -> 4 | W7: =FARO!E10 -> 5 | X7: =SUM(C7:S7) -> 83
B8: Inv. Real | C8: =ALT!E10 -> 5 | D8: =ANA!E10 -> 4 | E8: =CUM!E10 -> 5 | F8: 5 | G8: ='MAT II'!E10 -> 5 | H8: ='NVA BNA'!E10 -> 4 | I8: =CHU!E10 -> 5 | J8: =TER!E10 -> 4 | K8: ='TIG II'!E10 -> 4 | L8: ='TIG III'!E10 -> 3 | M8: =LEC!E10 -> 8 | N8: =POZ!E10 -> 4 | O8: =PTE!E10 -> 6 | P8: =PLC!E10 -> 6 | Q8: =FRE!E10 -> 2 | R8: =VEN!E10 -> 8 | S8: =RED!E10 -> 5 | T8: =BOLPLC!E10 -> 3 | U8: =CHUR!E10 -> 4 | V8: =MANS!E10 -> 4 | W8: =FARO!F10 -> 5 | X8: =SUM(C8:S8) -> 83
B9: Equi. Ope. | C9: =ALT!F10 -> 5 | D9: =ANA!F10 -> 4 | E9: =CUM!E10 -> 5 | F9: 5 | G9: ='MAT II'!F10 -> 5 | H9: ='NVA BNA'!F10 -> 4 | I9: =CHU!E10 -> 5 | J9: =TER!F10 -> 4 | K9: ='TIG II'!F10 -> 4 | L9: ='TIG III'!F10 -> 3 | M9: =LEC!F10 -> 8 | N9: =POZ!F10 -> 4 | O9: =PTE!F10 -> 6 | P9: =PLC!F10 -> 6 | Q9: =FRE!F10 -> 2 | R9: =VEN!F10 -> 8 | S9: =RED!F10 -> 5 | T9: =BOLPLC!F10 -> 3 | U9: =CHUR!F10 -> 4 | V9: =MANS!F10 -> 4 | W9: =FARO!F10 -> 5 | X9: =SUM(C9:S9) -> 83
B10: Efect. | C10: =+C9/C8 -> 1 | D10: =+D9/D8 -> 1 | E10: =+E9/E8 -> 1 | F10: =+F9/F8 -> 1 | G10: =+G9/G8 -> 1 | H10: =+H9/H8 -> 1 | I10: =+I9/I8 -> 1 | J10: =+J9/J8 -> 1 | ... X10: =+X9/X8 -> 1
A11: TECLADOS | B11: Inv. Ideal | C11: =ALT!D11 -> 5 | D11: =ANA!D11 -> 4 | E11: =CUM!D11 -> 5 | F11: 5 | G11: ='MAT II'!D11 -> 5 | H11: ='NVA BNA'!D11 -> 4 | I11: =CHU!D11 -> 5 | J11: =TER!D11 -> 4 | K11: ='TIG II'!D11 -> 4 | L11: ='TIG III'!D11 -> 3 | M11: =LEC!D11 -> 8 | N11: =POZ!D11 -> 4 | O11: =PTE!D11 -> 6 | P11: =PLC!D11 -> 6 | Q11: =FRE!D11 -> 2 | R11: =VEN!D11 -> 8 | S11: =RED!D11 -> 5 | T11: =BOLPLC!D11 -> 3 | U11: =CHUR!D11 -> 4 | V11: =MANS!D11 -> 4 | W11: =FARO!E11 -> 5 | X11: =SUM(C11:S11) -> 83
B12: Inv. Real | C12: =ALT!E11 -> 5 | D12: =ANA!E11 -> 4 | E12: =CUM!E11 -> 5 | F12: 5 | G12: ='MAT II'!E11 -> 5 | H12: ='NVA BNA'!E11 -> 4 | I12: =CHU!E11 -> 5 | J12: =TER!E11 -> 4 | K12: ='TIG II'!E11 -> 4 | L12: ='TIG III'!E11 -> 3 | M12: =LEC!E11 -> 8 | N12: =POZ!E11 -> 4 | O12: =PTE!E11 -> 6 | P12: =PLC!E11 -> 6 | Q12: =FRE!E11 -> 2 | R12: =VEN!E11 -> 8 | S12: =RED!E11 -> 5 | T12: =BOLPLC!E11 -> 3 | U12: =CHUR!E11 -> 4 | V12: =MANS!E11 -> 4 | W12: =FARO!F11 -> 5 | X12: =SUM(C12:S12) -> 83
B13: Equi. Ope. | C13: =ALT!F11 -> 5 | D13: =ANA!F11 -> 4 | E13: =CUM!E11 -> 5 | F13: 5 | G13: ='MAT II'!F11 -> 5 | H13: ='NVA BNA'!F11 -> 4 | I13: =CHU!E11 -> 5 | J13: =TER!F11 -> 4 | K13: ='TIG II'!F11 -> 4 | L13: ='TIG III'!F11 -> 3 | M13: =LEC!F11 -> 8 | N13: =POZ!F11 -> 4 | O13: =PTE!F11 -> 6 | P13: =PLC!F11 -> 6 | Q13: =FRE!F11 -> 2 | R13: =VEN!F11 -> 8 | S13: =RED!F11 -> 5 | T13: =BOLPLC!F11 -> 3 | U13: =CHUR!F11 -> 4 | V13: =MANS!F11 -> 4 | W13: =FARO!F11 -> 5 | X13: =SUM(C13:S13) -> 83
B14: Efect. | C14: =+C13/C12 -> 1 | D14: =+D13/D12 -> 1 | E14: =+E13/E12 -> 1 | F14: =+F13/F12 -> 1 | G14: =+G13/G12 -> 1 | H14: =+H13/H12 -> 1 | I14: =+I13/I12 -> 1 | J14: =+J13/J12 -> 1 | ... X14: =+X13/X12 -> 1
A15: MONITORES | B15: Inv. Ideal | C15: =ALT!D12 -> 5 | D15: =ANA!D12 -> 4 | E15: =CUM!D12 -> 5 | F15: 5 | G15: ='MAT II'!D12 -> 5 | H15: ='NVA BNA'!D12 -> 4 | I15: =CHU!D12 -> 5 | J15: =TER!D12 -> 4 | K15: ='TIG II'!D12 -> 4 | L15: ='TIG III'!D12 -> 3 | M15: =LEC!D12 -> 8 | N15: =POZ!D12 -> 4 | O15: =PTE!D12 -> 6 | P15: =PLC!D12 -> 6 | Q15: =FRE!D12 -> 2 | R15: =VEN!D12 -> 8 | S15: =RED!D12 -> 5 | T15: =BOLPLC!D12 -> 3 | U15: =CHUR!D12 -> 4 | V15: =MANS!D12 -> 4 | W15: =FARO!E12 -> 5 | X15: =SUM(C15:S15) -> 83
B16: Inv. Real | C16: =ALT!E12 -> 5 | D16: =ANA!E12 -> 4 | E16: =CUM!E12 -> 5 | F16: 5 | G16: ='MAT II'!E12 -> 5 | H16: ='NVA BNA'!E12 -> 4 | I16: =CHU!E12 -> 5 | J16: =TER!E12 -> 4 | K16: ='TIG II'!E12 -> 4 | L16: ='TIG III'!E12 -> 3 | M16: =LEC!E12 -> 8 | N16: =POZ!E12 -> 4 | O16: =PTE!E12 -> 6 | P16: =PLC!E12 -> 6 | Q16: =FRE!E12 -> 2 | R16: =VEN!E12 -> 8 | S16: =RED!E12 -> 5 | T16: =BOLPLC!E12 -> 3 | U16: =CHUR!E12 -> 4 | V16: =MANS!E12 -> 4 | W16: =FARO!F12 -> 5 | X16: =SUM(C16:S16) -> 83
B17: Equi. Ope. | C17: =ALT!F12 -> 5 | D17: =ANA!F12 -> 4 | E17: =CUM!E12 -> 5 | F17: 5 | G17: ='MAT II'!F12 -> 5 | H17: ='NVA BNA'!F12 -> 4 | I17: =CHU!E12 -> 5 | J17: =TER!F12 -> 4 | K17: ='TIG II'!F12 -> 4 | L17: ='TIG III'!F12 -> 3 | M17: =LEC!F12 -> 8 | N17: =POZ!F12 -> 4 | O17: =PTE!F12 -> 6 | P17: =PLC!F12 -> 6 | Q17: =FRE!F12 -> 2 | R17: =VEN!F12 -> 8 | S17: =RED!F12 -> 5 | T17: =BOLPLC!F12 -> 3 | U17: =CHUR!F12 -> 4 | V17: =MANS!F12 -> 4 | W17: =FARO!F12 -> 5 | X17: =SUM(C17:S17) -> 83
B18: Efect. | C18: =+C17/C16 -> 1 | D18: =+D17/D16 -> 1 | E18: =+E17/E16 -> 1 | F18: =+F17/F16 -> 1 | G18: =+G17/G16 -> 1 | H18: =+H17/H16 -> 1 | I18: =+I17/I16 -> 1 | J18: =+J17/J16 -> 1 | ... X18: =+X17/X16 -> 1
A19: REGULADORES | B19: Inv. Ideal | C19: =ALT!D13 -> 5 | D19: =ANA!D13 -> 4 | E19: =CUM!D13 -> 5 | F19: 5 | G19: ='MAT II'!D13 -> 5 | H19: ='NVA BNA'!D13 -> 4 | I19: =CHU!D13 -> 5 | J19: =TER!D13 -> 4 | K19: ='TIG II'!D13 -> 4 | L19: ='TIG III'!D13 -> 3 | M19: =LEC!D13 -> 8 | N19: =POZ!D13 -> 4 | O19: =PTE!D13 -> 6 | P19: =PLC!D13 -> 6 | Q19: =FRE!D13 -> 2 | R19: =VEN!D13 -> 8 | S19: =RED!D13 -> 5 | T19: =BOLPLC!D13 -> 3 | U19: =CHUR!D13 -> 4 | V19: =MANS!D13 -> 4 | W19: =FARO!E13 -> 5 | X19: 92
B20: Inv. Real | C20: =ALT!E13 -> 5 | D20: =ANA!E13 -> 4 | E20: =CUM!E13 -> 5 | F20: 5 | G20: ='MAT II'!E13 -> 5 | H20: ='NVA BNA'!E13 -> 4 | I20: =CHU!E13 -> 5 | J20: =TER!E13 -> 4 | K20: ='TIG II'!E13 -> 4 | L20: ='TIG III'!E13 -> 3 | M20: =LEC!E13 -> 8 | N20: =POZ!E13 -> 4 | O20: =PTE!E13 -> 6 | P20: =PLC!E13 -> 6 | Q20: =FRE!E13 -> 2 | R20: =VEN!E13 -> 8 | S20: =RED!E13 -> 5 | T20: =BOLPLC!E13 -> 3 | U20: =CHUR!E13 -> 4 | V20: =MANS!E13 -> 4 | W20: =FARO!F13 -> 5 | X20: 90
B21: Equi. Ope. | C21: =ALT!F13 -> 5 | D21: =ANA!F13 -> 4 | E21: =CUM!E13 -> 5 | F21: 5 | G21: ='MAT II'!F13 -> 5 | H21: ='NVA BNA'!F13 -> 4 | I21: =CHU!E13 -> 5 | J21: =TER!F13 -> 4 | K21: ='TIG II'!F13 -> 4 | L21: ='TIG III'!F13 -> 3 | M21: =LEC!F13 -> 8 | N21: =POZ!F13 -> 4 | O21: =PTE!F13 -> 6 | P21: =PLC!F13 -> 6 | Q21: =FRE!F13 -> 2 | R21: =VEN!F13 -> 8 | S21: =RED!F13 -> 5 | T21: =BOLPLC!F13 -> 3 | U21: =CHUR!F13 -> 4 | V21: =MANS!F13 -> 4 | W21: =FARO!F13 -> 5 | X21: 81
B22: Efect. | C22: =+C21/C20 -> 1 | D22: =+D21/D20 -> 1 | E22: =+E21/E20 -> 1 | F22: =+F21/F20 -> 1 | G22: =+G21/G20 -> 1 | H22: =+H21/H20 -> 1 | I22: =+I21/I20 -> 1 | J22: =+J21/J20 -> 1 | ... X22: =+X21/X20 -> 0.9
A23: IMPRESORA MULTIFUNCIONAL | B23: Inv. Ideal | C23: =ALT!D14 -> 1 | D23: =ANA!D14 -> 1 | E23: =CUM!D14 -> 1 | F23: 1 | G23: ='MAT II'!D14 -> 1 | H23: ='NVA BNA'!D14 -> 1 | I23: =CHU!D214 -> 0 | J23: =TER!D14 -> 1 | K23: ='TIG II'!D14 -> 1 | L23: ='TIG III'!D14 -> 1 | M23: =LEC!D14 -> 1 | N23: =POZ!D14 -> 1 | O23: =PTE!D14 -> 1 | P23: =PLC!D14 -> 1 | Q23: =FRE!D14 -> 1 | R23: =VEN!D14 -> 1 | S23: =RED!D14 -> 1 | T23: =BOLPLC!D14 -> 1 | U23: =CHUR!D14 -> 1 | V23: =MANS!D14 -> 1 | W23: =FARO!E14 -> 1 | X23: =SUM(C23:S23) -> 16
B24: Inv. Real | C24: =ALT!E14 -> 1 | D24: =ANA!E14 -> 1 | E24: =CUM!E14 -> 1 | F24: 1 | G24: ='MAT II'!E14 -> 1 | H24: ='NVA BNA'!E14 -> 1 | I24: =CHU!E14 -> 1 | J24: =TER!E14 -> 1 | K24: ='TIG II'!E14 -> 1 | L24: ='TIG III'!E14 -> 1 | M24: =LEC!E14 -> 1 | N24: =POZ!E14 -> 1 | O24: =PTE!E14 -> 1 | P24: =PLC!E14 -> 1 | Q24: =FRE!E14 -> 1 | R24: =VEN!E14 -> 1 | S24: =RED!E14 -> 1 | T24: =BOLPLC!E14 -> 1 | U24: =CHUR!E14 -> 1 | V24: =MANS!E14 -> 1 | W24: =FARO!F14 -> 1 | X24: =SUM(C24:S24) -> 17
B25: Equi. Ope. | C25: =ALT!F14 -> 1 | D25: =ANA!F14 -> 1 | E25: =CUM!E14 -> 1 | F25: 1 | G25: ='MAT II'!F14 -> 1 | H25: ='NVA BNA'!F14 -> 1 | I25: =CHU!E14 -> 1 | J25: =TER!F14 -> 1 | K25: ='TIG II'!F14 -> 1 | L25: ='TIG III'!F14 -> 1 | M25: =LEC!F14 -> 1 | N25: =POZ!F14 -> 1 | O25: =PTE!F14 -> 1 | P25: =PLC!F14 -> 1 | Q25: =FRE!F14 -> 1 | R25: =VEN!F14 -> 1 | S25: =RED!F14 -> 1 | T25: =BOLPLC!F14 -> 1 | U25: =CHUR!F14 -> 1 | V25: =MANS!F14 -> 1 | W25: =FARO!F14 -> 1 | X25: =SUM(C25:S25) -> 17
B26: Efect. | C26: =+C25/C24 -> 1 | D26: =+D25/D24 -> 1 | E26: =+E25/E24 -> 1 | F26: =+F25/F24 -> 1 | G26: =+G25/G24 -> 1 | H26: =+H25/H24 -> 1 | I26: =+I25/I24 -> 1 | J26: =+J25/J24 -> 1 | ... X26: =+X25/X24 -> 1
A27: IMPRESORAS FISCALES | B27: Inv. Ideal | C27: =ALT!D15 -> 3 | D27: =ANA!D15 -> 3 | E27: =CUM!D15 -> 4 | F27: 4 | G27: ='MAT II'!D15 -> 3 | H27: ='NVA BNA'!D15 -> 2 | I27: =CHU!D15 -> 4 | J27: =TER!D15 -> 3 | K27: ='TIG II'!D15 -> 3 | L27: ='TIG III'!D15 -> 2 | M27: =LEC!D15 -> 6 | N27: =POZ!D15 -> 2 | O27: =PTE!D15 -> 5 | P27: =PLC!D15 -> 5 | Q27: =FRE!D15 -> 1 | R27: =VEN!D15 -> 7 | S27: =RED!D15 -> 5 | T27: =BOLPLC!D15 -> 2 | U27: =CHUR!D15 -> 3 | V27: =MANS!D15 -> 3 | W27: =FARO!E15 -> 4 | X27: =SUM(C27:S27) -> 62
B28: Inv. Real | C28: =ALT!E15 -> 3 | D28: =ANA!E15 -> 3 | E28: =CUM!E15 -> 4 | F28: 4 | G28: ='MAT II'!E15 -> 3 | H28: ='NVA BNA'!E15 -> 2 | I28: =CHU!E15 -> 4 | J28: =TER!E15 -> 3 | K28: ='TIG II'!E15 -> 3 | L28: ='TIG III'!E15 -> 2 | M28: =LEC!E15 -> 6 | N28: =POZ!E15 -> 2 | O28: =PTE!E15 -> 5 | P28: =PLC!E15 -> 5 | Q28: =FRE!E15 -> 1 | R28: =VEN!E15 -> 7 | S28: =RED!E15 -> 5 | T28: =BOLPLC!E15 -> 2 | U28: =CHUR!E15 -> 3 | V28: =MANS!E15 -> 3 | W28: =FARO!F15 -> 4 | X28: =SUM(C28:S28) -> 62
B29: Equi. Ope. | C29: =ALT!F15 -> 3 | D29: =ANA!F15 -> 3 | E29: =CUM!E15 -> 4 | F29: 4 | G29: ='MAT II'!F15 -> 3 | H29: ='NVA BNA'!F15 -> 2 | I29: =CHU!E15 -> 4 | J29: =TER!F15 -> 2 | K29: ='TIG II'!F15 -> 3 | L29: ='TIG III'!F15 -> 2 | M29: =LEC!F15 -> 6 | N29: =POZ!F15 -> 2 | O29: =PTE!F15 -> 5 | P29: =PLC!F15 -> 4 | Q29: =FRE!F15 -> 1 | R29: =VEN!F15 -> 7 | S29: =RED!F15 -> 5 | T29: =BOLPLC!F15 -> 2 | U29: =CHUR!F15 -> 3 | V29: =MANS!F15 -> 3 | W29: =FARO!F15 -> 4 | X29: =SUM(C29:S29) -> 60
B30: Efect. | C30: =+C29/C28 -> 1 | D30: =+D29/D28 -> 1 | E30: =+E29/E28 -> 1 | F30: =+F29/F28 -> 1 | G30: =+G29/G28 -> 1 | H30: =+H29/H28 -> 1 | I30: =+I29/I28 -> 1 | J30: =+J29/J28 -> 0.66666667 | ... X30: =+X29/X28 -> 0.96774194
A31: ROUTER | B31: Inv. Ideal | C31: =ALT!D23 -> 1 | D31: =ANA!D23 -> 1 | E31: =CUM!D23 -> 1 | F31: 1 | G31: ='MAT II'!D23 -> 1 | H31: ='NVA BNA'!D23 -> 1 | I31: =CHU!D23 -> 1 | J31: =TER!D23 -> 1 | K31: ='TIG II'!D23 -> 1 | L31: ='TIG III'!D23 -> 1 | M31: =LEC!D25 -> 3 | N31: =POZ!D23 -> 1 | O31: =PTE!D23 -> 2 | P31: =PLC!D23 -> 1 | Q31: =FRE!D23 -> 1 | R31: =VEN!D24 -> 2 | S31: =RED!D23 -> 1 | T31: =BOLPLC!D23 -> 1 | U31: =CHUR!D23 -> 1 | V31: =MANS!D23 -> 1 | W31: =FARO!E23 -> 1 | X31: =SUM(C31:S31) -> 21
B32: Inv. Real | C32: =ALT!E23 -> 1 | D32: =ANA!E23 -> 1 | E32: =CUM!E23 -> 1 | F32: 1 | G32: ='MAT II'!E23 -> 1 | H32: ='NVA BNA'!E23 -> 1 | I32: =CHU!E23 -> 1 | J32: =TER!E23 -> 1 | K32: ='TIG II'!E23 -> 1 | L32: ='TIG III'!E23 -> 1 | M32: =LEC!E25 -> 3 | N32: =POZ!E23 -> 1 | O32: =PTE!E23 -> 2 | P32: =PLC!E23 -> 1 | Q32: =FRE!E23 -> 1 | R32: =VEN!E24 -> 2 | S32: =RED!E23 -> 1 | T32: =BOLPLC!E23 -> 1 | U32: =CHUR!E23 -> 1 | V32: =MANS!E23 -> 1 | W32: =FARO!F23 -> 1 | X32: =SUM(C32:S32) -> 21
B33: Equi. Ope. | C33: =ALT!F23 -> 1 | D33: =ANA!F23 -> 1 | E33: =CUM!E23 -> 1 | F33: 1 | G33: ='MAT II'!F23 -> 1 | H33: ='NVA BNA'!F23 -> 1 | I33: =CHU!E23 -> 1 | J33: =TER!F23 -> 1 | K33: ='TIG II'!F23 -> 1 | L33: ='TIG III'!F23 -> 1 | M33: =LEC!F25 -> 3 | N33: =POZ!F23 -> 1 | O33: =PTE!F23 -> 2 | P33: =PLC!F23 -> 1 | Q33: =FRE!F23 -> 1 | R33: =VEN!F24 -> 2 | S33: =RED!F23 -> 1 | T33: =BOLPLC!F23 -> 1 | U33: =CHUR!F23 -> 1 | V33: =MANS!F23 -> 1 | W33: =FARO!F23 -> 1 | X33: =SUM(C33:S33) -> 21
B34: Efect. | C34: =+C33/C32 -> 1 | D34: =+D33/D32 -> 1 | E34: =+E33/E32 -> 1 | F34: =+F33/F32 -> 1 | G34: =+G33/G32 -> 1 | H34: =+H33/H32 -> 1 | I34: =+I33/I32 -> 1 | J34: =+J33/J32 -> 1 | ... X34: =+X33/X32 -> 1
A35: SUICHE | B35: Inv. Ideal | C35: =ALT!D24 -> 2 | D35: =ANA!D24 -> 1 | E35: =CUM!D24 -> 1 | F35: 1 | G35: ='MAT II'!D24 -> 2 | H35: ='NVA BNA'!D24 -> 1 | I35: =CHU!D24 -> 2 | J35: =TER!D24 -> 1 | K35: ='TIG II'!D24 -> 1 | L35: ='TIG III'!D24 -> 1 | M35: =LEC!D26 -> 4 | N35: =POZ!D24 -> 1 | O35: =PTE!D24 -> 2 | P35: =PLC!D24 -> 2 | Q35: =FRE!D24 -> 1 | R35: =VEN!D25 -> 3 | S35: =RED!D24 -> 2 | T35: =BOLPLC!D24 -> 2 | U35: =CHUR!D24 -> 2 | V35: =MANS!D24 -> 1 | W35: =FARO!E24 -> 1 | X35: =SUM(C35:S35) -> 28
B36: Inv. Real | C36: =ALT!E24 -> 2 | D36: =ANA!E24 -> 1 | E36: =CUM!E24 -> 1 | F36: 1 | G36: ='MAT II'!E24 -> 2 | H36: ='NVA BNA'!E24 -> 1 | I36: =CHU!E24 -> 2 | J36: =TER!E24 -> 1 | K36: ='TIG II'!E24 -> 1 | L36: ='TIG III'!E24 -> 1 | M36: =LEC!E26 -> 4 | N36: =POZ!E24 -> 1 | O36: =PTE!E24 -> 2 | P36: =PLC!E24 -> 2 | Q36: =FRE!E24 -> 1 | R36: =VEN!E25 -> 3 | S36: =RED!E24 -> 2 | T36: =BOLPLC!E24 -> 2 | U36: =CHUR!E24 -> 2 | V36: =MANS!E24 -> 1 | W36: =FARO!F24 -> 1 | X36: =SUM(C36:S36) -> 28
B37: Equi. Ope. | C37: =ALT!F24 -> 2 | D37: =ANA!F24 -> 1 | E37: =CUM!E24 -> 1 | F37: 1 | G37: ='MAT II'!F24 -> 2 | H37: ='NVA BNA'!F24 -> 1 | I37: =CHU!E24 -> 2 | J37: =TER!F24 -> 1 | K37: ='TIG II'!F24 -> 1 | L37: ='TIG III'!F24 -> 1 | M37: =LEC!F26 -> 4 | N37: =POZ!F24 -> 1 | O37: =PTE!F24 -> 2 | P37: =PLC!F24 -> 2 | Q37: =FRE!F24 -> 1 | R37: =VEN!F25 -> 3 | S37: =RED!F24 -> 2 | T37: =BOLPLC!F24 -> 2 | U37: =CHUR!F24 -> 2 | V37: =MANS!F24 -> 1 | W37: =FARO!F24 -> 1 | X37: =SUM(C37:S37) -> 28
B38: Efect. | C38: =+C37/C36 -> 1 | D38: =+D37/D36 -> 1 | E38: =+E37/E36 -> 1 | F38: =+F37/F36 -> 1 | G38: =+G37/G36 -> 1 | H38: =+H37/H36 -> 1 | I38: =+I37/I36 -> 1 | J38: =+J37/J36 -> 1 | ... X38: =+X37/X36 -> 1
A39: ESCANER DE CODIGO DE BARRAS | B39: Inv. Ideal | C39: =ALT!D25 -> 5 | D39: =ANA!D25 -> 4 | E39: =CUM!D25 -> 5 | F39: 4 | G39: ='MAT II'!D25 -> 5 | H39: ='NVA BNA'!D25 -> 4 | I39: =CHU!D25 -> 5 | J39: =TER!D25 -> 4 | K39: ='TIG II'!D25 -> 4 | L39: ='TIG III'!D25 -> 3 | M39: =LEC!D27 -> 8 | N39: =POZ!D25 -> 4 | O39: =PTE!D25 -> 6 | P39: =PLC!D25 -> 6 | Q39: =FRE!D25 -> 2 | R39: =VEN!D26 -> 8 | S39: =RED!D25 -> 5 | T39: =BOLPLC!D25 -> 3 | U39: =CHUR!D25 -> 4 | V39: =MANS!D25 -> 4 | W39: =FARO!E25 -> 5 | X39: =SUM(C39:S39) -> 82
B40: Inv. Real | C40: =ALT!E25 -> 5 | D40: =ANA!E25 -> 4 | E40: =CUM!E25 -> 5 | F40: 4 | G40: ='MAT II'!E25 -> 5 | H40: ='NVA BNA'!E25 -> 4 | I40: =CHU!E25 -> 5 | J40: =TER!E25 -> 4 | K40: ='TIG II'!E25 -> 4 | L40: ='TIG III'!E25 -> 3 | M40: =LEC!E27 -> 8 | N40: =POZ!E25 -> 4 | O40: =PTE!E25 -> 6 | P40: =PLC!E25 -> 6 | Q40: =FRE!E25 -> 2 | R40: =VEN!E26 -> 8 | S40: =RED!E25 -> 5 | T40: =BOLPLC!E25 -> 3 | U40: =CHUR!E25 -> 4 | V40: =MANS!E25 -> 4 | W40: =FARO!F25 -> 5 | X40: =SUM(C40:S40) -> 82
B41: Equi. Ope. | C41: =ALT!F25 -> 5 | D41: =ANA!F25 -> 4 | E41: =CUM!E25 -> 5 | F41: 4 | G41: ='MAT II'!F25 -> 5 | H41: ='NVA BNA'!F25 -> 4 | I41: =CHU!E24 -> 2 | J41: =TER!F25 -> 4 | K41: ='TIG II'!F25 -> 4 | L41: ='TIG III'!F25 -> 3 | M41: =LEC!F27 -> 8 | N41: =POZ!F25 -> 4 | O41: =PTE!F25 -> 6 | P41: =PLC!F25 -> 6 | Q41: =FRE!F25 -> 2 | R41: =VEN!F26 -> 8 | S41: =RED!F25 -> 5 | T41: =BOLPLC!F25 -> 3 | U41: =CHUR!F25 -> 4 | V41: =MANS!F25 -> 4 | W41: =FARO!F25 -> 5 | X41: =SUM(C41:S41) -> 79
B42: Efect. | C42: =+C41/C40 -> 1 | D42: =+D41/D40 -> 1 | E42: =+E41/E40 -> 1 | F42: =+F41/F40 -> 1 | G42: =+G41/G40 -> 1 | H42: =+H41/H40 -> 1 | I42: =+I41/I40 -> 0.4 | J42: =+J41/J40 -> 1 | ... X42: =+X41/X40 -> 0.96341463
A43: VISOR DE VENTA | B43: Inv. Ideal | C43: =ALT!D26 -> 2 | D43: =ANA!D26 -> 2 | E43: =CUM!D26 -> 2 | F43: 1 | G43: ='MAT II'!D26 -> 2 | H43: ='NVA BNA'!D26 -> 1 | I43: =CHU!D26 -> 2 | J43: =TER!D26 -> 2 | K43: ='TIG II'!D26 -> 2 | L43: ='TIG III'!D26 -> 2 | M43: =LEC!D28 -> 4 | N43: =POZ!D26 -> 2 | O43: =PTE!D26 -> 2 | P43: =PLC!D26 -> 2 | Q43: =FRE!D26 -> 0 | R43: =VEN!D27 -> 3 | S43: =RED!D26 -> 2 | T43: =BOLPLC!D26 -> 1 | U43: =CHUR!D26 -> 1 | V43: =MANS!D26 -> 1 | W43: =FARO!E26 -> 1 | X43: =SUM(C43:S43) -> 33
B44: Inv. Real | C44: =ALT!E26 -> 2 | D44: =ANA!E26 -> 2 | E44: =CUM!E26 -> 2 | F44: 1 | G44: ='MAT II'!E26 -> 2 | H44: ='NVA BNA'!E26 -> 1 | I44: =CHU!E26 -> 2 | J44: =TER!E26 -> 2 | K44: ='TIG II'!E26 -> 2 | L44: ='TIG III'!E26 -> 2 | M44: =LEC!E28 -> 4 | N44: =POZ!E26 -> 2 | O44: =PTE!E26 -> 2 | P44: =PLC!E26 -> 2 | Q44: =FRE!E26 -> 0 | R44: =VEN!E27 -> 3 | S44: =RED!E26 -> 2 | T44: =BOLPLC!E26 -> 1 | U44: =CHUR!E26 -> 1 | V44: =MANS!E26 -> 1 | W44: =FARO!F26 -> 1 | X44: =SUM(C44:S44) -> 33
B45: Equi. Ope. | C45: =ALT!F26 -> 2 | D45: =ANA!F26 -> 2 | E45: =CUM!E26 -> 2 | F45: 0 | G45: ='MAT II'!F26 -> 2 | H45: ='NVA BNA'!F26 -> 1 | I45: =CHU!E26 -> 2 | J45: =TER!F26 -> 2 | K45: ='TIG II'!F26 -> 2 | L45: ='TIG III'!F26 -> 2 | M45: =LEC!F28 -> 4 | N45: =POZ!F26 -> 2 | O45: =PTE!F26 -> 2 | P45: =PLC!F26 -> 2 | Q45: =FRE!F26 -> 0 | R45: =VEN!F27 -> 3 | S45: =RED!F26 -> 2 | T45: =BOLPLC!F26 -> 1 | U45: =CHUR!F26 -> 1 | V45: =MANS!F26 -> 1 | W45: =FARO!F26 -> 1 | X45: =SUM(C45:S45) -> 32
B46: Efect. | C46: =+C45/C44 -> 1 | D46: =+D45/D44 -> 1 | E46: =+E45/E44 -> 1 | F46: =+F45/F44 -> 0 | G46: =+G45/G44 -> 1 | H46: =+H45/H44 -> 1 | I46: =+I45/I44 -> 1 | J46: =+J45/J44 -> 1 | ... V46: =+V45/V44 -> 1 | W46: =+W45/W43 -> 1 | X46: =+X45/X44 -> 0.96969697
A47: DVR´S | B47: Inv. Ideal | C47: =ALT!D27 -> 1 | D47: =ANA!D27 -> 1 | E47: =CUM!D27 -> 1 | F47: 1 | G47: ='MAT II'!D27 -> 1 | H47: ='NVA BNA'!D27 -> 1 | I47: =CHU!D27 -> 1 | J47: =TER!D27 -> 1 | K47: ='TIG II'!D27 -> 1 | L47: ='TIG III'!D27 -> 1 | M47: =LEC!D29 -> 1 | N47: =POZ!D27 -> 1 | O47: =PTE!D27 -> 1 | P47: =PLC!D27 -> 1 | Q47: =FRE!D27 -> 1 | R47: =VEN!D28 -> 1 | S47: =RED!D27 -> 1 | T47: =BOLPLC!D27 -> 1 | U47: =CHUR!D27 -> 1 | V47: =MANS!D27 -> 1 | W47: =FARO!E27 -> 1 | X47: =SUM(C47:S47) -> 17
B48: Inv. Real | C48: =ALT!E27 -> 1 | D48: =ANA!E27 -> 1 | E48: =CUM!E27 -> 1 | F48: 1 | G48: ='MAT II'!E27 -> 1 | H48: ='NVA BNA'!E27 -> 1 | I48: =CHU!E27 -> 1 | J48: =TER!E27 -> 1 | K48: ='TIG II'!E27 -> 1 | L48: ='TIG III'!E27 -> 1 | M48: =LEC!E29 -> 1 | N48: =POZ!E27 -> 1 | O48: =PTE!E27 -> 1 | P48: =PLC!E27 -> 1 | Q48: =FRE!E27 -> 1 | R48: =VEN!E28 -> 1 | S48: =RED!E27 -> 1 | T48: =BOLPLC!E27 -> 1 | U48: =CHUR!E27 -> 1 | V48: =MANS!E27 -> 1 | W48: =FARO!F27 -> 1 | X48: =SUM(C48:S48) -> 17
B49: Equi. Ope. | C49: =ALT!F27 -> 1 | D49: =ANA!F27 -> 1 | E49: =CUM!E27 -> 1 | F49: 1 | G49: ='MAT II'!F27 -> 1 | H49: ='NVA BNA'!F27 -> 1 | I49: =CHU!E27 -> 1 | J49: =TER!F27 -> 1 | K49: ='TIG II'!F27 -> 1 | L49: ='TIG III'!F27 -> 1 | M49: =LEC!F29 -> 1 | N49: =POZ!F27 -> 1 | O49: =PTE!F27 -> 1 | P49: =PLC!F27 -> 1 | Q49: =FRE!F27 -> 1 | R49: =VEN!F28 -> 1 | S49: =RED!F27 -> 1 | T49: =BOLPLC!F27 -> 1 | U49: =CHUR!F27 -> 1 | V49: =MANS!F27 -> 1 | W49: =FARO!F27 -> 1 | X49: =SUM(C49:S49) -> 17
B50: Efect. | C50: =+C49/C48 -> 1 | D50: =+D49/D48 -> 1 | E50: =+E49/E48 -> 1 | F50: =+F49/F48 -> 1 | G50: =+G49/G48 -> 1 | H50: =+H49/H48 -> 1 | I50: =+I49/I48 -> 1 | J50: =+J49/J48 -> 1 | ... X50: =+X49/X48 -> 1
A51: MODEM | B51: Inv. Ideal | C51: =ALT!D28 -> 1 | D51: =ANA!D28 -> 1 | E51: =CUM!D28 -> 1 | F51: 1 | G51: ='MAT II'!D28 -> 1 | H51: ='NVA BNA'!D28 -> 1 | I51: =CHU!D28 -> 1 | J51: =TER!D28 -> 1 | K51: ='TIG II'!D28 -> 1 | L51: ='TIG III'!D28 -> 1 | M51: =LEC!D30 -> 1 | N51: =POZ!D28 -> 1 | O51: =PTE!D28 -> 1 | P51: =PLC!D28 -> 1 | Q51: =FRE!D28 -> 1 | R51: =VEN!D29 -> 1 | S51: =RED!D28 -> 1 | T51: =BOLPLC!D28 -> 1 | U51: =CHUR!D28 -> 1 | V51: =MANS!D28 -> 1 | W51: =FARO!E28 -> 1 | X51: =SUM(C51:S51) -> 17
B52: Inv. Real | C52: =ALT!E28 -> 1 | D52: =ANA!E28 -> 1 | E52: =CUM!E28 -> 1 | F52: 1 | G52: ='MAT II'!E28 -> 1 | H52: ='NVA BNA'!E28 -> 1 | I52: =CHU!E28 -> 1 | J52: =TER!E28 -> 1 | K52: ='TIG II'!E28 -> 1 | L52: ='TIG III'!E28 -> 1 | M52: =LEC!E30 -> 1 | N52: =POZ!E28 -> 1 | O52: =PTE!E28 -> 1 | P52: =PLC!E28 -> 1 | Q52: =FRE!E28 -> 1 | R52: =VEN!E29 -> 1 | S52: =RED!E28 -> 1 | T52: =BOLPLC!E28 -> 1 | U52: =CHUR!E28 -> 1 | V52: =MANS!E28 -> 1 | W52: =FARO!F28 -> 1 | X52: =SUM(C52:S52) -> 17
B53: Equi. Ope. | C53: =ALT!F28 -> 1 | D53: =ANA!F28 -> 1 | E53: =CUM!E28 -> 1 | F53: 1 | G53: ='MAT II'!F28 -> 1 | H53: ='NVA BNA'!F28 -> 1 | I53: =CHU!E28 -> 1 | J53: =TER!F28 -> 1 | K53: ='TIG II'!F28 -> 1 | L53: ='TIG III'!F28 -> 1 | M53: =LEC!F30 -> 1 | N53: =POZ!F28 -> 1 | O53: =PTE!F28 -> 1 | P53: =PLC!F28 -> 1 | Q53: =FRE!F28 -> 1 | R53: =VEN!F29 -> 1 | S53: =RED!F28 -> 1 | T53: =BOLPLC!F28 -> 1 | U53: =CHUR!F28 -> 1 | V53: =MANS!F28 -> 1 | W53: =FARO!F28 -> 1 | X53: =SUM(C53:S53) -> 17
B54: Efect. | C54: =+C53/C52 -> 1 | D54: =+D53/D52 -> 1 | E54: =+E53/E52 -> 1 | F54: =+F53/F52 -> 1 | G54: =+G53/G52 -> 1 | H54: =+H53/H52 -> 1 | I54: =+I53/I52 -> 1 | J54: =+J53/J52 -> 1 | ... X54: =+X53/X52 -> 1
A55: LIBROS DE IMPRESORAS FISCALES | B55: Inv. Ideal | C55: =ALT!D29 -> 3 | D55: =ANA!D29 -> 3 | E55: =CUM!D29 -> 4 | F55: 4 | G55: ='MAT II'!D29 -> 3 | H55: ='NVA BNA'!D29 -> 2 | I55: =CHU!D29 -> 4 | J55: =TER!D29 -> 3 | K55: ='TIG II'!D29 -> 3 | L55: ='TIG III'!D29 -> 2 | M55: =LEC!D31 -> 6 | N55: =POZ!D29 -> 2 | O55: =PTE!D29 -> 5 | P55: =PLC!D29 -> 5 | Q55: =FRE!D29 -> 1 | R55: =VEN!D30 -> 7 | S55: =RED!D29 -> 5 | T55: =BOLPLC!D29 -> 2 | U55: =CHUR!D29 -> 3 | V55: =MANS!D29 -> 3 | W55: =FARO!E29 -> 4 | X55: =SUM(C55:S55) -> 62
B56: Inv. Real | C56: =ALT!E29 -> 3 | D56: =ANA!E29 -> 3 | E56: =CUM!E29 -> 4 | F56: 4 | G56: ='MAT II'!E29 -> 3 | H56: ='NVA BNA'!E29 -> 2 | I56: =CHU!E29 -> 4 | J56: =TER!E29 -> 3 | K56: ='TIG II'!E29 -> 3 | L56: ='TIG III'!E29 -> 2 | M56: =LEC!E31 -> 6 | N56: =POZ!E29 -> 2 | O56: =PTE!E29 -> 5 | P56: =PLC!E29 -> 5 | Q56: =FRE!E29 -> 1 | R56: =VEN!E30 -> 7 | S56: =RED!E29 -> 5 | T56: =BOLPLC!E29 -> 2 | U56: =CHUR!E29 -> 3 | V56: =MANS!E29 -> 3 | W56: =FARO!F29 -> 4 | X56: =SUM(C56:S56) -> 62
B57: Equi. Ope. | C57: =ALT!F29 -> 3 | D57: =ANA!F29 -> 3 | E57: =CUM!E29 -> 4 | F57: 4 | G57: ='MAT II'!F29 -> 3 | H57: ='NVA BNA'!F29 -> 2 | I57: =CHU!E29 -> 4 | J57: =TER!F29 -> 3 | K57: ='TIG II'!F29 -> 3 | L57: ='TIG III'!F29 -> 2 | M57: =LEC!F31 -> 6 | N57: =POZ!F29 -> 2 | O57: =PTE!F29 -> 5 | P57: =PLC!F29 -> 5 | Q57: =FRE!F29 -> 1 | R57: =VEN!F30 -> 7 | S57: =RED!F29 -> 5 | T57: =BOLPLC!F29 -> 2 | U57: =CHUR!F29 -> 3 | V57: =MANS!F29 -> 3 | W57: =FARO!F29 -> 4 | X57: =SUM(C57:S57) -> 62
B58: Efect. | C58: =+C57/C56 -> 1 | D58: =+D57/D56 -> 1 | E58: =+E57/E56 -> 1 | F58: =+F57/F56 -> 1 | G58: =+G57/G56 -> 1 | H58: =+H57/H56 -> 1 | I58: =+I57/I56 -> 1 | J58: =+J57/J56 -> 1 | ... X58: =+X57/X56 -> 1
A59: % Efectividad en Equipos | C59: =AVERAGE(C58,C54,C50,C42,C38,C34,C30,C26,C22,C18,C14,C10,C6,C46) -> 1 | D59: =AVERAGE(D58,D54,D50,D42,D38,D34,D30,D26,D22,D18,D14,D10,D6,D46) -> 1 | E59: =AVERAGE(E58,E54,E50,E42,E38,E34,E30,E26,E22,E18,E14,E10,E6,E46) -> 1 | F59: =AVERAGE(F58,F54,F50,F42,F38,F34,F30,F26,F22,F18,F14,F10,F6,F46) -> 0.92857143 | G59: =AVERAGE(G58,G54,G50,G42,G38,G34,G30,G26,G22,G18,G14,G10,G6,G46) -> 1 | H59: =AVERAGE(H58,H54,H50,H42,H38,H34,H30,H26,H22,H18,H14,H10,H6,H46) -> 1 | I59: =AVERAGE(I58,I54,I50,I42,I38,I34,I30,I26,I22,I18,I14,I10,I6,I46) -> 0.95714286 | J59: =AVERAGE(J58,J54,J50,J42,J38,J34,J30,J26,J22,J18,J14,J10,J6,J46) -> 0.97619048 | ... P59: =AVERAGE(P58,P54,P50,P42,P38,P34,P30,P26,P22,P18,P14,P10,P6,P46) -> 0.98571429 | Q59: =AVERAGE(Q58,Q54,Q50,Q42,Q38,Q34,Q30,Q26,Q22,Q18,Q14,Q10,Q6) -> 1 | R59: =AVERAGE(R58,R54,R50,R42,R38,R34,R30,R26,R22,R18,R14,R10,R6,R46) -> 1 | S59: =AVERAGE(S58,S54,S50,S42,S38,S34,S30,S26,S22,S18,S14,S10,S6,S46) -> 1 | T59: =AVERAGE(T58,T54,T50,T42,T38,T34,T30,T26,T22,T18,T14,T10,T6,T46) -> 1 | U59: =AVERAGE(U58,U54,U50,U42,U38,U34,U30,U26,U22,U18,U14,U10,U6,U46) -> 1 | V59: =AVERAGE(V58,V54,V50,V42,V38,V34,V30,V26,V22,V18,V14,V10,V6,V46) -> 1 | W59: =AVERAGE(W58,W54,W50,W42,W38,W34,W30,W26,W22,W18,W14,W10,W6,W46) -> 1 | X59: =AVERAGE(X58,X54,X50,X42,X38,X34,X30,X26,X22,X18,X14,X10,X6,X46) -> 0.98577525

Sheet MAESTRO
A1: ******SUCURSALES
A2: LA CASA DE LA CAÑA, C.A. (T. ALTERNA)
A3: LA CASA DE LA CAÑA, C.A. (T. ANACO)
A4: LA CASA DE LA CAÑA, C.A. (T. CUMANÁ)
A5: LA CASA DE LA CAÑA, C.A. (T. MATURÍN I)
A6: LA CASA DE LA CAÑA, C.A. (T. MATURÍN II)
A7: LA CASA DE LA CAÑA, C.A. (T. NVA. BARCELONA)
A8: INVERSIONES CAÑANDONGA,C.A (T. CONEJERO)
A9: OPERADORA EL MERCADO 2011, C.A. (T. MERCADO)
A10: OPERADORA EL PUENTE 2011, C.A. (T. PUENTE REAL)
A11: OPERADORA LECHERÍA 2011, C.A. (T. LECHERÍA)
A12: OPERADORA PUERTO LA CRUZ 2011, C.A. (T. PUERTO LA CRUZ)
... A19: RELIVE, C.A. (T. TIGRE III)

Sheet Hoja2

Sheet Hoja1
