Workbook
Name CUMPLIO: #REF!
Name CUMPLIO: #REF!
Name CUMPLIO: #REF!
Name CUMPLIO: #REF!
Name CUMPLIO: #REF!
Name CUMPLIO: #REF!
Name CUMPLIO: #REF!
Name CUMPLIO: #REF!
Name CUMPLIO: #REF!
Name CUMPLIO: #REF!
Name CUMPLIO: #REF!
Name CUMPLIO: #REF!
Name CUMPLIO: #REF!
Name CUMPLIO: #REF!
Name CUMPLIO: #REF!
Name CUMPLIO: #REF!
Name CUMPLIO: #REF!
Name EQUIPO: #REF!
Name EQUIPO: #REF!
Name EQUIPO: #REF!
Name EQUIPO: #REF!
Name EQUIPO: #REF!
Name EQUIPO: #REF!
Name EQUIPO: #REF!
Name EQUIPO: #REF!
Name EQUIPO: #REF!
Name EQUIPO: #REF!
Name EQUIPO: #REF!
Name EQUIPO: #REF!
Name EQUIPO: #REF!
Name EQUIPO: #REF!
Name EQUIPO: #REF!
Name EQUIPO: #REF!
Name EQUIPO: #REF!
Name EQUIPOS: #REF!
Name EQUIPOS: #REF!
Name EQUIPOS: #REF!
Name EQUIPOS: #REF!
Name EQUIPOS: #REF!
Name EQUIPOS: #REF!
Name EQUIPOS: #REF!
Name EQUIPOS: #REF!
Name EQUIPOS: #REF!
Name EQUIPOS: #REF!
Name EQUIPOS: #REF!
Name EQUIPOS: #REF!
Name EQUIPOS: #REF!
Name EQUIPOS: #REF!
Name EQUIPOS: #REF!
Name EQUIPOS: #REF!
Name EQUIPOS: #REF!
Name LISTA: #REF!
Name LISTA: #REF!
Name LISTA: #REF!
Name LISTA: #REF!
Name LISTA: #REF!
Name LISTA: #REF!
Name LISTA: #REF!
Name LISTA: #REF!
Name LISTA: #REF!

Sheet BERNARDINO
C1: CHECK LIST DE EXISTENCIA DE EQUIPOS EN TIENDAS | I1: Código: | J1: FO-MIS-03
I2: Revisión: | J2: 07 | K2: 42720
I3: Fecha: | J3: 42286 | Q3: Operadora Lecheria 2025, C.A San Bernandino
Q4: Operadora Lecheria 2025, C.A Drop Shop El Paraiso
B5: SUCURSAL: | C5: Operadora Lecheria 2025, C.A San Bernandino | H5: FECHA: | I5: 46157 | Q5: Operadora Lecheria 2025, C.A El Paraiso
Q6: Operadora Lecheria 2025, C.A Presidente Medina
A7: EQUIPOS | Q7: Operadora Lecheria 2025, C.A Los Flores
A8: Nº | B8: EQUIPOS | D8: INVENTARIO IDEAL | E8: INVENTARIO REAL | F8: EQUIPOS OPERATIVOS | G8: EFECTIVIDAD | H8: OBSERVACIONES | Q8: Operadora Lecheria 2025, C.A San Antonio
A9: 1 | B9: CPU | D9: 4 | E9: 4 | F9: 4 | G9: =IF(D9="","",IF(D9=0,"-",IF(F9>D9,"ERROR",IF(E9>D9,"ERROR",IF(E9<D9,0,IF(E9>F9,0,IF(F9=D9,1,0))))))) -> 1 | Q9: Operadora Lecheria 2025, C.A CCCT | V9: LA CASA DE LA CAÑA, C.A. (T. ALTERNA)
A10: 2 | B10: MOUSE | D10: 4 | E10: 4 | F10: 3 | G10: =IF(D10="","",IF(D10=0,"-",IF(F10>D10,"ERROR",IF(E10>D10,"ERROR",IF(E10<D10,0,IF(E10>F10,0,IF(F10=D10,1,0))))))) -> 0 | Q10: Operadora Lecheria 2025, C.A Guarenas Centro | V10: LA CASA DE LA CAÑA, C.A. (T. ANACO)
A11: 3 | B11: TECLADOS | D11: 4 | E11: 3 | F11: 4 | G11: =IF(D11="","",IF(D11=0,"-",IF(F11>D11,"ERROR",IF(E11>D11,"ERROR",IF(E11<D11,0,IF(E11>F11,0,IF(F11=D11,1,0))))))) -> 0 | Q11: Operadora Lecheria 2025, C.A Guarenas 27 De Febrero | V11: LA CASA DE LA CAÑA, C.A. (T. NVA BARCELONA)
A12: 4 | B12: MONITORES | D12: 4 | E12: 3 | F12: 4 | G12: =IF(D12="","",IF(D12=0,"-",IF(F12>D12,"ERROR",IF(E12>D12,"ERROR",IF(E12<D12,0,IF(E12>F12,0,IF(F12=D12,1,0))))))) -> 0 | Q12: Operadora Lecheria 2025, C.A Guatire Las Rosas | V12: LA CASA DE LA CAÑA, C.A. (T. CUMANA)
A13: 5 | B13: REGULADORES | D13: 4 | E13: 4 | F13: 4 | G13: =IF(D13="","",IF(D13=0,"-",IF(F13>D13,"ERROR",IF(E13>D13,"ERROR",IF(E13<D13,0,IF(E13>F13,0,IF(F13=D13,1,0))))))) -> 1 | Q13: Operadora Lecheria 2025, C.A Guatire Centro | V13: LA CASA DE LA CAÑA, C.A. (T. MATURIN I)
A14: 6 | B14: IMPRESORA MULTIFUNCIONAL | D14: 1 | E14: 1 | F14: 1 | G14: =IF(D14="","",IF(D14=0,"-",IF(F14>D14,"ERROR",IF(E14>D14,"ERROR",IF(E14<D14,0,IF(E14>F14,0,IF(F14=D14,1,0))))))) -> 1 | Q14: Operadora Lecheria 2025, C.A Guatire El Palmar | V14: LA CASA DE LA CAÑA, C.A. (T. MATURIN II)
A15: 7 | B15: IMPRESORAS FISCALES | D15: 4 | E15: 4 | F15: 4 | G15: =IF(D15="","",IF(D15=0,"-",IF(F15>D15,"ERROR",IF(E15>D15,"ERROR",IF(E15<D15,0,IF(E15>F15,0,IF(F15=D15,1,0))))))) -> 1 | H15: SERIAL 1: | J15: Nº ULT. REPORTE Z: | Q15: Operadora Lecheria 2025, C.A Caucagua | V15: LA CASA DE LA CAÑA, C.A. (T. FREITES)
H16: SERIAL 2: | J16: Nº ULT. REPORTE Z: | Q16: Operadora Lecheria 2025, C.A Higuerote | V16: LA CASA DE LA CAÑA, C.A. (T. PUENTE)
H17: SERIAL 3: | J17: Nº ULT. REPORTE Z: | Q17: Operadora Lecheria 2025, C.A Las Mercedes | V17: RELIVE, C.A. (T. CHUPARIN)
H18: SERIAL 4: | J18: Nº ULT. REPORTE Z: | Q18: Operadora Lecheria 2025, C.A San Martin | U18: =W23&" "&T23 | V18: RELIVE, C.A. (T. TERRAZAS)
H19: SERIAL 5: | J19: Nº ULT. REPORTE Z: | Q19: Operadora Lecheria 2025, C.A Baruta | U19: =W24&" "&T24 | V19: RELIVE, C.A. (T. TIGRE II)
H20: SERIAL 6: | J20: Nº ULT. REPORTE Z: | Q20: Operadora Lecheria 2025, C.A Nuevo Circo | U20: =W25&" "&T25 | V20: RELIVE, C.A. (T. TIGRE III)
H21: SERIAL 7: | J21: Nº ULT. REPORTE Z: | Q21: Operadora Lecheria 2025, C.A El Silencio | V21: RELIVE, C.A. (T. PLC)
Q22: Operadora Lecheria 2025, C.A Drop Shop Castellana | V22: RELIVE, C.A. (T. POZUELOS)
A23: 8 | B23: ROUTER | D23: 1 | E23: 1 | F23: 1 | G23: =IF(D23="","",IF(D23=0,"-",IF(F23>D23,"ERROR",IF(E23>D23,"ERROR",IF(E23<D23,0,IF(E23>F23,0,IF(F23=D23,1,0))))))) -> 1 | V23: OPERADORA VENECIA 2021, C.A (T. VENECIA)
A24: 9 | B24: SUICHE | D24: 1 | E24: 1 | F24: 1 | G24: =IF(D24="","",IF(D24=0,"-",IF(F24>D24,"ERROR",IF(E24>D24,"ERROR",IF(E24<D24,0,IF(E24>F24,0,IF(F24=D24,1,0))))))) -> 1 | V24: OPERADORA VENECIA 2021, C.A (T. BOLIVAR PLC)
A25: 10 | B25: ESCANER DE CODIGO DE BARRAS | D25: 4 | E25: 4 | F25: 4 | G25: =IF(D25="","",IF(D25=0,"-",IF(F25>D25,"ERROR",IF(E25>D25,"ERROR",IF(E25<D25,0,IF(E25>F25,0,IF(F25=D25,1,0))))))) -> 1 | V25: OPERADORA VENECIA 2021, C.A (T. CHURCHILL)
A26: 11 | B26: VISOR DE VENTAS | D26: 0 | E26: 1 | F26: 1 | G26: =IF(D26="","",IF(D26=0,"-",IF(F26>D26,"ERROR",IF(E26>D26,"ERROR",IF(E26<D26,0,IF(E26>F26,0,IF(F26=D26,1,0))))))) -> - | V26: OPERADORA VENECIA 2021, C.A (T. MANSION)
A27: 12 | B27: DVR | D27: 1 | E27: 1 | F27: 1 | G27: =IF(D27="","",IF(D27=0,"-",IF(F27>D27,"ERROR",IF(E27>D27,"ERROR",IF(E27<D27,0,IF(E27>F27,0,IF(F27=D27,1,0))))))) -> 1 | V27: OPERADORA LECHERIA 2011, C.A
A28: 13 | B28: MODEM | D28: 0 | E28: 1 | F28: 1 | G28: =IF(D28="","",IF(D28=0,"-",IF(F28>D28,"ERROR",IF(E28>D28,"ERROR",IF(E28<D28,0,IF(E28>F28,0,IF(F28=D28,1,0))))))) -> -
A29: 14 | B29: LIBROS DE IMPRESORAS FISCALES | D29: 4 | E29: 4 | F29: 4 | G29: =IF(D29="","",IF(D29=0,"-",IF(F29>D29,"ERROR",IF(E29>D29,"ERROR",IF(E29<D29,0,IF(E29>F29,0,IF(F29=D29,1,0))))))) -> 1
A30: TOTAL DE EFECTIVIDAD DE EQUIPOS | G30: =IFERROR(AVERAGE(G10:G29),"-") -> 0.72727273
A31: Realizado Por: | C31: David Tayupo
A32: Cargo | C32: Lider De Tienda
A34: NOTA: El check list de Existencia de Equipos en Tiendas debe ser enviado entre los 5 primeros días del mes, vía correo electrónico al grupo Sistemas, con copia al Director de Servicios de Control.
L39: HOUSE TICKET | M39: INVENTARIO | N39: CABLEADO | O39: MES
L40: SI | M40: 0 | N40: SI | O40: ENERO
L41: NO | M41: 1 | N41: NO | O41: FEBRERO
M42: 2 | O42: MARZO
M43: 3 | O43: ABRIL
M44: 4 | O44: MAYO
M45: 5 | O45: JUNIO
M46: 6 | O46: JULIO
M47: 7 | O47: AGOSTO
M48: 8 | O48: SEPTIEMBRE
M49: 9 | O49: OCTUBRE
M50: 10 | O50: NOVIEMBRE
M51: 11 | O51: DICIEMBRE
M52: 12
M53: 13
M54: 14
M55: 15
K60: =IF(MAESTRO!A21="","",MAESTRO!A21)

Sheet DSPARAISO
C1: CHECK LIST DE EXISTENCIA DE EQUIPOS EN TIENDAS | I1: Código: | J1: FO-MIS-03 | P1: Operadora Lecheria 2025, C.A San Bernandino
I2: Revisión: | J2: 07 | K2: 42720 | P2: Operadora Lecheria 2025, C.A Drop Shop El Paraiso
I3: Fecha: | J3: 42286 | P3: Operadora Lecheria 2025, C.A El Paraiso
P4: Operadora Lecheria 2025, C.A Presidente Medina
B5: SUCURSAL: | C5: Operadora Lecheria 2025, C.A El Paraiso | H5: FECHA: | I5: 46157 | P5: Operadora Lecheria 2025, C.A Los Flores
P6: Operadora Lecheria 2025, C.A San Antonio
A7: EQUIPOS | P7: Operadora Lecheria 2025, C.A CCCT
A8: Nº | B8: EQUIPOS | D8: INVENTARIO IDEAL | E8: INVENTARIO REAL | F8: EQUIPOS OPERATIVOS | G8: EFECTIVIDAD | H8: OBSERVACIONES | P8: Operadora Lecheria 2025, C.A Guarenas Centro
A9: 1 | B9: CPU | D9: 4 | E9: 4 | F9: 4 | G9: =IF(D9="","",IF(D9=0,"-",IF(F9>D9,"ERROR",IF(E9>D9,"ERROR",IF(E9<D9,0,IF(E9>F9,0,IF(F9=D9,1,0))))))) -> 1 | P9: Operadora Lecheria 2025, C.A Guarenas 27 De Febrero | U9: LA CASA DE LA CAÑA, C.A. (T. ALTERNA)
A10: 2 | B10: MOUSE | D10: 4 | E10: 4 | F10: 4 | G10: =IF(D10="","",IF(D10=0,"-",IF(F10>D10,"ERROR",IF(E10>D10,"ERROR",IF(E10<D10,0,IF(E10>F10,0,IF(F10=D10,1,0))))))) -> 1 | P10: Operadora Lecheria 2025, C.A Guatire Las Rosas | U10: LA CASA DE LA CAÑA, C.A. (T. ANACO)
A11: 3 | B11: TECLADOS | D11: 4 | E11: 4 | F11: 4 | G11: =IF(D11="","",IF(D11=0,"-",IF(F11>D11,"ERROR",IF(E11>D11,"ERROR",IF(E11<D11,0,IF(E11>F11,0,IF(F11=D11,1,0))))))) -> 1 | P11: Operadora Lecheria 2025, C.A Guatire Centro | U11: LA CASA DE LA CAÑA, C.A. (T. NVA BARCELONA)
A12: 4 | B12: MONITORES | D12: 4 | E12: 4 | F12: 4 | G12: =IF(D12="","",IF(D12=0,"-",IF(F12>D12,"ERROR",IF(E12>D12,"ERROR",IF(E12<D12,0,IF(E12>F12,0,IF(F12=D12,1,0))))))) -> 1 | P12: Operadora Lecheria 2025, C.A Guatire El Palmar | U12: LA CASA DE LA CAÑA, C.A. (T. CUMANA)
A13: 5 | B13: REGULADORES | D13: 4 | E13: 4 | F13: 4 | G13: =IF(D13="","",IF(D13=0,"-",IF(F13>D13,"ERROR",IF(E13>D13,"ERROR",IF(E13<D13,0,IF(E13>F13,0,IF(F13=D13,1,0))))))) -> 1 | P13: Operadora Lecheria 2025, C.A Caucagua | U13: LA CASA DE LA CAÑA, C.A. (T. MATURIN I)
A14: 6 | B14: IMPRESORA MULTIFUNCIONAL | D14: 1 | E14: 1 | F14: 1 | G14: =IF(D14="","",IF(D14=0,"-",IF(F14>D14,"ERROR",IF(E14>D14,"ERROR",IF(E14<D14,0,IF(E14>F14,0,IF(F14=D14,1,0))))))) -> 1 | P14: Operadora Lecheria 2025, C.A Higuerote | U14: LA CASA DE LA CAÑA, C.A. (T. MATURIN II)
A15: 7 | B15: IMPRESORAS FISCALES | D15: 4 | E15: 4 | F15: 4 | G15: =IF(D15="","",IF(D15=0,"-",IF(F15>D15,"ERROR",IF(E15>D15,"ERROR",IF(E15<D15,0,IF(E15>F15,0,IF(F15=D15,1,0))))))) -> 1 | H15: SERIAL 1: | J15: Nº ULT. REPORTE Z: | P15: Operadora Lecheria 2025, C.A Las Mercedes | U15: LA CASA DE LA CAÑA, C.A. (T. FREITES)
H16: SERIAL 2: | J16: Nº ULT. REPORTE Z: | P16: Operadora Lecheria 2025, C.A San Martin | U16: LA CASA DE LA CAÑA, C.A. (T. PUENTE)
H17: SERIAL 3: | J17: Nº ULT. REPORTE Z: | P17: Operadora Lecheria 2025, C.A Baruta | U17: RELIVE, C.A. (T. CHUPARIN)
H18: SERIAL 4: | J18: Nº ULT. REPORTE Z: | P18: Operadora Lecheria 2025, C.A Nuevo Circo | U18: RELIVE, C.A. (T. TERRAZAS)
H19: SERIAL 5: | J19: Nº ULT. REPORTE Z: | P19: Operadora Lecheria 2025, C.A El Silencio | U19: RELIVE, C.A. (T. TIGRE II)
H20: SERIAL 6: | J20: Nº ULT. REPORTE Z: | P20: Operadora Lecheria 2025, C.A Drop Shop Castellana | U20: RELIVE, C.A. (T. TIGRE III)
H21: SERIAL 7: | J21: Nº ULT. REPORTE Z: | U21: RELIVE, C.A. (T. PLC)
U22: RELIVE, C.A. (T. POZUELOS)
A23: 8 | B23: ROUTER | D23: 1 | E23: 1 | F23: 1 | G23: =IF(D23="","",IF(D23=0,"-",IF(F23>D23,"ERROR",IF(E23>D23,"ERROR",IF(E23<D23,0,IF(E23>F23,0,IF(F23=D23,1,0))))))) -> 1 | U23: OPERADORA VENECIA 2021, C.A (T. VENECIA)
A24: 9 | B24: SUICHE | D24: 1 | E24: 1 | F24: 1 | G24: =IF(D24="","",IF(D24=0,"-",IF(F24>D24,"ERROR",IF(E24>D24,"ERROR",IF(E24<D24,0,IF(E24>F24,0,IF(F24=D24,1,0))))))) -> 1 | U24: OPERADORA VENECIA 2021, C.A (T. BOLIVAR PLC)
A25: 10 | B25: ESCANER DE CODIGO DE BARRAS | D25: 4 | E25: 4 | F25: 4 | G25: =IF(D25="","",IF(D25=0,"-",IF(F25>D25,"ERROR",IF(E25>D25,"ERROR",IF(E25<D25,0,IF(E25>F25,0,IF(F25=D25,1,0))))))) -> 1 | U25: OPERADORA VENECIA 2021, C.A (T. CHURCHILL)
A26: 11 | B26: VISOR DE VENTA | D26: 0 | E26: 1 | F26: 1 | G26: =IF(D26="","",IF(D26=0,"-",IF(F26>D26,"ERROR",IF(E26>D26,"ERROR",IF(E26<D26,0,IF(E26>F26,0,IF(F26=D26,1,0))))))) -> - | U26: OPERADORA VENECIA 2021, C.A (T. MANSION)
A27: 12 | B27: DVR | D27: 1 | E27: 1 | F27: 1 | G27: =IF(D27="","",IF(D27=0,"-",IF(F27>D27,"ERROR",IF(E27>D27,"ERROR",IF(E27<D27,0,IF(E27>F27,0,IF(F27=D27,1,0))))))) -> 1 | U27: OPERADORA LECHERIA 2011, C.A
A28: 13 | B28: MODEM | D28: 0 | E28: 1 | F28: 1 | G28: =IF(D28="","",IF(D28=0,"-",IF(F28>D28,"ERROR",IF(E28>D28,"ERROR",IF(E28<D28,0,IF(E28>F28,0,IF(F28=D28,1,0))))))) -> -
A29: 14 | B29: LIBROS DE IMPRESORAS FISCALES | D29: 4 | E29: 4 | F29: 4 | G29: =IF(D29="","",IF(D29=0,"-",IF(F29>D29,"ERROR",IF(E29>D29,"ERROR",IF(E29<D29,0,IF(E29>F29,0,IF(F29=D29,1,0))))))) -> 1
A30: TOTAL DE EFECTIVIDAD DE EQUIPOS | G30: =IFERROR(AVERAGE(G10:G29),"-") -> 1
A31: Realizado Por:
A32: Cargo
A34: NOTA: El check list de Existencia de Equipos en Tiendas debe ser enviado entre los 5 primeros días del mes, vía correo electrónico al grupo Sistemas, con copia al Director de Servicios de Control.
L38: HOUSE TICKET | M38: INVENTARIO | N38: CABLEADO | O38: MES
L39: SI | M39: 0 | N39: SI | O39: ENERO
L40: NO | M40: 1 | N40: NO | O40: FEBRERO
M41: 2 | O41: MARZO
M42: 3 | O42: ABRIL
M43: 4 | O43: MAYO
M44: 5 | O44: JUNIO
M45: 6 | O45: JULIO
M46: 7 | O46: AGOSTO
M47: 8 | O47: SEPTIEMBRE
M48: 9 | O48: OCTUBRE
M49: 10 | O49: NOVIEMBRE
M50: 11 | O50: DICIEMBRE
M51: 12
M52: 13
M53: 14
M54: 15
K59: =IF(MAESTRO!A20="","",MAESTRO!A20)
K60: =IF(MAESTRO!A21="","",MAESTRO!A21)

Sheet PARAISO
C1: CHECK LIST DE EXISTENCIA DE EQUIPOS EN TIENDAS | I1: Código: | J1: FO-MIS-03
I2: Revisión: | J2: 07 | K2: 42720
I3: Fecha: | J3: 42286
B5: SUCURSAL: | C5: Operadora Lecheria 2025, C.A Drop Shop El Paraiso | H5: FECHA: | I5: 46157
A7: EQUIPOS
A8: Nº | B8: EQUIPOS | D8: INVENTARIO IDEAL | E8: INVENTARIO REAL | F8: EQUIPOS OPERATIVOS | G8: EFECTIVIDAD | H8: OBSERVACIONES
A9: 1 | B9: CPU | D9: 3 | E9: 3 | F9: 3 | G9: =IF(D9="","",IF(D9=0,"-",IF(F9>D9,"ERROR",IF(E9>D9,"ERROR",IF(E9<D9,0,IF(E9>F9,0,IF(F9=D9,1,0))))))) -> 1 | O9: Operadora Lecheria 2025, C.A San Bernandino
A10: 2 | B10: MOUSE | D10: 3 | E10: 3 | F10: 3 | G10: =IF(D10="","",IF(D10=0,"-",IF(F10>D10,"ERROR",IF(E10>D10,"ERROR",IF(E10<D10,0,IF(E10>F10,0,IF(F10=D10,1,0))))))) -> 1 | O10: Operadora Lecheria 2025, C.A Drop Shop El Paraiso
A11: 3 | B11: TECLADOS | D11: 3 | E11: 3 | F11: 3 | G11: =IF(D11="","",IF(D11=0,"-",IF(F11>D11,"ERROR",IF(E11>D11,"ERROR",IF(E11<D11,0,IF(E11>F11,0,IF(F11=D11,1,0))))))) -> 1 | O11: Operadora Lecheria 2025, C.A El Paraiso
A12: 4 | B12: MONITORES | D12: 3 | E12: 3 | F12: 3 | G12: =IF(D12="","",IF(D12=0,"-",IF(F12>D12,"ERROR",IF(E12>D12,"ERROR",IF(E12<D12,0,IF(E12>F12,0,IF(F12=D12,1,0))))))) -> 1 | O12: Operadora Lecheria 2025, C.A Presidente Medina
A13: 5 | B13: REGULADORES | D13: 3 | E13: 3 | F13: 3 | G13: =IF(D13="","",IF(D13=0,"-",IF(F13>D13,"ERROR",IF(E13>D13,"ERROR",IF(E13<D13,0,IF(E13>F13,0,IF(F13=D13,1,0))))))) -> 1 | O13: Operadora Lecheria 2025, C.A Los Flores
A14: 6 | B14: IMPRESORA MULTIFUNCIONAL | D14: 1 | E14: 1 | F14: 1 | G14: =IF(D14="","",IF(D14=0,"-",IF(F14>D14,"ERROR",IF(E14>D14,"ERROR",IF(E14<D14,0,IF(E14>F14,0,IF(F14=D14,1,0))))))) -> 1 | O14: Operadora Lecheria 2025, C.A San Antonio
A15: 7 | B15: IMPRESORAS FISCALES | D15: 3 | E15: 3 | F15: 3 | G15: =IF(D15="","",IF(D15=0,"-",IF(F15>D15,"ERROR",IF(E15>D15,"ERROR",IF(E15<D15,0,IF(E15>F15,0,IF(F15=D15,1,0))))))) -> 1 | H15: SERIAL 1: | J15: Nº ULT. REPORTE Z: | O15: Operadora Lecheria 2025, C.A CCCT
H16: SERIAL 2: | J16: Nº ULT. REPORTE Z: | O16: Operadora Lecheria 2025, C.A Guarenas Centro
H17: SERIAL 3: | J17: Nº ULT. REPORTE Z: | O17: Operadora Lecheria 2025, C.A Guarenas 27 De Febrero
H18: SERIAL 4: | J18: Nº ULT. REPORTE Z: | O18: Operadora Lecheria 2025, C.A Guatire Las Rosas
H19: SERIAL 5: | J19: Nº ULT. REPORTE Z: | O19: Operadora Lecheria 2025, C.A Guatire Centro
H20: SERIAL 6: | J20: Nº ULT. REPORTE Z: | O20: Operadora Lecheria 2025, C.A Guatire El Palmar
H21: SERIAL 7: | J21: Nº ULT. REPORTE Z: | O21: Operadora Lecheria 2025, C.A Caucagua
O22: Operadora Lecheria 2025, C.A Higuerote
A23: 8 | B23: ROUTER | D23: 1 | E23: 1 | F23: 1 | G23: =IF(D23="","",IF(D23=0,"-",IF(F23>D23,"ERROR",IF(E23>D23,"ERROR",IF(E23<D23,0,IF(E23>F23,0,IF(F23=D23,1,0))))))) -> 1 | O23: Operadora Lecheria 2025, C.A Las Mercedes
A24: 9 | B24: SUICHE | D24: 1 | E24: 1 | F24: 1 | G24: =IF(D24="","",IF(D24=0,"-",IF(F24>D24,"ERROR",IF(E24>D24,"ERROR",IF(E24<D24,0,IF(E24>F24,0,IF(F24=D24,1,0))))))) -> 1 | O24: Operadora Lecheria 2025, C.A San Martin
A25: 10 | B25: ESCANER DE CODIGO DE BARRAS | D25: 3 | E25: 3 | F25: 3 | G25: =IF(D25="","",IF(D25=0,"-",IF(F25>D25,"ERROR",IF(E25>D25,"ERROR",IF(E25<D25,0,IF(E25>F25,0,IF(F25=D25,1,0))))))) -> 1 | O25: Operadora Lecheria 2025, C.A Baruta
A26: 11 | B26: VISOR DE VENTA | D26: 0 | E26: 1 | F26: 1 | G26: =IF(D26="","",IF(D26=0,"-",IF(F26>D26,"ERROR",IF(E26>D26,"ERROR",IF(E26<D26,0,IF(E26>F26,0,IF(F26=D26,1,0))))))) -> - | O26: Operadora Lecheria 2025, C.A Nuevo Circo
A27: 12 | B27: DVR | D27: 1 | E27: 1 | F27: 1 | G27: =IF(D27="","",IF(D27=0,"-",IF(F27>D27,"ERROR",IF(E27>D27,"ERROR",IF(E27<D27,0,IF(E27>F27,0,IF(F27=D27,1,0))))))) -> 1 | O27: Operadora Lecheria 2025, C.A El Silencio
A28: 13 | B28: MODEM | D28: 0 | E28: 1 | F28: 1 | G28: =IF(D28="","",IF(D28=0,"-",IF(F28>D28,"ERROR",IF(E28>D28,"ERROR",IF(E28<D28,0,IF(E28>F28,0,IF(F28=D28,1,0))))))) -> - | O28: Operadora Lecheria 2025, C.A Drop Shop Castellana
A29: 14 | B29: LIBROS DE IMPRESORAS FISCALES | D29: 3 | E29: 3 | F29: 3 | G29: =IF(D29="","",IF(D29=0,"-",IF(F29>D29,"ERROR",IF(E29>D29,"ERROR",IF(E29<D29,0,IF(E29>F29,0,IF(F29=D29,1,0))))))) -> 1
A30: TOTAL DE EFECTIVIDAD DE EQUIPOS | G30: =IFERROR(AVERAGE(G9:G28),"-") -> 1
A32: Realizado Por:
A33: Cargo
A35: NOTA: El check list de Existencia de Equipos en Tiendas debe ser enviado entre los 5 primeros días del mes, vía correo electrónico al grupo Sistemas, con copia al Director de Servicios de Control.
L39: HOUSE TICKET | M39: INVENTARIO | N39: CABLEADO | O39: MES
K40: TIENDAS | L40: SI | M40: 0 | N40: SI | O40: ENERO
K41: =IF(MAESTRO!A1="","",MAESTRO!A1) -> ******SUCURSALES | L41: NO | M41: 1 | N41: NO | O41: FEBRERO
K42: =IF(MAESTRO!A2="","",MAESTRO!A2) -> LA CASA DE LA CAÑA, C.A. (T. ALTERNA) | M42: 2 | O42: MARZO
K43: =IF(MAESTRO!A3="","",MAESTRO!A3) -> LA CASA DE LA CAÑA, C.A. (T. ANACO) | M43: 3 | O43: ABRIL
K44: =IF(MAESTRO!A4="","",MAESTRO!A4) -> LA CASA DE LA CAÑA, C.A. (T. CUMANÁ) | M44: 4 | O44: MAYO
K45: =IF(MAESTRO!A5="","",MAESTRO!A5) -> LA CASA DE LA CAÑA, C.A. (T. MATURÍN I) | M45: 5 | O45: JUNIO
K46: =IF(MAESTRO!A6="","",MAESTRO!A6) -> LA CASA DE LA CAÑA, C.A. (T. MATURÍN II) | M46: 6 | O46: JULIO
K47: =IF(MAESTRO!A7="","",MAESTRO!A7) -> LA CASA DE LA CAÑA, C.A. (T. NVA. BARCELONA) | M47: 7 | O47: AGOSTO
K48: =IF(MAESTRO!A8="","",MAESTRO!A8) -> INVERSIONES CAÑANDONGA,C.A (T. CONEJERO) | M48: 8 | O48: SEPTIEMBRE
K49: =IF(MAESTRO!A9="","",MAESTRO!A9) -> OPERADORA EL MERCADO 2011, C.A. (T. MERCADO) | M49: 9 | O49: OCTUBRE
K50: =IF(MAESTRO!A10="","",MAESTRO!A10) -> OPERADORA EL PUENTE 2011, C.A. (T. PUENTE REAL) | M50: 10 | O50: NOVIEMBRE
K51: =IF(MAESTRO!A11="","",MAESTRO!A11) -> OPERADORA LECHERÍA 2011, C.A. (T. LECHERÍA) | M51: 11 | O51: DICIEMBRE
K52: =IF(MAESTRO!A12="","",MAESTRO!A12) -> OPERADORA PUERTO LA CRUZ 2011, C.A. (T. PUERTO LA CRUZ) | M52: 12
K53: =IF(MAESTRO!A13="","",MAESTRO!A13) -> OPERADORA PUERTO ORDAZ 2013, C.A.(T. PUERTO ORDAZ) | M53: 13
K54: =IF(MAESTRO!A14="","",MAESTRO!A14) -> OPERADORA LAS AMERICAS, C.A | M54: 14
K55: =IF(MAESTRO!A15="","",MAESTRO!A15) -> OPERADORA PLAZA DEL SOL 2015, C.A | M55: 15
K56: =IF(MAESTRO!A16="","",MAESTRO!A16) -> RELIVE, C.A. (T. CHUPARÍN)
K57: =IF(MAESTRO!A17="","",MAESTRO!A17) -> RELIVE, C.A. (T. TERRAZAS)
K58: =IF(MAESTRO!A18="","",MAESTRO!A18) -> RELIVE, C.A. (T. TIGRE II)
K59: =IF(MAESTRO!A19="","",MAESTRO!A19) -> RELIVE, C.A. (T. TIGRE III)
K60: =IF(MAESTRO!A20="","",MAESTRO!A20)
K61: =IF(MAESTRO!A21="","",MAESTRO!A21)

Sheet PRESIDENTE
C1: CHECK LIST DE EXISTENCIA DE EQUIPOS EN TIENDAS | I1: Código: | J1: FO-MIS-03 | L1: Operadora Lecheria 2025, C.A San Bernandino
I2: Revisión: | J2: 07 | K2: 42720 | L2: Operadora Lecheria 2025, C.A Drop Shop El Paraiso
I3: Fecha: | J3: 42286 | L3: Operadora Lecheria 2025, C.A El Paraiso
L4: Operadora Lecheria 2025, C.A Presidente Medina
B5: SUCURSAL: | C5: Operadora Lecheria 2025, C.A Presidente Medina | H5: FECHA: | I5: 46157 | L5: Operadora Lecheria 2025, C.A Los Flores
L6: Operadora Lecheria 2025, C.A San Antonio
A7: EQUIPOS | L7: Operadora Lecheria 2025, C.A CCCT
A8: Nº | B8: EQUIPOS | D8: INVENTARIO IDEAL | E8: INVENTARIO REAL | F8: EQUIPOS OPERATIVOS | G8: EFECTIVIDAD | H8: OBSERVACIONES | L8: Operadora Lecheria 2025, C.A Guarenas Centro
A9: 1 | B9: CPU | D9: 2 | E9: 2 | F9: 2 | G9: =IF(D9="","",IF(D9=0,"-",IF(F9>D9,"ERROR",IF(E9>D9,"ERROR",IF(E9<D9,0,IF(E9>F9,0,IF(F9=D9,1,0))))))) -> 1 | L9: Operadora Lecheria 2025, C.A Guarenas 27 De Febrero | P9: LA CASA DE LA CAÑA, C.A. (T. ALTERNA)
A10: 2 | B10: MOUSE | D10: 2 | E10: 2 | F10: 2 | G10: =IF(D10="","",IF(D10=0,"-",IF(F10>D10,"ERROR",IF(E10>D10,"ERROR",IF(E10<D10,0,IF(E10>F10,0,IF(F10=D10,1,0))))))) -> 1 | L10: Operadora Lecheria 2025, C.A Guatire Las Rosas | P10: LA CASA DE LA CAÑA, C.A. (T. ANACO)
A11: 3 | B11: TECLADOS | D11: 2 | E11: 2 | F11: 2 | G11: =IF(D11="","",IF(D11=0,"-",IF(F11>D11,"ERROR",IF(E11>D11,"ERROR",IF(E11<D11,0,IF(E11>F11,0,IF(F11=D11,1,0))))))) -> 1 | L11: Operadora Lecheria 2025, C.A Guatire Centro | P11: LA CASA DE LA CAÑA, C.A. (T. NVA BARCELONA)
A12: 4 | B12: MONITORES | D12: 2 | E12: 2 | F12: 2 | G12: =IF(D12="","",IF(D12=0,"-",IF(F12>D12,"ERROR",IF(E12>D12,"ERROR",IF(E12<D12,0,IF(E12>F12,0,IF(F12=D12,1,0))))))) -> 1 | L12: Operadora Lecheria 2025, C.A Guatire El Palmar | P12: LA CASA DE LA CAÑA, C.A. (T. CUMANA)
A13: 5 | B13: REGULADORES | D13: 2 | E13: 2 | F13: 2 | G13: =IF(D13="","",IF(D13=0,"-",IF(F13>D13,"ERROR",IF(E13>D13,"ERROR",IF(E13<D13,0,IF(E13>F13,0,IF(F13=D13,1,0))))))) -> 1 | L13: Operadora Lecheria 2025, C.A Caucagua | P13: LA CASA DE LA CAÑA, C.A. (T. MATURIN I)
A14: 6 | B14: IMPRESORA MULTIFUNCIONAL | D14: 1 | E14: 1 | F14: 1 | G14: =IF(D14="","",IF(D14=0,"-",IF(F14>D14,"ERROR",IF(E14>D14,"ERROR",IF(E14<D14,0,IF(E14>F14,0,IF(F14=D14,1,0))))))) -> 1 | L14: Operadora Lecheria 2025, C.A Higuerote | P14: LA CASA DE LA CAÑA, C.A. (T. MATURIN II)
A15: 7 | B15: IMPRESORAS FISCALES | D15: 2 | E15: 2 | F15: 2 | G15: =IF(D15="","",IF(D15=0,"-",IF(F15>D15,"ERROR",IF(E15>D15,"ERROR",IF(E15<D15,0,IF(E15>F15,0,IF(F15=D15,1,0))))))) -> 1 | H15: SERIAL 1: | J15: Nº ULT. REPORTE Z: | L15: Operadora Lecheria 2025, C.A Las Mercedes | P15: LA CASA DE LA CAÑA, C.A. (T. FREITES)
H16: SERIAL 2: | J16: Nº ULT. REPORTE Z: | L16: Operadora Lecheria 2025, C.A San Martin | P16: LA CASA DE LA CAÑA, C.A. (T. PUENTE)
H17: SERIAL 3: | J17: Nº ULT. REPORTE Z: | L17: Operadora Lecheria 2025, C.A Baruta | P17: RELIVE, C.A. (T. CHUPARIN)
H18: SERIAL 4: | J18: Nº ULT. REPORTE Z: | L18: Operadora Lecheria 2025, C.A Nuevo Circo | P18: RELIVE, C.A. (T. TERRAZAS)
H19: SERIAL 5: | J19: Nº ULT. REPORTE Z: | L19: Operadora Lecheria 2025, C.A El Silencio | P19: RELIVE, C.A. (T. TIGRE II)
H20: SERIAL 6: | J20: Nº ULT. REPORTE Z: | L20: Operadora Lecheria 2025, C.A Drop Shop Castellana | P20: RELIVE, C.A. (T. TIGRE III)
H21: SERIAL 7: | J21: Nº ULT. REPORTE Z: | P21: RELIVE, C.A. (T. PLC)
P22: RELIVE, C.A. (T. POZUELOS)
A23: 8 | B23: ROUTER | D23: 1 | E23: 1 | F23: 1 | G23: =IF(D23="","",IF(D23=0,"-",IF(F23>D23,"ERROR",IF(E23>D23,"ERROR",IF(E23<D23,0,IF(E23>F23,0,IF(F23=D23,1,0))))))) -> 1 | P23: OPERADORA VENECIA 2021, C.A (T. VENECIA)
A24: 9 | B24: SUICHE | D24: 1 | E24: 1 | F24: 1 | G24: =IF(D24="","",IF(D24=0,"-",IF(F24>D24,"ERROR",IF(E24>D24,"ERROR",IF(E24<D24,0,IF(E24>F24,0,IF(F24=D24,1,0))))))) -> 1 | P24: OPERADORA VENECIA 2021, C.A (T. BOLIVAR PLC)
A25: 10 | B25: ESCANER DE CODIGO DE BARRAS | D25: 2 | E25: 2 | F25: 2 | G25: =IF(D25="","",IF(D25=0,"-",IF(F25>D25,"ERROR",IF(E25>D25,"ERROR",IF(E25<D25,0,IF(E25>F25,0,IF(F25=D25,1,0))))))) -> 1 | P25: OPERADORA VENECIA 2021, C.A (T. CHURCHILL)
A26: 11 | B26: VISOR DE VENTA | D26: 0 | E26: 2 | F26: 2 | G26: =IF(D26="","",IF(D26=0,"-",IF(F26>D26,"ERROR",IF(E26>D26,"ERROR",IF(E26<D26,0,IF(E26>F26,0,IF(F26=D26,1,0))))))) -> - | P26: OPERADORA VENECIA 2021, C.A (T. MANSION)
A27: 12 | B27: DVR | D27: 1 | E27: 1 | F27: 1 | G27: =IF(D27="","",IF(D27=0,"-",IF(F27>D27,"ERROR",IF(E27>D27,"ERROR",IF(E27<D27,0,IF(E27>F27,0,IF(F27=D27,1,0))))))) -> 1 | P27: OPERADORA LECHERIA 2011, C.A
A28: 13 | B28: MODEM | D28: 0 | E28: 1 | F28: 1 | G28: =IF(D28="","",IF(D28=0,"-",IF(F28>D28,"ERROR",IF(E28>D28,"ERROR",IF(E28<D28,0,IF(E28>F28,0,IF(F28=D28,1,0))))))) -> -
A29: 14 | B29: LIBROS DE IMPRESORAS FISCALES | D29: 2 | E29: 2 | F29: 2 | G29: =IF(D29="","",IF(D29=0,"-",IF(F29>D29,"ERROR",IF(E29>D29,"ERROR",IF(E29<D29,0,IF(E29>F29,0,IF(F29=D29,1,0))))))) -> 1
A30: TOTAL DE EFECTIVIDAD DE EQUIPOS | G30: =IFERROR(AVERAGE(G9:G28),"-") -> 1
A32: Realizado Por:
A33: Cargo
A35: NOTA: El check list de Existencia de Equipos en Tiendas debe ser enviado entre los 5 primeros días del mes, vía correo electrónico al grupo Sistemas, con copia al Director de Servicios de Control.
L39: HOUSE TICKET | M39: INVENTARIO | N39: CABLEADO | O39: MES
K40: TIENDAS | L40: SI | M40: 0 | N40: SI | O40: ENERO
K41: =IF(MAESTRO!A1="","",MAESTRO!A1) -> ******SUCURSALES | L41: NO | M41: 1 | N41: NO | O41: FEBRERO
K42: =IF(MAESTRO!A2="","",MAESTRO!A2) -> LA CASA DE LA CAÑA, C.A. (T. ALTERNA) | M42: 2 | O42: MARZO
K43: =IF(MAESTRO!A3="","",MAESTRO!A3) -> LA CASA DE LA CAÑA, C.A. (T. ANACO) | M43: 3 | O43: ABRIL
K44: =IF(MAESTRO!A4="","",MAESTRO!A4) -> LA CASA DE LA CAÑA, C.A. (T. CUMANÁ) | M44: 4 | O44: MAYO
K45: =IF(MAESTRO!A5="","",MAESTRO!A5) -> LA CASA DE LA CAÑA, C.A. (T. MATURÍN I) | M45: 5 | O45: JUNIO
K46: =IF(MAESTRO!A6="","",MAESTRO!A6) -> LA CASA DE LA CAÑA, C.A. (T. MATURÍN II) | M46: 6 | O46: JULIO
K47: =IF(MAESTRO!A7="","",MAESTRO!A7) -> LA CASA DE LA CAÑA, C.A. (T. NVA. BARCELONA) | M47: 7 | O47: AGOSTO
K48: =IF(MAESTRO!A8="","",MAESTRO!A8) -> INVERSIONES CAÑANDONGA,C.A (T. CONEJERO) | M48: 8 | O48: SEPTIEMBRE
K49: =IF(MAESTRO!A9="","",MAESTRO!A9) -> OPERADORA EL MERCADO 2011, C.A. (T. MERCADO) | M49: 9 | O49: OCTUBRE
K50: =IF(MAESTRO!A10="","",MAESTRO!A10) -> OPERADORA EL PUENTE 2011, C.A. (T. PUENTE REAL) | M50: 10 | O50: NOVIEMBRE
K51: =IF(MAESTRO!A11="","",MAESTRO!A11) -> OPERADORA LECHERÍA 2011, C.A. (T. LECHERÍA) | M51: 11 | O51: DICIEMBRE
K52: =IF(MAESTRO!A12="","",MAESTRO!A12) -> OPERADORA PUERTO LA CRUZ 2011, C.A. (T. PUERTO LA CRUZ) | M52: 12
K53: =IF(MAESTRO!A13="","",MAESTRO!A13) -> OPERADORA PUERTO ORDAZ 2013, C.A.(T. PUERTO ORDAZ) | M53: 13
K54: =IF(MAESTRO!A14="","",MAESTRO!A14) -> OPERADORA LAS AMERICAS, C.A | M54: 14
K55: =IF(MAESTRO!A15="","",MAESTRO!A15) -> OPERADORA PLAZA DEL SOL 2015, C.A | M55: 15
K56: =IF(MAESTRO!A16="","",MAESTRO!A16) -> RELIVE, C.A. (T. CHUPARÍN)
K57: =IF(MAESTRO!A17="","",MAESTRO!A17) -> RELIVE, C.A. (T. TERRAZAS)
K58: =IF(MAESTRO!A18="","",MAESTRO!A18) -> RELIVE, C.A. (T. TIGRE II)
K59: =IF(MAESTRO!A19="","",MAESTRO!A19) -> RELIVE, C.A. (T. TIGRE III)
K60: =IF(MAESTRO!A20="","",MAESTRO!A20)
K61: =IF(MAESTRO!A21="","",MAESTRO!A21)

Sheet FLORES
C1: CHECK LIST DE EXISTENCIA DE EQUIPOS EN TIENDAS | I1: Código: | J1: FO-MIS-03 | L1: Operadora Lecheria 2025, C.A San Bernandino
I2: Revisión: | J2: 07 | K2: 42720 | L2: Operadora Lecheria 2025, C.A Drop Shop El Paraiso
I3: Fecha: | J3: 42286 | L3: Operadora Lecheria 2025, C.A El Paraiso
L4: Operadora Lecheria 2025, C.A Presidente Medina
B5: SUCURSAL: | C5: Operadora Lecheria 2025, C.A Los Flores | H5: FECHA: | I5: 46157 | L5: Operadora Lecheria 2025, C.A Los Flores
L6: Operadora Lecheria 2025, C.A San Antonio
A7: EQUIPOS | L7: Operadora Lecheria 2025, C.A CCCT
A8: Nº | B8: EQUIPOS | D8: INVENTARIO IDEAL | E8: INVENTARIO REAL | F8: EQUIPOS OPERATIVOS | G8: EFECTIVIDAD | H8: OBSERVACIONES | L8: Operadora Lecheria 2025, C.A Guarenas Centro
A9: 1 | B9: CPU | D9: 3 | E9: 3 | F9: 3 | G9: =IF(D9="","",IF(D9=0,"-",IF(F9>D9,"ERROR",IF(E9>D9,"ERROR",IF(E9<D9,0,IF(E9>F9,0,IF(F9=D9,1,0))))))) -> 1 | L9: Operadora Lecheria 2025, C.A Guarenas 27 De Febrero | O9: LA CASA DE LA CAÑA, C.A. (T. ALTERNA)
A10: 2 | B10: MOUSE | D10: 3 | E10: 3 | F10: 3 | G10: =IF(D10="","",IF(D10=0,"-",IF(F10>D10,"ERROR",IF(E10>D10,"ERROR",IF(E10<D10,0,IF(E10>F10,0,IF(F10=D10,1,0))))))) -> 1 | L10: Operadora Lecheria 2025, C.A Guatire Las Rosas | O10: LA CASA DE LA CAÑA, C.A. (T. ANACO)
A11: 3 | B11: TECLADOS | D11: 3 | E11: 3 | F11: 3 | G11: =IF(D11="","",IF(D11=0,"-",IF(F11>D11,"ERROR",IF(E11>D11,"ERROR",IF(E11<D11,0,IF(E11>F11,0,IF(F11=D11,1,0))))))) -> 1 | L11: Operadora Lecheria 2025, C.A Guatire Centro | O11: LA CASA DE LA CAÑA, C.A. (T. NVA BARCELONA)
A12: 4 | B12: MONITORES | D12: 3 | E12: 3 | F12: 3 | G12: =IF(D12="","",IF(D12=0,"-",IF(F12>D12,"ERROR",IF(E12>D12,"ERROR",IF(E12<D12,0,IF(E12>F12,0,IF(F12=D12,1,0))))))) -> 1 | L12: Operadora Lecheria 2025, C.A Guatire El Palmar | O12: LA CASA DE LA CAÑA, C.A. (T. CUMANA)
A13: 5 | B13: REGULADORES | D13: 3 | E13: 3 | F13: 3 | G13: =IF(D13="","",IF(D13=0,"-",IF(F13>D13,"ERROR",IF(E13>D13,"ERROR",IF(E13<D13,0,IF(E13>F13,0,IF(F13=D13,1,0))))))) -> 1 | L13: Operadora Lecheria 2025, C.A Caucagua | O13: LA CASA DE LA CAÑA, C.A. (T. MATURIN I)
A14: 6 | B14: IMPRESORA MULTIFUNCIONAL | D14: 1 | E14: 1 | F14: 1 | G14: =IF(D14="","",IF(D14=0,"-",IF(F14>D14,"ERROR",IF(E14>D14,"ERROR",IF(E14<D14,0,IF(E14>F14,0,IF(F14=D14,1,0))))))) -> 1 | L14: Operadora Lecheria 2025, C.A Higuerote | O14: LA CASA DE LA CAÑA, C.A. (T. MATURIN II)
A15: 7 | B15: IMPRESORAS FISCALES | D15: 3 | E15: 3 | F15: 3 | G15: =IF(D15="","",IF(D15=0,"-",IF(F15>D15,"ERROR",IF(E15>D15,"ERROR",IF(E15<D15,0,IF(E15>F15,0,IF(F15=D15,1,0))))))) -> 1 | H15: SERIAL 1: | J15: Nº ULT. REPORTE Z: | L15: Operadora Lecheria 2025, C.A Las Mercedes | O15: LA CASA DE LA CAÑA, C.A. (T. FREITES)
H16: SERIAL 2: | J16: Nº ULT. REPORTE Z: | L16: Operadora Lecheria 2025, C.A San Martin | O16: LA CASA DE LA CAÑA, C.A. (T. PUENTE)
H17: SERIAL 3: | J17: Nº ULT. REPORTE Z: | L17: Operadora Lecheria 2025, C.A Baruta | O17: RELIVE, C.A. (T. CHUPARIN)
H18: SERIAL 4: | J18: Nº ULT. REPORTE Z: | L18: Operadora Lecheria 2025, C.A Nuevo Circo | O18: RELIVE, C.A. (T. TERRAZAS)
H19: SERIAL 5: | J19: Nº ULT. REPORTE Z: | L19: Operadora Lecheria 2025, C.A El Silencio | O19: RELIVE, C.A. (T. TIGRE II)
H20: SERIAL 6: | J20: Nº ULT. REPORTE Z: | L20: Operadora Lecheria 2025, C.A Drop Shop Castellana | O20: RELIVE, C.A. (T. TIGRE III)
H21: SERIAL 7: | J21: Nº ULT. REPORTE Z: | O21: RELIVE, C.A. (T. PLC)
O22: RELIVE, C.A. (T. POZUELOS)
A23: 8 | B23: ROUTER | D23: 1 | E23: 1 | F23: 1 | G23: =IF(D23="","",IF(D23=0,"-",IF(F23>D23,"ERROR",IF(E23>D23,"ERROR",IF(E23<D23,0,IF(E23>F23,0,IF(F23=D23,1,0))))))) -> 1 | O23: OPERADORA VENECIA 2021, C.A (T. VENECIA)
A24: 9 | B24: SUICHE | D24: 1 | E24: 1 | F24: 1 | G24: =IF(D24="","",IF(D24=0,"-",IF(F24>D24,"ERROR",IF(E24>D24,"ERROR",IF(E24<D24,0,IF(E24>F24,0,IF(F24=D24,1,0))))))) -> 1 | O24: OPERADORA VENECIA 2021, C.A (T. BOLIVAR PLC)
A25: 10 | B25: ESCANER DE CODIGO DE BARRAS | D25: 3 | E25: 3 | F25: 3 | G25: =IF(D25="","",IF(D25=0,"-",IF(F25>D25,"ERROR",IF(E25>D25,"ERROR",IF(E25<D25,0,IF(E25>F25,0,IF(F25=D25,1,0))))))) -> 1 | O25: OPERADORA VENECIA 2021, C.A (T. CHURCHILL)
A26: 11 | B26: VISOR DE VENTA | D26: 0 | E26: 2 | F26: 2 | G26: =IF(D26="","",IF(D26=0,"-",IF(F26>D26,"ERROR",IF(E26>D26,"ERROR",IF(E26<D26,0,IF(E26>F26,0,IF(F26=D26,1,0))))))) -> - | O26: OPERADORA VENECIA 2021, C.A (T. MANSION)
A27: 12 | B27: DVR | D27: 1 | E27: 1 | F27: 1 | G27: =IF(D27="","",IF(D27=0,"-",IF(F27>D27,"ERROR",IF(E27>D27,"ERROR",IF(E27<D27,0,IF(E27>F27,0,IF(F27=D27,1,0))))))) -> 1 | O27: OPERADORA LECHERIA 2011, C.A
A28: 13 | B28: MODEM | D28: 0 | E28: 1 | F28: 1 | G28: =IF(D28="","",IF(D28=0,"-",IF(F28>D28,"ERROR",IF(E28>D28,"ERROR",IF(E28<D28,0,IF(E28>F28,0,IF(F28=D28,1,0))))))) -> -
A29: 14 | B29: LIBROS DE IMPRESORAS FISCALES | D29: 3 | E29: 3 | F29: 3 | G29: =IF(D29="","",IF(D29=0,"-",IF(F29>D29,"ERROR",IF(E29>D29,"ERROR",IF(E29<D29,0,IF(E29>F29,0,IF(F29=D29,1,0))))))) -> 1
A30: TOTAL DE EFECTIVIDAD DE EQUIPOS | G30: =IFERROR(AVERAGE(G9:G28),"-") -> 1
A32: Realizado Por:
A33: Cargo
A35: NOTA: El check list de Existencia de Equipos en Tiendas debe ser enviado entre los 5 primeros días del mes, vía correo electrónico al grupo Sistemas, con copia al Director de Servicios de Control.
L39: HOUSE TICKET | M39: INVENTARIO | N39: CABLEADO | O39: MES
K40: TIENDAS | L40: SI | M40: 0 | N40: SI | O40: ENERO
K41: =IF(MAESTRO!A1="","",MAESTRO!A1) -> ******SUCURSALES | L41: NO | M41: 1 | N41: NO | O41: FEBRERO
K42: =IF(MAESTRO!A2="","",MAESTRO!A2) -> LA CASA DE LA CAÑA, C.A. (T. ALTERNA) | M42: 2 | O42: MARZO
K43: =IF(MAESTRO!A3="","",MAESTRO!A3) -> LA CASA DE LA CAÑA, C.A. (T. ANACO) | M43: 3 | O43: ABRIL
K44: =IF(MAESTRO!A4="","",MAESTRO!A4) -> LA CASA DE LA CAÑA, C.A. (T. CUMANÁ) | M44: 4 | O44: MAYO
K45: =IF(MAESTRO!A5="","",MAESTRO!A5) -> LA CASA DE LA CAÑA, C.A. (T. MATURÍN I) | M45: 5 | O45: JUNIO
K46: =IF(MAESTRO!A6="","",MAESTRO!A6) -> LA CASA DE LA CAÑA, C.A. (T. MATURÍN II) | M46: 6 | O46: JULIO
K47: =IF(MAESTRO!A7="","",MAESTRO!A7) -> LA CASA DE LA CAÑA, C.A. (T. NVA. BARCELONA) | M47: 7 | O47: AGOSTO
K48: =IF(MAESTRO!A8="","",MAESTRO!A8) -> INVERSIONES CAÑANDONGA,C.A (T. CONEJERO) | M48: 8 | O48: SEPTIEMBRE
K49: =IF(MAESTRO!A9="","",MAESTRO!A9) -> OPERADORA EL MERCADO 2011, C.A. (T. MERCADO) | M49: 9 | O49: OCTUBRE
K50: =IF(MAESTRO!A10="","",MAESTRO!A10) -> OPERADORA EL PUENTE 2011, C.A. (T. PUENTE REAL) | M50: 10 | O50: NOVIEMBRE
K51: =IF(MAESTRO!A11="","",MAESTRO!A11) -> OPERADORA LECHERÍA 2011, C.A. (T. LECHERÍA) | M51: 11 | O51: DICIEMBRE
K52: =IF(MAESTRO!A12="","",MAESTRO!A12) -> OPERADORA PUERTO LA CRUZ 2011, C.A. (T. PUERTO LA CRUZ) | M52: 12
K53: =IF(MAESTRO!A13="","",MAESTRO!A13) -> OPERADORA PUERTO ORDAZ 2013, C.A.(T. PUERTO ORDAZ) | M53: 13
K54: =IF(MAESTRO!A14="","",MAESTRO!A14) -> OPERADORA LAS AMERICAS, C.A | M54: 14
K55: =IF(MAESTRO!A15="","",MAESTRO!A15) -> OPERADORA PLAZA DEL SOL 2015, C.A | M55: 15
K56: =IF(MAESTRO!A16="","",MAESTRO!A16) -> RELIVE, C.A. (T. CHUPARÍN)
K57: =IF(MAESTRO!A17="","",MAESTRO!A17) -> RELIVE, C.A. (T. TERRAZAS)
K58: =IF(MAESTRO!A18="","",MAESTRO!A18) -> RELIVE, C.A. (T. TIGRE II)
K59: =IF(MAESTRO!A19="","",MAESTRO!A19) -> RELIVE, C.A. (T. TIGRE III)
K60: =IF(MAESTRO!A20="","",MAESTRO!A20)
K61: =IF(MAESTRO!A21="","",MAESTRO!A21)

Sheet ANTONIO
C1: CHECK LIST DE EXISTENCIA DE EQUIPOS EN TIENDAS | I1: Código: | J1: FO-MIS-03 | L1: Operadora Lecheria 2025, C.A San Bernandino
I2: Revisión: | J2: 07 | K2: 42720 | L2: Operadora Lecheria 2025, C.A Drop Shop El Paraiso
I3: Fecha: | J3: 42286 | L3: Operadora Lecheria 2025, C.A El Paraiso
L4: Operadora Lecheria 2025, C.A Presidente Medina
B5: SUCURSAL: | C5: Operadora Lecheria 2025, C.A San Antonio | H5: FECHA: | I5: 46157 | L5: Operadora Lecheria 2025, C.A Los Flores
L6: Operadora Lecheria 2025, C.A San Antonio
A7: EQUIPOS | L7: Operadora Lecheria 2025, C.A CCCT
A8: Nº | B8: EQUIPOS | D8: INVENTARIO IDEAL | E8: INVENTARIO REAL | F8: EQUIPOS OPERATIVOS | G8: EFECTIVIDAD | H8: OBSERVACIONES | L8: Operadora Lecheria 2025, C.A Guarenas Centro
A9: 1 | B9: CPU | D9: 2 | E9: 2 | F9: 2 | G9: =IF(D9="","",IF(D9=0,"-",IF(F9>D9,"ERROR",IF(E9>D9,"ERROR",IF(E9<D9,0,IF(E9>F9,0,IF(F9=D9,1,0))))))) -> 1 | L9: Operadora Lecheria 2025, C.A Guarenas 27 De Febrero | P9: LA CASA DE LA CAÑA, C.A. (T. ALTERNA)
A10: 2 | B10: MOUSE | D10: 2 | E10: 2 | F10: 2 | G10: =IF(D10="","",IF(D10=0,"-",IF(F10>D10,"ERROR",IF(E10>D10,"ERROR",IF(E10<D10,0,IF(E10>F10,0,IF(F10=D10,1,0))))))) -> 1 | L10: Operadora Lecheria 2025, C.A Guatire Las Rosas | P10: LA CASA DE LA CAÑA, C.A. (T. ANACO)
A11: 3 | B11: TECLADOS | D11: 2 | E11: 2 | F11: 2 | G11: =IF(D11="","",IF(D11=0,"-",IF(F11>D11,"ERROR",IF(E11>D11,"ERROR",IF(E11<D11,0,IF(E11>F11,0,IF(F11=D11,1,0))))))) -> 1 | L11: Operadora Lecheria 2025, C.A Guatire Centro | P11: LA CASA DE LA CAÑA, C.A. (T. NVA BARCELONA)
A12: 4 | B12: MONITORES | D12: 2 | E12: 2 | F12: 2 | G12: =IF(D12="","",IF(D12=0,"-",IF(F12>D12,"ERROR",IF(E12>D12,"ERROR",IF(E12<D12,0,IF(E12>F12,0,IF(F12=D12,1,0))))))) -> 1 | L12: Operadora Lecheria 2025, C.A Guatire El Palmar | P12: LA CASA DE LA CAÑA, C.A. (T. CUMANA)
A13: 5 | B13: REGULADORES | D13: 2 | E13: 2 | F13: 2 | G13: =IF(D13="","",IF(D13=0,"-",IF(F13>D13,"ERROR",IF(E13>D13,"ERROR",IF(E13<D13,0,IF(E13>F13,0,IF(F13=D13,1,0))))))) -> 1 | L13: Operadora Lecheria 2025, C.A Caucagua | P13: LA CASA DE LA CAÑA, C.A. (T. MATURIN I)
A14: 6 | B14: IMPRESORA MULTIFUNCIONAL | D14: 1 | E14: 1 | F14: 1 | G14: =IF(D14="","",IF(D14=0,"-",IF(F14>D14,"ERROR",IF(E14>D14,"ERROR",IF(E14<D14,0,IF(E14>F14,0,IF(F14=D14,1,0))))))) -> 1 | L14: Operadora Lecheria 2025, C.A Higuerote | P14: LA CASA DE LA CAÑA, C.A. (T. MATURIN II)
A15: 7 | B15: IMPRESORAS FISCALES | D15: 2 | E15: 2 | F15: 2 | G15: =IF(D15="","",IF(D15=0,"-",IF(F15>D15,"ERROR",IF(E15>D15,"ERROR",IF(E15<D15,0,IF(E15>F15,0,IF(F15=D15,1,0))))))) -> 1 | H15: SERIAL 1: | J15: Nº ULT. REPORTE Z: | L15: Operadora Lecheria 2025, C.A Las Mercedes | P15: LA CASA DE LA CAÑA, C.A. (T. FREITES)
H16: SERIAL 2: | J16: Nº ULT. REPORTE Z: | L16: Operadora Lecheria 2025, C.A San Martin | P16: LA CASA DE LA CAÑA, C.A. (T. PUENTE)
H17: SERIAL 3: | J17: Nº ULT. REPORTE Z: | L17: Operadora Lecheria 2025, C.A Baruta | P17: RELIVE, C.A. (T. CHUPARIN)
H18: SERIAL 4: | J18: Nº ULT. REPORTE Z: | L18: Operadora Lecheria 2025, C.A Nuevo Circo | P18: RELIVE, C.A. (T. TERRAZAS)
H19: SERIAL 5: | J19: Nº ULT. REPORTE Z: | L19: Operadora Lecheria 2025, C.A El Silencio | P19: RELIVE, C.A. (T. TIGRE II)
H20: SERIAL 6: | J20: Nº ULT. REPORTE Z: | L20: Operadora Lecheria 2025, C.A Drop Shop Castellana | P20: RELIVE, C.A. (T. TIGRE III)
H21: SERIAL 7: | J21: Nº ULT. REPORTE Z: | P21: RELIVE, C.A. (T. PLC)
P22: RELIVE, C.A. (T. POZUELOS)
A23: 8 | B23: ROUTER | D23: 1 | E23: 1 | F23: 1 | G23: =IF(D23="","",IF(D23=0,"-",IF(F23>D23,"ERROR",IF(E23>D23,"ERROR",IF(E23<D23,0,IF(E23>F23,0,IF(F23=D23,1,0))))))) -> 1 | P23: OPERADORA VENECIA 2021, C.A (T. VENECIA)
A24: 9 | B24: SUICHE | D24: 1 | E24: 1 | F24: 1 | G24: =IF(D24="","",IF(D24=0,"-",IF(F24>D24,"ERROR",IF(E24>D24,"ERROR",IF(E24<D24,0,IF(E24>F24,0,IF(F24=D24,1,0))))))) -> 1 | P24: OPERADORA VENECIA 2021, C.A (T. BOLIVAR PLC)
A25: 10 | B25: ESCANER DE CODIGO DE BARRAS | D25: 2 | E25: 2 | F25: 2 | G25: =IF(D25="","",IF(D25=0,"-",IF(F25>D25,"ERROR",IF(E25>D25,"ERROR",IF(E25<D25,0,IF(E25>F25,0,IF(F25=D25,1,0))))))) -> 1 | P25: OPERADORA VENECIA 2021, C.A (T. CHURCHILL)
A26: 11 | B26: VISOR DE VENTA | D26: 0 | E26: 1 | F26: 1 | G26: =IF(D26="","",IF(D26=0,"-",IF(F26>D26,"ERROR",IF(E26>D26,"ERROR",IF(E26<D26,0,IF(E26>F26,0,IF(F26=D26,1,0))))))) -> - | P26: OPERADORA VENECIA 2021, C.A (T. MANSION)
A27: 12 | B27: DVR | D27: 1 | E27: 1 | F27: 1 | G27: =IF(D27="","",IF(D27=0,"-",IF(F27>D27,"ERROR",IF(E27>D27,"ERROR",IF(E27<D27,0,IF(E27>F27,0,IF(F27=D27,1,0))))))) -> 1 | P27: OPERADORA LECHERIA 2011, C.A
A28: 13 | B28: MODEM | D28: 0 | E28: 1 | F28: 1 | G28: =IF(D28="","",IF(D28=0,"-",IF(F28>D28,"ERROR",IF(E28>D28,"ERROR",IF(E28<D28,0,IF(E28>F28,0,IF(F28=D28,1,0))))))) -> -
A29: 14 | B29: LIBROS DE IMPRESORAS FISCALES | D29: 2 | E29: 2 | F29: 2 | G29: =IF(D29="","",IF(D29=0,"-",IF(F29>D29,"ERROR",IF(E29>D29,"ERROR",IF(E29<D29,0,IF(E29>F29,0,IF(F29=D29,1,0))))))) -> 1
A30: TOTAL DE EFECTIVIDAD DE EQUIPOS | G30: =IFERROR(AVERAGE(G9:G28),"-") -> 1
A32: Realizado Por:
A33: Cargo
A35: NOTA: El check list de Existencia de Equipos en Tiendas debe ser enviado entre los 5 primeros días del mes, vía correo electrónico al grupo Sistemas, con copia al Director de Servicios de Control.
L39: HOUSE TICKET | M39: INVENTARIO | N39: CABLEADO | O39: MES
K40: TIENDAS | L40: SI | M40: 0 | N40: SI | O40: ENERO
K41: =IF(MAESTRO!A1="","",MAESTRO!A1) -> ******SUCURSALES | L41: NO | M41: 1 | N41: NO | O41: FEBRERO
K42: =IF(MAESTRO!A2="","",MAESTRO!A2) -> LA CASA DE LA CAÑA, C.A. (T. ALTERNA) | M42: 2 | O42: MARZO
K43: =IF(MAESTRO!A3="","",MAESTRO!A3) -> LA CASA DE LA CAÑA, C.A. (T. ANACO) | M43: 3 | O43: ABRIL
K44: =IF(MAESTRO!A4="","",MAESTRO!A4) -> LA CASA DE LA CAÑA, C.A. (T. CUMANÁ) | M44: 4 | O44: MAYO
K45: =IF(MAESTRO!A5="","",MAESTRO!A5) -> LA CASA DE LA CAÑA, C.A. (T. MATURÍN I) | M45: 5 | O45: JUNIO
K46: =IF(MAESTRO!A6="","",MAESTRO!A6) -> LA CASA DE LA CAÑA, C.A. (T. MATURÍN II) | M46: 6 | O46: JULIO
K47: =IF(MAESTRO!A7="","",MAESTRO!A7) -> LA CASA DE LA CAÑA, C.A. (T. NVA. BARCELONA) | M47: 7 | O47: AGOSTO
K48: =IF(MAESTRO!A8="","",MAESTRO!A8) -> INVERSIONES CAÑANDONGA,C.A (T. CONEJERO) | M48: 8 | O48: SEPTIEMBRE
K49: =IF(MAESTRO!A9="","",MAESTRO!A9) -> OPERADORA EL MERCADO 2011, C.A. (T. MERCADO) | M49: 9 | O49: OCTUBRE
K50: =IF(MAESTRO!A10="","",MAESTRO!A10) -> OPERADORA EL PUENTE 2011, C.A. (T. PUENTE REAL) | M50: 10 | O50: NOVIEMBRE
K51: =IF(MAESTRO!A11="","",MAESTRO!A11) -> OPERADORA LECHERÍA 2011, C.A. (T. LECHERÍA) | M51: 11 | O51: DICIEMBRE
K52: =IF(MAESTRO!A12="","",MAESTRO!A12) -> OPERADORA PUERTO LA CRUZ 2011, C.A. (T. PUERTO LA CRUZ) | M52: 12
K53: =IF(MAESTRO!A13="","",MAESTRO!A13) -> OPERADORA PUERTO ORDAZ 2013, C.A.(T. PUERTO ORDAZ) | M53: 13
K54: =IF(MAESTRO!A14="","",MAESTRO!A14) -> OPERADORA LAS AMERICAS, C.A | M54: 14
K55: =IF(MAESTRO!A15="","",MAESTRO!A15) -> OPERADORA PLAZA DEL SOL 2015, C.A | M55: 15
K56: =IF(MAESTRO!A16="","",MAESTRO!A16) -> RELIVE, C.A. (T. CHUPARÍN)
K57: =IF(MAESTRO!A17="","",MAESTRO!A17) -> RELIVE, C.A. (T. TERRAZAS)
K58: =IF(MAESTRO!A18="","",MAESTRO!A18) -> RELIVE, C.A. (T. TIGRE II)
K59: =IF(MAESTRO!A19="","",MAESTRO!A19) -> RELIVE, C.A. (T. TIGRE III)
K60: =IF(MAESTRO!A20="","",MAESTRO!A20)
K61: =IF(MAESTRO!A21="","",MAESTRO!A21)

Sheet CCCT
C1: CHECK LIST DE EXISTENCIA DE EQUIPOS EN TIENDAS | I1: Código: | J1: FO-MIS-03 | L1: Operadora Lecheria 2025, C.A San Bernandino
I2: Revisión: | J2: 07 | K2: 42720 | L2: Operadora Lecheria 2025, C.A Drop Shop El Paraiso
I3: Fecha: | J3: 42286 | L3: Operadora Lecheria 2025, C.A El Paraiso
L4: Operadora Lecheria 2025, C.A Presidente Medina
B5: SUCURSAL: | C5: Operadora Lecheria 2025, C.A CCCT | H5: FECHA: | I5: 46157 | L5: Operadora Lecheria 2025, C.A Los Flores
L6: Operadora Lecheria 2025, C.A San Antonio
A7: EQUIPOS | L7: Operadora Lecheria 2025, C.A CCCT
A8: Nº | B8: EQUIPOS | D8: INVENTARIO IDEAL | E8: INVENTARIO REAL | F8: EQUIPOS OPERATIVOS | G8: EFECTIVIDAD | H8: OBSERVACIONES | L8: Operadora Lecheria 2025, C.A Guarenas Centro
A9: 1 | B9: CPU | D9: 3 | E9: 3 | F9: 3 | G9: =IF(D9="","",IF(D9=0,"-",IF(F9>D9,"ERROR",IF(E9>D9,"ERROR",IF(E9<D9,0,IF(E9>F9,0,IF(F9=D9,1,0))))))) -> 1 | L9: Operadora Lecheria 2025, C.A Guarenas 27 De Febrero | R9: LA CASA DE LA CAÑA, C.A. (T. ALTERNA)
A10: 2 | B10: MOUSE | D10: 3 | E10: 3 | F10: 3 | G10: =IF(D10="","",IF(D10=0,"-",IF(F10>D10,"ERROR",IF(E10>D10,"ERROR",IF(E10<D10,0,IF(E10>F10,0,IF(F10=D10,1,0))))))) -> 1 | L10: Operadora Lecheria 2025, C.A Guatire Las Rosas | R10: LA CASA DE LA CAÑA, C.A. (T. ANACO)
A11: 3 | B11: TECLADOS | D11: 3 | E11: 3 | F11: 3 | G11: =IF(D11="","",IF(D11=0,"-",IF(F11>D11,"ERROR",IF(E11>D11,"ERROR",IF(E11<D11,0,IF(E11>F11,0,IF(F11=D11,1,0))))))) -> 1 | L11: Operadora Lecheria 2025, C.A Guatire Centro | R11: LA CASA DE LA CAÑA, C.A. (T. NVA BARCELONA)
A12: 4 | B12: MONITORES | D12: 3 | E12: 3 | F12: 3 | G12: =IF(D12="","",IF(D12=0,"-",IF(F12>D12,"ERROR",IF(E12>D12,"ERROR",IF(E12<D12,0,IF(E12>F12,0,IF(F12=D12,1,0))))))) -> 1 | L12: Operadora Lecheria 2025, C.A Guatire El Palmar | R12: LA CASA DE LA CAÑA, C.A. (T. CUMANA)
A13: 5 | B13: REGULADORES | D13: 3 | E13: 3 | F13: 3 | G13: =IF(D13="","",IF(D13=0,"-",IF(F13>D13,"ERROR",IF(E13>D13,"ERROR",IF(E13<D13,0,IF(E13>F13,0,IF(F13=D13,1,0))))))) -> 1 | L13: Operadora Lecheria 2025, C.A Caucagua | R13: LA CASA DE LA CAÑA, C.A. (T. MATURIN I)
A14: 6 | B14: IMPRESORA MULTIFUNCIONAL | D14: 1 | E14: 1 | F14: 1 | G14: =IF(D14="","",IF(D14=0,"-",IF(F14>D14,"ERROR",IF(E14>D14,"ERROR",IF(E14<D14,0,IF(E14>F14,0,IF(F14=D14,1,0))))))) -> 1 | L14: Operadora Lecheria 2025, C.A Higuerote | R14: LA CASA DE LA CAÑA, C.A. (T. MATURIN II)
A15: 7 | B15: IMPRESORAS FISCALES | D15: 3 | E15: 3 | F15: 3 | G15: =IF(D15="","",IF(D15=0,"-",IF(F15>D15,"ERROR",IF(E15>D15,"ERROR",IF(E15<D15,0,IF(E15>F15,0,IF(F15=D15,1,0))))))) -> 1 | H15: SERIAL 1: | J15: Nº ULT. REPORTE Z: | L15: Operadora Lecheria 2025, C.A Las Mercedes | R15: LA CASA DE LA CAÑA, C.A. (T. FREITES)
H16: SERIAL 2: | J16: Nº ULT. REPORTE Z: | L16: Operadora Lecheria 2025, C.A San Martin | R16: LA CASA DE LA CAÑA, C.A. (T. PUENTE)
H17: SERIAL 3: | J17: Nº ULT. REPORTE Z: | L17: Operadora Lecheria 2025, C.A Baruta | R17: RELIVE, C.A. (T. CHUPARIN)
H18: SERIAL 4: | J18: Nº ULT. REPORTE Z: | L18: Operadora Lecheria 2025, C.A Nuevo Circo | R18: RELIVE, C.A. (T. TERRAZAS)
H19: SERIAL 5: | J19: Nº ULT. REPORTE Z: | L19: Operadora Lecheria 2025, C.A El Silencio | R19: RELIVE, C.A. (T. TIGRE II)
H20: SERIAL 6: | J20: Nº ULT. REPORTE Z: | L20: Operadora Lecheria 2025, C.A Drop Shop Castellana | R20: RELIVE, C.A. (T. TIGRE III)
H21: SERIAL 7: | J21: Nº ULT. REPORTE Z: | R21: RELIVE, C.A. (T. PLC)
R22: RELIVE, C.A. (T. POZUELOS)
A23: 8 | B23: ROUTER | D23: 1 | E23: 1 | F23: 1 | G23: =IF(D23="","",IF(D23=0,"-",IF(F23>D23,"ERROR",IF(E23>D23,"ERROR",IF(E23<D23,0,IF(E23>F23,0,IF(F23=D23,1,0))))))) -> 1 | R23: OPERADORA VENECIA 2021, C.A (T. VENECIA)
A24: 9 | B24: SUICHE | D24: 1 | E24: 1 | F24: 1 | G24: =IF(D24="","",IF(D24=0,"-",IF(F24>D24,"ERROR",IF(E24>D24,"ERROR",IF(E24<D24,0,IF(E24>F24,0,IF(F24=D24,1,0))))))) -> 1 | R24: OPERADORA VENECIA 2021, C.A (T. BOLIVAR PLC)
A25: 10 | B25: ESCANER DE CODIGO DE BARRAS | D25: 3 | E25: 3 | F25: 3 | G25: =IF(D25="","",IF(D25=0,"-",IF(F25>D25,"ERROR",IF(E25>D25,"ERROR",IF(E25<D25,0,IF(E25>F25,0,IF(F25=D25,1,0))))))) -> 1 | R25: OPERADORA VENECIA 2021, C.A (T. CHURCHILL)
A26: 11 | B26: VISOR DE VENTA | D26: 0 | E26: 1 | F26: 1 | G26: =IF(D26="","",IF(D26=0,"-",IF(F26>D26,"ERROR",IF(E26>D26,"ERROR",IF(E26<D26,0,IF(E26>F26,0,IF(F26=D26,1,0))))))) -> - | R26: OPERADORA VENECIA 2021, C.A (T. MANSION)
A27: 12 | B27: DVR | D27: 1 | E27: 1 | F27: 1 | G27: =IF(D27="","",IF(D27=0,"-",IF(F27>D27,"ERROR",IF(E27>D27,"ERROR",IF(E27<D27,0,IF(E27>F27,0,IF(F27=D27,1,0))))))) -> 1 | R27: OPERADORA LECHERIA 2011, C.A
A28: 13 | B28: MODEM | D28: 0 | E28: 1 | F28: 1 | G28: =IF(D28="","",IF(D28=0,"-",IF(F28>D28,"ERROR",IF(E28>D28,"ERROR",IF(E28<D28,0,IF(E28>F28,0,IF(F28=D28,1,0))))))) -> -
A29: 14 | B29: LIBROS DE IMPRESORAS FISCALES | D29: 3 | E29: 3 | F29: 3 | G29: =IF(D29="","",IF(D29=0,"-",IF(F29>D29,"ERROR",IF(E29>D29,"ERROR",IF(E29<D29,0,IF(E29>F29,0,IF(F29=D29,1,0))))))) -> 1
A30: TOTAL DE EFECTIVIDAD DE EQUIPOS | G30: =IFERROR(AVERAGE(G9:G28),"-") -> 1
A32: Realizado Por:
A33: Cargo
A35: NOTA: El check list de Existencia de Equipos en Tiendas debe ser enviado entre los 5 primeros días del mes, vía correo electrónico al grupo Sistemas, con copia al Director de Servicios de Control.
L39: HOUSE TICKET | M39: INVENTARIO | N39: CABLEADO | O39: MES
K40: TIENDAS | L40: SI | M40: 0 | N40: SI | O40: ENERO
K41: =IF(MAESTRO!A1="","",MAESTRO!A1) -> ******SUCURSALES | L41: NO | M41: 1 | N41: NO | O41: FEBRERO
K42: =IF(MAESTRO!A2="","",MAESTRO!A2) -> LA CASA DE LA CAÑA, C.A. (T. ALTERNA) | M42: 2 | O42: MARZO
K43: =IF(MAESTRO!A3="","",MAESTRO!A3) -> LA CASA DE LA CAÑA, C.A. (T. ANACO) | M43: 3 | O43: ABRIL
K44: =IF(MAESTRO!A4="","",MAESTRO!A4) -> LA CASA DE LA CAÑA, C.A. (T. CUMANÁ) | M44: 4 | O44: MAYO
K45: =IF(MAESTRO!A5="","",MAESTRO!A5) -> LA CASA DE LA CAÑA, C.A. (T. MATURÍN I) | M45: 5 | O45: JUNIO
K46: =IF(MAESTRO!A6="","",MAESTRO!A6) -> LA CASA DE LA CAÑA, C.A. (T. MATURÍN II) | M46: 6 | O46: JULIO
K47: =IF(MAESTRO!A7="","",MAESTRO!A7) -> LA CASA DE LA CAÑA, C.A. (T. NVA. BARCELONA) | M47: 7 | O47: AGOSTO
K48: =IF(MAESTRO!A8="","",MAESTRO!A8) -> INVERSIONES CAÑANDONGA,C.A (T. CONEJERO) | M48: 8 | O48: SEPTIEMBRE
K49: =IF(MAESTRO!A9="","",MAESTRO!A9) -> OPERADORA EL MERCADO 2011, C.A. (T. MERCADO) | M49: 9 | O49: OCTUBRE
K50: =IF(MAESTRO!A10="","",MAESTRO!A10) -> OPERADORA EL PUENTE 2011, C.A. (T. PUENTE REAL) | M50: 10 | O50: NOVIEMBRE
K51: =IF(MAESTRO!A11="","",MAESTRO!A11) -> OPERADORA LECHERÍA 2011, C.A. (T. LECHERÍA) | M51: 11 | O51: DICIEMBRE
K52: =IF(MAESTRO!A12="","",MAESTRO!A12) -> OPERADORA PUERTO LA CRUZ 2011, C.A. (T. PUERTO LA CRUZ) | M52: 12
K53: =IF(MAESTRO!A13="","",MAESTRO!A13) -> OPERADORA PUERTO ORDAZ 2013, C.A.(T. PUERTO ORDAZ) | M53: 13
K54: =IF(MAESTRO!A14="","",MAESTRO!A14) -> OPERADORA LAS AMERICAS, C.A | M54: 14
K55: =IF(MAESTRO!A15="","",MAESTRO!A15) -> OPERADORA PLAZA DEL SOL 2015, C.A | M55: 15
K56: =IF(MAESTRO!A16="","",MAESTRO!A16) -> RELIVE, C.A. (T. CHUPARÍN)
K57: =IF(MAESTRO!A17="","",MAESTRO!A17) -> RELIVE, C.A. (T. TERRAZAS)
K58: =IF(MAESTRO!A18="","",MAESTRO!A18) -> RELIVE, C.A. (T. TIGRE II)
K59: =IF(MAESTRO!A19="","",MAESTRO!A19) -> RELIVE, C.A. (T. TIGRE III)
K60: =IF(MAESTRO!A20="","",MAESTRO!A20)
K61: =IF(MAESTRO!A21="","",MAESTRO!A21)

Sheet GUARENAS C
C1: CHECK LIST DE EXISTENCIA DE EQUIPOS EN TIENDAS | I1: Código: | J1: FO-MIS-03 | L1: Operadora Lecheria 2025, C.A San Bernandino
I2: Revisión: | J2: 07 | K2: 42720 | L2: Operadora Lecheria 2025, C.A Drop Shop El Paraiso
I3: Fecha: | J3: 42286 | L3: Operadora Lecheria 2025, C.A El Paraiso
L4: Operadora Lecheria 2025, C.A Presidente Medina
B5: SUCURSAL: | C5: Operadora Lecheria 2025, C.A Guarenas Centro | H5: FECHA: | I5: 46157 | L5: Operadora Lecheria 2025, C.A Los Flores
L6: Operadora Lecheria 2025, C.A San Antonio
A7: EQUIPOS | L7: Operadora Lecheria 2025, C.A CCCT
A8: Nº | B8: EQUIPOS | D8: INVENTARIO IDEAL | E8: INVENTARIO REAL | F8: EQUIPOS OPERATIVOS | G8: EFECTIVIDAD | H8: OBSERVACIONES | L8: Operadora Lecheria 2025, C.A Guarenas Centro
A9: 1 | B9: CPU | D9: 2 | E9: 2 | F9: 2 | G9: =IF(D9="","",IF(D9=0,"-",IF(F9>D9,"ERROR",IF(E9>D9,"ERROR",IF(E9<D9,0,IF(E9>F9,0,IF(F9=D9,1,0))))))) -> 1 | L9: Operadora Lecheria 2025, C.A Guarenas 27 De Febrero
A10: 2 | B10: MOUSE | D10: 2 | E10: 2 | F10: 2 | G10: =IF(D10="","",IF(D10=0,"-",IF(F10>D10,"ERROR",IF(E10>D10,"ERROR",IF(E10<D10,0,IF(E10>F10,0,IF(F10=D10,1,0))))))) -> 1 | L10: Operadora Lecheria 2025, C.A Guatire Las Rosas | Q10: LA CASA DE LA CAÑA, C.A. (T. ALTERNA)
A11: 3 | B11: TECLADOS | D11: 2 | E11: 2 | F11: 2 | G11: =IF(D11="","",IF(D11=0,"-",IF(F11>D11,"ERROR",IF(E11>D11,"ERROR",IF(E11<D11,0,IF(E11>F11,0,IF(F11=D11,1,0))))))) -> 1 | L11: Operadora Lecheria 2025, C.A Guatire Centro | Q11: LA CASA DE LA CAÑA, C.A. (T. ANACO)
A12: 4 | B12: MONITORES | D12: 2 | E12: 2 | F12: 2 | G12: =IF(D12="","",IF(D12=0,"-",IF(F12>D12,"ERROR",IF(E12>D12,"ERROR",IF(E12<D12,0,IF(E12>F12,0,IF(F12=D12,1,0))))))) -> 1 | L12: Operadora Lecheria 2025, C.A Guatire El Palmar | Q12: LA CASA DE LA CAÑA, C.A. (T. NVA BARCELONA)
A13: 5 | B13: REGULADORES | D13: 2 | E13: 2 | F13: 2 | G13: =IF(D13="","",IF(D13=0,"-",IF(F13>D13,"ERROR",IF(E13>D13,"ERROR",IF(E13<D13,0,IF(E13>F13,0,IF(F13=D13,1,0))))))) -> 1 | L13: Operadora Lecheria 2025, C.A Caucagua | Q13: LA CASA DE LA CAÑA, C.A. (T. CUMANA)
A14: 6 | B14: IMPRESORA MULTIFUNCIONAL | D14: 1 | E14: 1 | F14: 1 | G14: =IF(D14="","",IF(D14=0,"-",IF(F14>D14,"ERROR",IF(E14>D14,"ERROR",IF(E14<D14,0,IF(E14>F14,0,IF(F14=D14,1,0))))))) -> 1 | L14: Operadora Lecheria 2025, C.A Higuerote | Q14: LA CASA DE LA CAÑA, C.A. (T. MATURIN I)
A15: 7 | B15: IMPRESORAS FISCALES | D15: 2 | E15: 2 | F15: 2 | G15: =IF(D15="","",IF(D15=0,"-",IF(F15>D15,"ERROR",IF(E15>D15,"ERROR",IF(E15<D15,0,IF(E15>F15,0,IF(F15=D15,1,0))))))) -> 1 | H15: SERIAL 1: | J15: Nº ULT. REPORTE Z: | L15: Operadora Lecheria 2025, C.A Las Mercedes | Q15: LA CASA DE LA CAÑA, C.A. (T. MATURIN II)
H16: SERIAL 2: | J16: Nº ULT. REPORTE Z: | L16: Operadora Lecheria 2025, C.A San Martin | Q16: LA CASA DE LA CAÑA, C.A. (T. FREITES)
H17: SERIAL 3: | J17: Nº ULT. REPORTE Z: | L17: Operadora Lecheria 2025, C.A Baruta | Q17: LA CASA DE LA CAÑA, C.A. (T. PUENTE)
H18: SERIAL 4: | J18: Nº ULT. REPORTE Z: | L18: Operadora Lecheria 2025, C.A Nuevo Circo | Q18: RELIVE, C.A. (T. CHUPARIN)
H19: SERIAL 5: | J19: Nº ULT. REPORTE Z: | L19: Operadora Lecheria 2025, C.A El Silencio | Q19: RELIVE, C.A. (T. TERRAZAS)
H20: SERIAL 6: | J20: Nº ULT. REPORTE Z: | L20: Operadora Lecheria 2025, C.A Drop Shop Castellana | Q20: RELIVE, C.A. (T. TIGRE II)
H21: SERIAL 7: | J21: Nº ULT. REPORTE Z: | Q21: RELIVE, C.A. (T. TIGRE III)
Q22: RELIVE, C.A. (T. PLC)
A23: 8 | B23: ROUTER | D23: 1 | E23: 1 | F23: 1 | G23: =IF(D23="","",IF(D23=0,"-",IF(F23>D23,"ERROR",IF(E23>D23,"ERROR",IF(E23<D23,0,IF(E23>F23,0,IF(F23=D23,1,0))))))) -> 1 | Q23: RELIVE, C.A. (T. POZUELOS)
A24: 9 | B24: SUICHE | D24: 1 | E24: 1 | F24: 1 | G24: =IF(D24="","",IF(D24=0,"-",IF(F24>D24,"ERROR",IF(E24>D24,"ERROR",IF(E24<D24,0,IF(E24>F24,0,IF(F24=D24,1,0))))))) -> 1 | Q24: OPERADORA VENECIA 2021, C.A (T. VENECIA)
A25: 10 | B25: ESCANER DE CODIGO DE BARRAS | D25: 3 | E25: 3 | F25: 3 | G25: =IF(D25="","",IF(D25=0,"-",IF(F25>D25,"ERROR",IF(E25>D25,"ERROR",IF(E25<D25,0,IF(E25>F25,0,IF(F25=D25,1,0))))))) -> 1 | Q25: OPERADORA VENECIA 2021, C.A (T. BOLIVAR PLC)
A26: 11 | B26: VISOR DE VENTA | D26: 0 | E26: 1 | F26: 1 | G26: =IF(D26="","",IF(D26=0,"-",IF(F26>D26,"ERROR",IF(E26>D26,"ERROR",IF(E26<D26,0,IF(E26>F26,0,IF(F26=D26,1,0))))))) -> - | Q26: OPERADORA VENECIA 2021, C.A (T. CHURCHILL)
A27: 12 | B27: DVR | D27: 1 | E27: 1 | F27: 1 | G27: =IF(D27="","",IF(D27=0,"-",IF(F27>D27,"ERROR",IF(E27>D27,"ERROR",IF(E27<D27,0,IF(E27>F27,0,IF(F27=D27,1,0))))))) -> 1 | Q27: OPERADORA VENECIA 2021, C.A (T. MANSION)
A28: 13 | B28: MODEM | D28: 0 | E28: 1 | F28: 1 | G28: =IF(D28="","",IF(D28=0,"-",IF(F28>D28,"ERROR",IF(E28>D28,"ERROR",IF(E28<D28,0,IF(E28>F28,0,IF(F28=D28,1,0))))))) -> - | Q28: OPERADORA LECHERIA 2011, C.A
A29: 14 | B29: LIBROS DE IMPRESORAS FISCALES | D29: 2 | E29: 2 | F29: 2 | G29: =IF(D29="","",IF(D29=0,"-",IF(F29>D29,"ERROR",IF(E29>D29,"ERROR",IF(E29<D29,0,IF(E29>F29,0,IF(F29=D29,1,0))))))) -> 1
A30: TOTAL DE EFECTIVIDAD DE EQUIPOS | G30: =IFERROR(AVERAGE(G9:G28),"-") -> 1
A32: Realizado Por:
A33: Cargo
A35: NOTA: El check list de Existencia de Equipos en Tiendas debe ser enviado entre los 5 primeros días del mes, vía correo electrónico al grupo Sistemas, con copia al Director de Servicios de Control.
L39: HOUSE TICKET | M39: INVENTARIO | N39: CABLEADO | O39: MES
K40: TIENDAS | L40: SI | M40: 0 | N40: SI | O40: ENERO
K41: =IF(MAESTRO!A1="","",MAESTRO!A1) -> ******SUCURSALES | L41: NO | M41: 1 | N41: NO | O41: FEBRERO
K42: =IF(MAESTRO!A2="","",MAESTRO!A2) -> LA CASA DE LA CAÑA, C.A. (T. ALTERNA) | M42: 2 | O42: MARZO
K43: =IF(MAESTRO!A3="","",MAESTRO!A3) -> LA CASA DE LA CAÑA, C.A. (T. ANACO) | M43: 3 | O43: ABRIL
K44: =IF(MAESTRO!A4="","",MAESTRO!A4) -> LA CASA DE LA CAÑA, C.A. (T. CUMANÁ) | M44: 4 | O44: MAYO
K45: =IF(MAESTRO!A5="","",MAESTRO!A5) -> LA CASA DE LA CAÑA, C.A. (T. MATURÍN I) | M45: 5 | O45: JUNIO
K46: =IF(MAESTRO!A6="","",MAESTRO!A6) -> LA CASA DE LA CAÑA, C.A. (T. MATURÍN II) | M46: 6 | O46: JULIO
K47: =IF(MAESTRO!A7="","",MAESTRO!A7) -> LA CASA DE LA CAÑA, C.A. (T. NVA. BARCELONA) | M47: 7 | O47: AGOSTO
K48: =IF(MAESTRO!A8="","",MAESTRO!A8) -> INVERSIONES CAÑANDONGA,C.A (T. CONEJERO) | M48: 8 | O48: SEPTIEMBRE
K49: =IF(MAESTRO!A9="","",MAESTRO!A9) -> OPERADORA EL MERCADO 2011, C.A. (T. MERCADO) | M49: 9 | O49: OCTUBRE
K50: =IF(MAESTRO!A10="","",MAESTRO!A10) -> OPERADORA EL PUENTE 2011, C.A. (T. PUENTE REAL) | M50: 10 | O50: NOVIEMBRE
K51: =IF(MAESTRO!A11="","",MAESTRO!A11) -> OPERADORA LECHERÍA 2011, C.A. (T. LECHERÍA) | M51: 11 | O51: DICIEMBRE
K52: =IF(MAESTRO!A12="","",MAESTRO!A12) -> OPERADORA PUERTO LA CRUZ 2011, C.A. (T. PUERTO LA CRUZ) | M52: 12
K53: =IF(MAESTRO!A13="","",MAESTRO!A13) -> OPERADORA PUERTO ORDAZ 2013, C.A.(T. PUERTO ORDAZ) | M53: 13
K54: =IF(MAESTRO!A14="","",MAESTRO!A14) -> OPERADORA LAS AMERICAS, C.A | M54: 14
K55: =IF(MAESTRO!A15="","",MAESTRO!A15) -> OPERADORA PLAZA DEL SOL 2015, C.A | M55: 15
K56: =IF(MAESTRO!A16="","",MAESTRO!A16) -> RELIVE, C.A. (T. CHUPARÍN)
K57: =IF(MAESTRO!A17="","",MAESTRO!A17) -> RELIVE, C.A. (T. TERRAZAS)
K58: =IF(MAESTRO!A18="","",MAESTRO!A18) -> RELIVE, C.A. (T. TIGRE II)
K59: =IF(MAESTRO!A19="","",MAESTRO!A19) -> RELIVE, C.A. (T. TIGRE III)
K60: =IF(MAESTRO!A20="","",MAESTRO!A20)
K61: =IF(MAESTRO!A21="","",MAESTRO!A21)

Sheet GUARENAS 27
C1: CHECK LIST DE EXISTENCIA DE EQUIPOS EN TIENDAS | I1: Código: | J1: FO-MIS-03 | L1: Operadora Lecheria 2025, C.A San Bernandino
I2: Revisión: | J2: 07 | K2: 42720 | L2: Operadora Lecheria 2025, C.A Drop Shop El Paraiso
I3: Fecha: | J3: 42286 | L3: Operadora Lecheria 2025, C.A El Paraiso
L4: Operadora Lecheria 2025, C.A Presidente Medina
B5: SUCURSAL: | C5: Operadora Lecheria 2025, C.A Guarenas 27 De Febrero | H5: FECHA: | I5: 46157 | L5: Operadora Lecheria 2025, C.A Los Flores
L6: Operadora Lecheria 2025, C.A San Antonio
A7: EQUIPOS | L7: Operadora Lecheria 2025, C.A CCCT
A8: Nº | B8: EQUIPOS | D8: INVENTARIO IDEAL | E8: INVENTARIO REAL | F8: EQUIPOS OPERATIVOS | G8: EFECTIVIDAD | H8: OBSERVACIONES | L8: Operadora Lecheria 2025, C.A Guarenas Centro
A9: 1 | B9: CPU | D9: 2 | E9: 2 | F9: 2 | G9: =IF(D9="","",IF(D9=0,"-",IF(F9>D9,"ERROR",IF(E9>D9,"ERROR",IF(E9<D9,0,IF(E9>F9,0,IF(F9=D9,1,0))))))) -> 1 | L9: Operadora Lecheria 2025, C.A Guarenas 27 De Febrero | P9: LA CASA DE LA CAÑA, C.A. (T. ALTERNA)
A10: 2 | B10: MOUSE | D10: 2 | E10: 2 | F10: 2 | G10: =IF(D10="","",IF(D10=0,"-",IF(F10>D10,"ERROR",IF(E10>D10,"ERROR",IF(E10<D10,0,IF(E10>F10,0,IF(F10=D10,1,0))))))) -> 1 | L10: Operadora Lecheria 2025, C.A Guatire Las Rosas | P10: LA CASA DE LA CAÑA, C.A. (T. ANACO)
A11: 3 | B11: TECLADOS | D11: 2 | E11: 2 | F11: 2 | G11: =IF(D11="","",IF(D11=0,"-",IF(F11>D11,"ERROR",IF(E11>D11,"ERROR",IF(E11<D11,0,IF(E11>F11,0,IF(F11=D11,1,0))))))) -> 1 | L11: Operadora Lecheria 2025, C.A Guatire Centro | P11: LA CASA DE LA CAÑA, C.A. (T. NVA BARCELONA)
A12: 4 | B12: MONITORES | D12: 2 | E12: 2 | F12: 2 | G12: =IF(D12="","",IF(D12=0,"-",IF(F12>D12,"ERROR",IF(E12>D12,"ERROR",IF(E12<D12,0,IF(E12>F12,0,IF(F12=D12,1,0))))))) -> 1 | L12: Operadora Lecheria 2025, C.A Guatire El Palmar | P12: LA CASA DE LA CAÑA, C.A. (T. CUMANA)
A13: 5 | B13: REGULADORES | D13: 2 | E13: 2 | F13: 2 | G13: =IF(D13="","",IF(D13=0,"-",IF(F13>D13,"ERROR",IF(E13>D13,"ERROR",IF(E13<D13,0,IF(E13>F13,0,IF(F13=D13,1,0))))))) -> 1 | L13: Operadora Lecheria 2025, C.A Caucagua | P13: LA CASA DE LA CAÑA, C.A. (T. MATURIN I)
A14: 6 | B14: IMPRESORA MULTIFUNCIONAL | D14: 1 | E14: 1 | F14: 1 | G14: =IF(D14="","",IF(D14=0,"-",IF(F14>D14,"ERROR",IF(E14>D14,"ERROR",IF(E14<D14,0,IF(E14>F14,0,IF(F14=D14,1,0))))))) -> 1 | L14: Operadora Lecheria 2025, C.A Higuerote | P14: LA CASA DE LA CAÑA, C.A. (T. MATURIN II)
A15: 7 | B15: IMPRESORAS FISCALES | D15: 2 | E15: 2 | F15: 2 | G15: =IF(D15="","",IF(D15=0,"-",IF(F15>D15,"ERROR",IF(E15>D15,"ERROR",IF(E15<D15,0,IF(E15>F15,0,IF(F15=D15,1,0))))))) -> 1 | H15: SERIAL 1: | J15: Nº ULT. REPORTE Z: | L15: Operadora Lecheria 2025, C.A Las Mercedes | P15: LA CASA DE LA CAÑA, C.A. (T. FREITES)
H16: SERIAL 2: | J16: Nº ULT. REPORTE Z: | L16: Operadora Lecheria 2025, C.A San Martin | P16: LA CASA DE LA CAÑA, C.A. (T. PUENTE)
H17: SERIAL 3: | J17: Nº ULT. REPORTE Z: | L17: Operadora Lecheria 2025, C.A Baruta | P17: RELIVE, C.A. (T. CHUPARIN)
H18: SERIAL 4: | J18: Nº ULT. REPORTE Z: | L18: Operadora Lecheria 2025, C.A Nuevo Circo | P18: RELIVE, C.A. (T. TERRAZAS)
H19: SERIAL 5: | J19: Nº ULT. REPORTE Z: | L19: Operadora Lecheria 2025, C.A El Silencio | P19: RELIVE, C.A. (T. TIGRE II)
H20: SERIAL 6: | J20: Nº ULT. REPORTE Z: | L20: Operadora Lecheria 2025, C.A Drop Shop Castellana | P20: RELIVE, C.A. (T. TIGRE III)
H21: SERIAL 7: | J21: Nº ULT. REPORTE Z: | P21: RELIVE, C.A. (T. PLC)
P22: RELIVE, C.A. (T. POZUELOS)
A23: 8 | B23: ROUTER | D23: 1 | E23: 1 | F23: 1 | G23: =IF(D23="","",IF(D23=0,"-",IF(F23>D23,"ERROR",IF(E23>D23,"ERROR",IF(E23<D23,0,IF(E23>F23,0,IF(F23=D23,1,0))))))) -> 1 | P23: OPERADORA VENECIA 2021, C.A (T. VENECIA)
A24: 9 | B24: SUICHE | D24: 1 | E24: 1 | F24: 1 | G24: =IF(D24="","",IF(D24=0,"-",IF(F24>D24,"ERROR",IF(E24>D24,"ERROR",IF(E24<D24,0,IF(E24>F24,0,IF(F24=D24,1,0))))))) -> 1 | P24: OPERADORA VENECIA 2021, C.A (T. BOLIVAR PLC)
A25: 10 | B25: ESCANER DE CODIGO DE BARRAS | D25: 2 | E25: 2 | F25: 2 | G25: =IF(D25="","",IF(D25=0,"-",IF(F25>D25,"ERROR",IF(E25>D25,"ERROR",IF(E25<D25,0,IF(E25>F25,0,IF(F25=D25,1,0))))))) -> 1 | P25: OPERADORA VENECIA 2021, C.A (T. CHURCHILL)
A26: 11 | B26: VISOR DE VENTA | D26: 0 | E26: 1 | F26: 1 | G26: =IF(D26="","",IF(D26=0,"-",IF(F26>D26,"ERROR",IF(E26>D26,"ERROR",IF(E26<D26,0,IF(E26>F26,0,IF(F26=D26,1,0))))))) -> - | P26: OPERADORA VENECIA 2021, C.A (T. MANSION)
A27: 12 | B27: DVR | D27: 1 | E27: 1 | F27: 1 | G27: =IF(D27="","",IF(D27=0,"-",IF(F27>D27,"ERROR",IF(E27>D27,"ERROR",IF(E27<D27,0,IF(E27>F27,0,IF(F27=D27,1,0))))))) -> 1 | P27: OPERADORA LECHERIA 2011, C.A
A28: 13 | B28: MODEM | D28: 0 | E28: 1 | F28: 1 | G28: =IF(D28="","",IF(D28=0,"-",IF(F28>D28,"ERROR",IF(E28>D28,"ERROR",IF(E28<D28,0,IF(E28>F28,0,IF(F28=D28,1,0))))))) -> -
A29: 14 | B29: LIBROS DE IMPRESORAS FISCALES | D29: 2 | E29: 2 | F29: 2 | G29: =IF(D29="","",IF(D29=0,"-",IF(F29>D29,"ERROR",IF(E29>D29,"ERROR",IF(E29<D29,0,IF(E29>F29,0,IF(F29=D29,1,0))))))) -> 1
A30: TOTAL DE EFECTIVIDAD DE EQUIPOS | G30: =IFERROR(AVERAGE(G9:G28),"-") -> 1
A32: Realizado Por:
A33: Cargo
A35: NOTA: El check list de Existencia de Equipos en Tiendas debe ser enviado entre los 5 primeros días del mes, vía correo electrónico al grupo Sistemas, con copia al Director de Servicios de Control.
L39: HOUSE TICKET | M39: INVENTARIO | N39: CABLEADO | O39: MES
K40: TIENDAS | L40: SI | M40: 0 | N40: SI | O40: ENERO
K41: =IF(MAESTRO!A1="","",MAESTRO!A1) -> ******SUCURSALES | L41: NO | M41: 1 | N41: NO | O41: FEBRERO
K42: =IF(MAESTRO!A2="","",MAESTRO!A2) -> LA CASA DE LA CAÑA, C.A. (T. ALTERNA) | M42: 2 | O42: MARZO
K43: =IF(MAESTRO!A3="","",MAESTRO!A3) -> LA CASA DE LA CAÑA, C.A. (T. ANACO) | M43: 3 | O43: ABRIL
K44: =IF(MAESTRO!A4="","",MAESTRO!A4) -> LA CASA DE LA CAÑA, C.A. (T. CUMANÁ) | M44: 4 | O44: MAYO
K45: =IF(MAESTRO!A5="","",MAESTRO!A5) -> LA CASA DE LA CAÑA, C.A. (T. MATURÍN I) | M45: 5 | O45: JUNIO
K46: =IF(MAESTRO!A6="","",MAESTRO!A6) -> LA CASA DE LA CAÑA, C.A. (T. MATURÍN II) | M46: 6 | O46: JULIO
K47: =IF(MAESTRO!A7="","",MAESTRO!A7) -> LA CASA DE LA CAÑA, C.A. (T. NVA. BARCELONA) | M47: 7 | O47: AGOSTO
K48: =IF(MAESTRO!A8="","",MAESTRO!A8) -> INVERSIONES CAÑANDONGA,C.A (T. CONEJERO) | M48: 8 | O48: SEPTIEMBRE
K49: =IF(MAESTRO!A9="","",MAESTRO!A9) -> OPERADORA EL MERCADO 2011, C.A. (T. MERCADO) | M49: 9 | O49: OCTUBRE
K50: =IF(MAESTRO!A10="","",MAESTRO!A10) -> OPERADORA EL PUENTE 2011, C.A. (T. PUENTE REAL) | M50: 10 | O50: NOVIEMBRE
K51: =IF(MAESTRO!A11="","",MAESTRO!A11) -> OPERADORA LECHERÍA 2011, C.A. (T. LECHERÍA) | M51: 11 | O51: DICIEMBRE
K52: =IF(MAESTRO!A12="","",MAESTRO!A12) -> OPERADORA PUERTO LA CRUZ 2011, C.A. (T. PUERTO LA CRUZ) | M52: 12
K53: =IF(MAESTRO!A13="","",MAESTRO!A13) -> OPERADORA PUERTO ORDAZ 2013, C.A.(T. PUERTO ORDAZ) | M53: 13
K54: =IF(MAESTRO!A14="","",MAESTRO!A14) -> OPERADORA LAS AMERICAS, C.A | M54: 14
K55: =IF(MAESTRO!A15="","",MAESTRO!A15) -> OPERADORA PLAZA DEL SOL 2015, C.A | M55: 15
K56: =IF(MAESTRO!A16="","",MAESTRO!A16) -> RELIVE, C.A. (T. CHUPARÍN)
K57: =IF(MAESTRO!A17="","",MAESTRO!A17) -> RELIVE, C.A. (T. TERRAZAS)
K58: =IF(MAESTRO!A18="","",MAESTRO!A18) -> RELIVE, C.A. (T. TIGRE II)
K59: =IF(MAESTRO!A19="","",MAESTRO!A19) -> RELIVE, C.A. (T. TIGRE III)
K60: =IF(MAESTRO!A20="","",MAESTRO!A20)
K61: =IF(MAESTRO!A21="","",MAESTRO!A21)

Sheet GUATIRE R
C1: CHECK LIST DE EXISTENCIA DE EQUIPOS EN TIENDAS | I1: Código: | J1: FO-MIS-03 | L1: Operadora Lecheria 2025, C.A San Bernandino
I2: Revisión: | J2: 07 | K2: 42720 | L2: Operadora Lecheria 2025, C.A Drop Shop El Paraiso
I3: Fecha: | J3: 42286 | L3: Operadora Lecheria 2025, C.A El Paraiso
L4: Operadora Lecheria 2025, C.A Presidente Medina
B5: SUCURSAL: | C5: Operadora Lecheria 2025, C.A Guatire Las Rosas | H5: FECHA: | I5: 46157 | L5: Operadora Lecheria 2025, C.A Los Flores
L6: Operadora Lecheria 2025, C.A San Antonio
A7: EQUIPOS | L7: Operadora Lecheria 2025, C.A CCCT
A8: Nº | B8: EQUIPOS | D8: INVENTARIO IDEAL | E8: INVENTARIO REAL | F8: EQUIPOS OPERATIVOS | G8: EFECTIVIDAD | H8: OBSERVACIONES | L8: Operadora Lecheria 2025, C.A Guarenas Centro
A9: 1 | B9: CPU | D9: 2 | E9: 2 | F9: 2 | G9: =IF(D9="","",IF(D9=0,"-",IF(F9>D9,"ERROR",IF(E9>D9,"ERROR",IF(E9<D9,0,IF(E9>F9,0,IF(F9=D9,1,0))))))) -> 1 | L9: Operadora Lecheria 2025, C.A Guarenas 27 De Febrero | P9: LA CASA DE LA CAÑA, C.A. (T. ALTERNA)
A10: 2 | B10: MOUSE | D10: 2 | E10: 2 | F10: 2 | G10: =IF(D10="","",IF(D10=0,"-",IF(F10>D10,"ERROR",IF(E10>D10,"ERROR",IF(E10<D10,0,IF(E10>F10,0,IF(F10=D10,1,0))))))) -> 1 | L10: Operadora Lecheria 2025, C.A Guatire Las Rosas | P10: LA CASA DE LA CAÑA, C.A. (T. ANACO)
A11: 3 | B11: TECLADOS | D11: 2 | E11: 2 | F11: 2 | G11: =IF(D11="","",IF(D11=0,"-",IF(F11>D11,"ERROR",IF(E11>D11,"ERROR",IF(E11<D11,0,IF(E11>F11,0,IF(F11=D11,1,0))))))) -> 1 | L11: Operadora Lecheria 2025, C.A Guatire Centro | P11: LA CASA DE LA CAÑA, C.A. (T. NVA BARCELONA)
A12: 4 | B12: MONITORES | D12: 2 | E12: 2 | F12: 2 | G12: =IF(D12="","",IF(D12=0,"-",IF(F12>D12,"ERROR",IF(E12>D12,"ERROR",IF(E12<D12,0,IF(E12>F12,0,IF(F12=D12,1,0))))))) -> 1 | L12: Operadora Lecheria 2025, C.A Guatire El Palmar | P12: LA CASA DE LA CAÑA, C.A. (T. CUMANA)
A13: 5 | B13: REGULADORES | D13: 2 | E13: 2 | F13: 2 | G13: =IF(D13="","",IF(D13=0,"-",IF(F13>D13,"ERROR",IF(E13>D13,"ERROR",IF(E13<D13,0,IF(E13>F13,0,IF(F13=D13,1,0))))))) -> 1 | L13: Operadora Lecheria 2025, C.A Caucagua | P13: LA CASA DE LA CAÑA, C.A. (T. MATURIN I)
A14: 6 | B14: IMPRESORA MULTIFUNCIONAL | D14: 1 | E14: 1 | F14: 1 | G14: =IF(D14="","",IF(D14=0,"-",IF(F14>D14,"ERROR",IF(E14>D14,"ERROR",IF(E14<D14,0,IF(E14>F14,0,IF(F14=D14,1,0))))))) -> 1 | L14: Operadora Lecheria 2025, C.A Higuerote | P14: LA CASA DE LA CAÑA, C.A. (T. MATURIN II)
A15: 7 | B15: IMPRESORAS FISCALES | D15: 2 | E15: 2 | F15: 2 | G15: =IF(D15="","",IF(D15=0,"-",IF(F15>D15,"ERROR",IF(E15>D15,"ERROR",IF(E15<D15,0,IF(E15>F15,0,IF(F15=D15,1,0))))))) -> 1 | H15: SERIAL 1: | J15: Nº ULT. REPORTE Z: | L15: Operadora Lecheria 2025, C.A Las Mercedes | P15: LA CASA DE LA CAÑA, C.A. (T. FREITES)
H16: SERIAL 2: | J16: Nº ULT. REPORTE Z: | L16: Operadora Lecheria 2025, C.A San Martin | P16: LA CASA DE LA CAÑA, C.A. (T. PUENTE)
H17: SERIAL 3: | J17: Nº ULT. REPORTE Z: | L17: Operadora Lecheria 2025, C.A Baruta | P17: RELIVE, C.A. (T. CHUPARIN)
H18: SERIAL 4: | J18: Nº ULT. REPORTE Z: | L18: Operadora Lecheria 2025, C.A Nuevo Circo | P18: RELIVE, C.A. (T. TERRAZAS)
H19: SERIAL 5: | J19: Nº ULT. REPORTE Z: | L19: Operadora Lecheria 2025, C.A El Silencio | P19: RELIVE, C.A. (T. TIGRE II)
H20: SERIAL 6: | J20: Nº ULT. REPORTE Z: | L20: Operadora Lecheria 2025, C.A Drop Shop Castellana | P20: RELIVE, C.A. (T. TIGRE III)
H21: SERIAL 7: | J21: Nº ULT. REPORTE Z: | P21: RELIVE, C.A. (T. PLC)
P22: RELIVE, C.A. (T. POZUELOS)
A23: 8 | B23: ROUTER | D23: 1 | E23: 1 | F23: 1 | G23: =IF(D23="","",IF(D23=0,"-",IF(F23>D23,"ERROR",IF(E23>D23,"ERROR",IF(E23<D23,0,IF(E23>F23,0,IF(F23=D23,1,0))))))) -> 1 | P23: OPERADORA VENECIA 2021, C.A (T. VENECIA)
A24: 9 | B24: SUICHE | D24: 1 | E24: 1 | F24: 1 | G24: =IF(D24="","",IF(D24=0,"-",IF(F24>D24,"ERROR",IF(E24>D24,"ERROR",IF(E24<D24,0,IF(E24>F24,0,IF(F24=D24,1,0))))))) -> 1 | P24: OPERADORA VENECIA 2021, C.A (T. BOLIVAR PLC)
A25: 10 | B25: ESCANER DE CODIGO DE BARRAS | D25: 2 | E25: 2 | F25: 2 | G25: =IF(D25="","",IF(D25=0,"-",IF(F25>D25,"ERROR",IF(E25>D25,"ERROR",IF(E25<D25,0,IF(E25>F25,0,IF(F25=D25,1,0))))))) -> 1 | H25: } | P25: OPERADORA VENECIA 2021, C.A (T. CHURCHILL)
A26: 11 | B26: VISOR DE VENTA | D26: 0 | E26: 1 | F26: 1 | G26: =IF(D26="","",IF(D26=0,"-",IF(F26>D26,"ERROR",IF(E26>D26,"ERROR",IF(E26<D26,0,IF(E26>F26,0,IF(F26=D26,1,0))))))) -> - | P26: OPERADORA VENECIA 2021, C.A (T. MANSION)
A27: 12 | B27: DVR | D27: 1 | E27: 1 | F27: 1 | G27: =IF(D27="","",IF(D27=0,"-",IF(F27>D27,"ERROR",IF(E27>D27,"ERROR",IF(E27<D27,0,IF(E27>F27,0,IF(F27=D27,1,0))))))) -> 1 | P27: OPERADORA LECHERIA 2011, C.A
A28: 13 | B28: MODEM | D28: 0 | E28: 1 | F28: 1 | G28: =IF(D28="","",IF(D28=0,"-",IF(F28>D28,"ERROR",IF(E28>D28,"ERROR",IF(E28<D28,0,IF(E28>F28,0,IF(F28=D28,1,0))))))) -> -
A29: 14 | B29: LIBROS DE IMPRESORAS FISCALES | D29: 2 | E29: 2 | F29: 2 | G29: =IF(D29="","",IF(D29=0,"-",IF(F29>D29,"ERROR",IF(E29>D29,"ERROR",IF(E29<D29,0,IF(E29>F29,0,IF(F29=D29,1,0))))))) -> 1
A30: TOTAL DE EFECTIVIDAD DE EQUIPOS | G30: =IFERROR(AVERAGE(G9:G28),"-") -> 1
A32: Realizado Por:
A33: Cargo
A35: NOTA: El check list de Existencia de Equipos en Tiendas debe ser enviado entre los 5 primeros días del mes, vía correo electrónico al grupo Sistemas, con copia al Director de Servicios de Control.
L39: HOUSE TICKET | M39: INVENTARIO | N39: CABLEADO | O39: MES
K40: TIENDAS | L40: SI | M40: 0 | N40: SI | O40: ENERO
K41: =IF(MAESTRO!A1="","",MAESTRO!A1) -> ******SUCURSALES | L41: NO | M41: 1 | N41: NO | O41: FEBRERO
K42: =IF(MAESTRO!A2="","",MAESTRO!A2) -> LA CASA DE LA CAÑA, C.A. (T. ALTERNA) | M42: 2 | O42: MARZO
K43: =IF(MAESTRO!A3="","",MAESTRO!A3) -> LA CASA DE LA CAÑA, C.A. (T. ANACO) | M43: 3 | O43: ABRIL
K44: =IF(MAESTRO!A4="","",MAESTRO!A4) -> LA CASA DE LA CAÑA, C.A. (T. CUMANÁ) | M44: 4 | O44: MAYO
K45: =IF(MAESTRO!A5="","",MAESTRO!A5) -> LA CASA DE LA CAÑA, C.A. (T. MATURÍN I) | M45: 5 | O45: JUNIO
K46: =IF(MAESTRO!A6="","",MAESTRO!A6) -> LA CASA DE LA CAÑA, C.A. (T. MATURÍN II) | M46: 6 | O46: JULIO
K47: =IF(MAESTRO!A7="","",MAESTRO!A7) -> LA CASA DE LA CAÑA, C.A. (T. NVA. BARCELONA) | M47: 7 | O47: AGOSTO
K48: =IF(MAESTRO!A8="","",MAESTRO!A8) -> INVERSIONES CAÑANDONGA,C.A (T. CONEJERO) | M48: 8 | O48: SEPTIEMBRE
K49: =IF(MAESTRO!A9="","",MAESTRO!A9) -> OPERADORA EL MERCADO 2011, C.A. (T. MERCADO) | M49: 9 | O49: OCTUBRE
K50: =IF(MAESTRO!A10="","",MAESTRO!A10) -> OPERADORA EL PUENTE 2011, C.A. (T. PUENTE REAL) | M50: 10 | O50: NOVIEMBRE
K51: =IF(MAESTRO!A11="","",MAESTRO!A11) -> OPERADORA LECHERÍA 2011, C.A. (T. LECHERÍA) | M51: 11 | O51: DICIEMBRE
K52: =IF(MAESTRO!A12="","",MAESTRO!A12) -> OPERADORA PUERTO LA CRUZ 2011, C.A. (T. PUERTO LA CRUZ) | M52: 12
K53: =IF(MAESTRO!A13="","",MAESTRO!A13) -> OPERADORA PUERTO ORDAZ 2013, C.A.(T. PUERTO ORDAZ) | M53: 13
K54: =IF(MAESTRO!A14="","",MAESTRO!A14) -> OPERADORA LAS AMERICAS, C.A | M54: 14
K55: =IF(MAESTRO!A15="","",MAESTRO!A15) -> OPERADORA PLAZA DEL SOL 2015, C.A | M55: 15
K56: =IF(MAESTRO!A16="","",MAESTRO!A16) -> RELIVE, C.A. (T. CHUPARÍN)
K57: =IF(MAESTRO!A17="","",MAESTRO!A17) -> RELIVE, C.A. (T. TERRAZAS)
K58: =IF(MAESTRO!A18="","",MAESTRO!A18) -> RELIVE, C.A. (T. TIGRE II)
K59: =IF(MAESTRO!A19="","",MAESTRO!A19) -> RELIVE, C.A. (T. TIGRE III)
K60: =IF(MAESTRO!A20="","",MAESTRO!A20)
K61: =IF(MAESTRO!A21="","",MAESTRO!A21)

Sheet GUATIRE C
C1: CHECK LIST DE EXISTENCIA DE EQUIPOS EN TIENDAS | I1: Código: | J1: FO-MIS-03 | L1: Operadora Lecheria 2025, C.A San Bernandino
I2: Revisión: | J2: 07 | K2: 42720 | L2: Operadora Lecheria 2025, C.A Drop Shop El Paraiso
I3: Fecha: | J3: 42286 | L3: Operadora Lecheria 2025, C.A El Paraiso
L4: Operadora Lecheria 2025, C.A Presidente Medina
B5: SUCURSAL: | C5: Operadora Lecheria 2025, C.A Guatire Centro | H5: FECHA: | I5: 46157 | L5: Operadora Lecheria 2025, C.A Los Flores
L6: Operadora Lecheria 2025, C.A San Antonio
A7: EQUIPOS | L7: Operadora Lecheria 2025, C.A CCCT
A8: Nº | B8: EQUIPOS | D8: INVENTARIO IDEAL | E8: INVENTARIO REAL | F8: EQUIPOS OPERATIVOS | G8: EFECTIVIDAD | H8: OBSERVACIONES | L8: Operadora Lecheria 2025, C.A Guarenas Centro
A9: 1 | B9: CPU | D9: 2 | E9: 2 | F9: 2 | G9: =IF(D9="","",IF(D9=0,"-",IF(F9>D9,"ERROR",IF(E9>D9,"ERROR",IF(E9<D9,0,IF(E9>F9,0,IF(F9=D9,1,0))))))) -> 1 | L9: Operadora Lecheria 2025, C.A Guarenas 27 De Febrero | Q9: LA CASA DE LA CAÑA, C.A. (T. ALTERNA)
A10: 2 | B10: MOUSE | D10: 2 | E10: 2 | F10: 2 | G10: =IF(D10="","",IF(D10=0,"-",IF(F10>D10,"ERROR",IF(E10>D10,"ERROR",IF(E10<D10,0,IF(E10>F10,0,IF(F10=D10,1,0))))))) -> 1 | L10: Operadora Lecheria 2025, C.A Guatire Las Rosas | Q10: LA CASA DE LA CAÑA, C.A. (T. ANACO)
A11: 3 | B11: TECLADOS | D11: 2 | E11: 2 | F11: 2 | G11: =IF(D11="","",IF(D11=0,"-",IF(F11>D11,"ERROR",IF(E11>D11,"ERROR",IF(E11<D11,0,IF(E11>F11,0,IF(F11=D11,1,0))))))) -> 1 | L11: Operadora Lecheria 2025, C.A Guatire Centro | Q11: LA CASA DE LA CAÑA, C.A. (T. NVA BARCELONA)
A12: 4 | B12: MONITORES | D12: 2 | E12: 2 | F12: 2 | G12: =IF(D12="","",IF(D12=0,"-",IF(F12>D12,"ERROR",IF(E12>D12,"ERROR",IF(E12<D12,0,IF(E12>F12,0,IF(F12=D12,1,0))))))) -> 1 | L12: Operadora Lecheria 2025, C.A Guatire El Palmar | Q12: LA CASA DE LA CAÑA, C.A. (T. CUMANA)
A13: 5 | B13: REGULADORES | D13: 2 | E13: 2 | F13: 2 | G13: =IF(D13="","",IF(D13=0,"-",IF(F13>D13,"ERROR",IF(E13>D13,"ERROR",IF(E13<D13,0,IF(E13>F13,0,IF(F13=D13,1,0))))))) -> 1 | L13: Operadora Lecheria 2025, C.A Caucagua | Q13: LA CASA DE LA CAÑA, C.A. (T. MATURIN I)
A14: 6 | B14: IMPRESORA MULTIFUNCIONAL | D14: 1 | E14: 1 | F14: 1 | G14: =IF(D14="","",IF(D14=0,"-",IF(F14>D14,"ERROR",IF(E14>D14,"ERROR",IF(E14<D14,0,IF(E14>F14,0,IF(F14=D14,1,0))))))) -> 1 | L14: Operadora Lecheria 2025, C.A Higuerote | Q14: LA CASA DE LA CAÑA, C.A. (T. MATURIN II)
A15: 7 | B15: IMPRESORAS FISCALES | D15: 2 | E15: 2 | F15: 2 | G15: =IF(D15="","",IF(D15=0,"-",IF(F15>D15,"ERROR",IF(E15>D15,"ERROR",IF(E15<D15,0,IF(E15>F15,0,IF(F15=D15,1,0))))))) -> 1 | H15: SERIAL 1: | J15: Nº ULT. REPORTE Z: | L15: Operadora Lecheria 2025, C.A Las Mercedes | Q15: LA CASA DE LA CAÑA, C.A. (T. FREITES)
H16: SERIAL 2: | J16: Nº ULT. REPORTE Z: | L16: Operadora Lecheria 2025, C.A San Martin | Q16: LA CASA DE LA CAÑA, C.A. (T. PUENTE)
H17: SERIAL 3: | J17: Nº ULT. REPORTE Z: | L17: Operadora Lecheria 2025, C.A Baruta | Q17: RELIVE, C.A. (T. CHUPARIN)
H18: SERIAL 4: | J18: Nº ULT. REPORTE Z: | L18: Operadora Lecheria 2025, C.A Nuevo Circo | Q18: RELIVE, C.A. (T. TERRAZAS)
H19: SERIAL 5: | J19: Nº ULT. REPORTE Z: | L19: Operadora Lecheria 2025, C.A El Silencio | Q19: RELIVE, C.A. (T. TIGRE II)
H20: SERIAL 6: | J20: Nº ULT. REPORTE Z: | L20: Operadora Lecheria 2025, C.A Drop Shop Castellana | Q20: RELIVE, C.A. (T. TIGRE III)
H21: SERIAL 7: | J21: Nº ULT. REPORTE Z: | Q21: RELIVE, C.A. (T. PLC)
Q22: RELIVE, C.A. (T. POZUELOS)
A23: 8 | B23: ROUTER | D23: 1 | E23: 1 | F23: 1 | G23: =IF(D23="","",IF(D23=0,"-",IF(F23>D23,"ERROR",IF(E23>D23,"ERROR",IF(E23<D23,0,IF(E23>F23,0,IF(F23=D23,1,0))))))) -> 1 | Q23: OPERADORA VENECIA 2021, C.A (T. VENECIA)
A24: 9 | B24: SUICHE | D24: 1 | E24: 1 | F24: 1 | G24: =IF(D24="","",IF(D24=0,"-",IF(F24>D24,"ERROR",IF(E24>D24,"ERROR",IF(E24<D24,0,IF(E24>F24,0,IF(F24=D24,1,0))))))) -> 1 | Q24: OPERADORA VENECIA 2021, C.A (T. BOLIVAR PLC)
A25: 10 | B25: ESCANER DE CODIGO DE BARRAS | D25: 3 | E25: 3 | F25: 3 | G25: =IF(D25="","",IF(D25=0,"-",IF(F25>D25,"ERROR",IF(E25>D25,"ERROR",IF(E25<D25,0,IF(E25>F25,0,IF(F25=D25,1,0))))))) -> 1 | Q25: OPERADORA VENECIA 2021, C.A (T. CHURCHILL)
A26: 11 | B26: VISOR DE VENTA | D26: 0 | E26: 1 | F26: 1 | G26: =IF(D26="","",IF(D26=0,"-",IF(F26>D26,"ERROR",IF(E26>D26,"ERROR",IF(E26<D26,0,IF(E26>F26,0,IF(F26=D26,1,0))))))) -> - | Q26: OPERADORA VENECIA 2021, C.A (T. MANSION)
A27: 12 | B27: DVR | D27: 1 | E27: 1 | F27: 1 | G27: =IF(D27="","",IF(D27=0,"-",IF(F27>D27,"ERROR",IF(E27>D27,"ERROR",IF(E27<D27,0,IF(E27>F27,0,IF(F27=D27,1,0))))))) -> 1 | Q27: OPERADORA LECHERIA 2011, C.A
A28: 13 | B28: MODEM | D28: 0 | E28: 1 | F28: 1 | G28: =IF(D28="","",IF(D28=0,"-",IF(F28>D28,"ERROR",IF(E28>D28,"ERROR",IF(E28<D28,0,IF(E28>F28,0,IF(F28=D28,1,0))))))) -> -
A29: 14 | B29: LIBROS DE IMPRESORAS FISCALES | D29: 2 | E29: 2 | F29: 2 | G29: =IF(D29="","",IF(D29=0,"-",IF(F29>D29,"ERROR",IF(E29>D29,"ERROR",IF(E29<D29,0,IF(E29>F29,0,IF(F29=D29,1,0))))))) -> 1
A30: TOTAL DE EFECTIVIDAD DE EQUIPOS | G30: =IFERROR(AVERAGE(G9:G28),"-") -> 1
A32: Realizado Por:
A33: Cargo
A35: NOTA: El check list de Existencia de Equipos en Tiendas debe ser enviado entre los 5 primeros días del mes, vía correo electrónico al grupo Sistemas, con copia al Director de Servicios de Control.
L39: HOUSE TICKET | M39: INVENTARIO | N39: CABLEADO | O39: MES
K40: TIENDAS | L40: SI | M40: 0 | N40: SI | O40: ENERO
K41: =IF(MAESTRO!A1="","",MAESTRO!A1) -> ******SUCURSALES | L41: NO | M41: 1 | N41: NO | O41: FEBRERO
K42: =IF(MAESTRO!A2="","",MAESTRO!A2) -> LA CASA DE LA CAÑA, C.A. (T. ALTERNA) | M42: 2 | O42: MARZO
K43: =IF(MAESTRO!A3="","",MAESTRO!A3) -> LA CASA DE LA CAÑA, C.A. (T. ANACO) | M43: 3 | O43: ABRIL
K44: =IF(MAESTRO!A4="","",MAESTRO!A4) -> LA CASA DE LA CAÑA, C.A. (T. CUMANÁ) | M44: 4 | O44: MAYO
K45: =IF(MAESTRO!A5="","",MAESTRO!A5) -> LA CASA DE LA CAÑA, C.A. (T. MATURÍN I) | M45: 5 | O45: JUNIO
K46: =IF(MAESTRO!A6="","",MAESTRO!A6) -> LA CASA DE LA CAÑA, C.A. (T. MATURÍN II) | M46: 6 | O46: JULIO
K47: =IF(MAESTRO!A7="","",MAESTRO!A7) -> LA CASA DE LA CAÑA, C.A. (T. NVA. BARCELONA) | M47: 7 | O47: AGOSTO
K48: =IF(MAESTRO!A8="","",MAESTRO!A8) -> INVERSIONES CAÑANDONGA,C.A (T. CONEJERO) | M48: 8 | O48: SEPTIEMBRE
K49: =IF(MAESTRO!A9="","",MAESTRO!A9) -> OPERADORA EL MERCADO 2011, C.A. (T. MERCADO) | M49: 9 | O49: OCTUBRE
K50: =IF(MAESTRO!A10="","",MAESTRO!A10) -> OPERADORA EL PUENTE 2011, C.A. (T. PUENTE REAL) | M50: 10 | O50: NOVIEMBRE
K51: =IF(MAESTRO!A11="","",MAESTRO!A11) -> OPERADORA LECHERÍA 2011, C.A. (T. LECHERÍA) | M51: 11 | O51: DICIEMBRE
K52: =IF(MAESTRO!A12="","",MAESTRO!A12) -> OPERADORA PUERTO LA CRUZ 2011, C.A. (T. PUERTO LA CRUZ) | M52: 12
K53: =IF(MAESTRO!A13="","",MAESTRO!A13) -> OPERADORA PUERTO ORDAZ 2013, C.A.(T. PUERTO ORDAZ) | M53: 13
K54: =IF(MAESTRO!A14="","",MAESTRO!A14) -> OPERADORA LAS AMERICAS, C.A | M54: 14
K55: =IF(MAESTRO!A15="","",MAESTRO!A15) -> OPERADORA PLAZA DEL SOL 2015, C.A | M55: 15
K56: =IF(MAESTRO!A16="","",MAESTRO!A16) -> RELIVE, C.A. (T. CHUPARÍN)
K57: =IF(MAESTRO!A17="","",MAESTRO!A17) -> RELIVE, C.A. (T. TERRAZAS)
K58: =IF(MAESTRO!A18="","",MAESTRO!A18) -> RELIVE, C.A. (T. TIGRE II)
K59: =IF(MAESTRO!A19="","",MAESTRO!A19) -> RELIVE, C.A. (T. TIGRE III)
K60: =IF(MAESTRO!A20="","",MAESTRO!A20)
K61: =IF(MAESTRO!A21="","",MAESTRO!A21)

Sheet GUATIRE P
C1: CHECK LIST DE EXISTENCIA DE EQUIPOS EN TIENDAS | I1: Código: | J1: FO-MIS-03 | L1: Operadora Lecheria 2025, C.A San Bernandino
I2: Revisión: | J2: 07 | K2: 42720 | L2: Operadora Lecheria 2025, C.A Drop Shop El Paraiso
I3: Fecha: | J3: 42286 | L3: Operadora Lecheria 2025, C.A El Paraiso
L4: Operadora Lecheria 2025, C.A Presidente Medina
B5: SUCURSAL: | C5: Operadora Lecheria 2025, C.A Guatire El Palmar | H5: FECHA: | I5: 46157 | L5: Operadora Lecheria 2025, C.A Los Flores
L6: Operadora Lecheria 2025, C.A San Antonio
A7: EQUIPOS | L7: Operadora Lecheria 2025, C.A CCCT
A8: Nº | B8: EQUIPOS | D8: INVENTARIO IDEAL | E8: INVENTARIO REAL | F8: EQUIPOS OPERATIVOS | G8: EFECTIVIDAD | H8: OBSERVACIONES | L8: Operadora Lecheria 2025, C.A Guarenas Centro
A9: 1 | B9: CPU | D9: 3 | E9: 3 | F9: 3 | G9: =IF(D9="","",IF(D9=0,"-",IF(F9>D9,"ERROR",IF(E9>D9,"ERROR",IF(E9<D9,0,IF(E9>F9,0,IF(F9=D9,1,0))))))) -> 1 | L9: Operadora Lecheria 2025, C.A Guarenas 27 De Febrero | Q9: LA CASA DE LA CAÑA, C.A. (T. ALTERNA)
A10: 2 | B10: MOUSE | D10: 3 | E10: 3 | F10: 3 | G10: =IF(D10="","",IF(D10=0,"-",IF(F10>D10,"ERROR",IF(E10>D10,"ERROR",IF(E10<D10,0,IF(E10>F10,0,IF(F10=D10,1,0))))))) -> 1 | L10: Operadora Lecheria 2025, C.A Guatire Las Rosas | Q10: LA CASA DE LA CAÑA, C.A. (T. ANACO)
A11: 3 | B11: TECLADOS | D11: 3 | E11: 3 | F11: 3 | G11: =IF(D11="","",IF(D11=0,"-",IF(F11>D11,"ERROR",IF(E11>D11,"ERROR",IF(E11<D11,0,IF(E11>F11,0,IF(F11=D11,1,0))))))) -> 1 | L11: Operadora Lecheria 2025, C.A Guatire Centro | Q11: LA CASA DE LA CAÑA, C.A. (T. NVA BARCELONA)
A12: 4 | B12: MONITORES | D12: 3 | E12: 3 | F12: 3 | G12: =IF(D12="","",IF(D12=0,"-",IF(F12>D12,"ERROR",IF(E12>D12,"ERROR",IF(E12<D12,0,IF(E12>F12,0,IF(F12=D12,1,0))))))) -> 1 | L12: Operadora Lecheria 2025, C.A Guatire El Palmar | Q12: LA CASA DE LA CAÑA, C.A. (T. CUMANA)
A13: 5 | B13: REGULADORES | D13: 3 | E13: 3 | F13: 3 | G13: =IF(D13="","",IF(D13=0,"-",IF(F13>D13,"ERROR",IF(E13>D13,"ERROR",IF(E13<D13,0,IF(E13>F13,0,IF(F13=D13,1,0))))))) -> 1 | L13: Operadora Lecheria 2025, C.A Caucagua | Q13: LA CASA DE LA CAÑA, C.A. (T. MATURIN I)
A14: 6 | B14: IMPRESORA MULTIFUNCIONAL | D14: 1 | E14: 1 | F14: 1 | G14: =IF(D14="","",IF(D14=0,"-",IF(F14>D14,"ERROR",IF(E14>D14,"ERROR",IF(E14<D14,0,IF(E14>F14,0,IF(F14=D14,1,0))))))) -> 1 | L14: Operadora Lecheria 2025, C.A Higuerote | Q14: LA CASA DE LA CAÑA, C.A. (T. MATURIN II)
A15: 7 | B15: IMPRESORAS FISCALES | D15: 3 | E15: 3 | F15: 3 | G15: =IF(D15="","",IF(D15=0,"-",IF(F15>D15,"ERROR",IF(E15>D15,"ERROR",IF(E15<D15,0,IF(E15>F15,0,IF(F15=D15,1,0))))))) -> 1 | H15: SERIAL 1: | J15: Nº ULT. REPORTE Z: | L15: Operadora Lecheria 2025, C.A Las Mercedes | Q15: LA CASA DE LA CAÑA, C.A. (T. FREITES)
H16: SERIAL 2: | J16: Nº ULT. REPORTE Z: | L16: Operadora Lecheria 2025, C.A San Martin | Q16: LA CASA DE LA CAÑA, C.A. (T. PUENTE)
H17: SERIAL 3: | J17: Nº ULT. REPORTE Z: | L17: Operadora Lecheria 2025, C.A Baruta | Q17: RELIVE, C.A. (T. CHUPARIN)
H18: SERIAL 4: | J18: Nº ULT. REPORTE Z: | L18: Operadora Lecheria 2025, C.A Nuevo Circo | Q18: RELIVE, C.A. (T. TERRAZAS)
H19: SERIAL 5: | J19: Nº ULT. REPORTE Z: | L19: Operadora Lecheria 2025, C.A El Silencio | Q19: RELIVE, C.A. (T. TIGRE II)
H20: SERIAL 6: | J20: Nº ULT. REPORTE Z: | L20: Operadora Lecheria 2025, C.A Drop Shop Castellana | Q20: RELIVE, C.A. (T. TIGRE III)
H21: SERIAL 7: | J21: Nº ULT. REPORTE Z: | Q21: RELIVE, C.A. (T. PLC)
H22: SERIAL 8: | J22: Nº ULT. REPORTE Z: | Q22: RELIVE, C.A. (T. POZUELOS)
H23: SERIAL 9: | J23: Nº ULT. REPORTE Z: | Q23: OPERADORA VENECIA 2021, C.A (T. VENECIA)
Q24: OPERADORA VENECIA 2021, C.A (T. BOLIVAR PLC)
A25: 8 | B25: ROUTER | D25: 1 | E25: 1 | F25: 1 | G25: =IF(D25="","",IF(D25=0,"-",IF(F25>D25,"ERROR",IF(E25>D25,"ERROR",IF(E25<D25,0,IF(E25>F25,0,IF(F25=D25,1,0))))))) -> 1 | Q25: OPERADORA VENECIA 2021, C.A (T. CHURCHILL)
A26: 9 | B26: SUICHE | D26: 1 | E26: 1 | F26: 1 | G26: =IF(D26="","",IF(D26=0,"-",IF(F26>D26,"ERROR",IF(E26>D26,"ERROR",IF(E26<D26,0,IF(E26>F26,0,IF(F26=D26,1,0))))))) -> 1 | Q26: OPERADORA VENECIA 2021, C.A (T. MANSION)
A27: 10 | B27: ESCANER DE CODIGO DE BARRAS | D27: 3 | E27: 3 | F27: 3 | G27: =IF(D27="","",IF(D27=0,"-",IF(F27>D27,"ERROR",IF(E27>D27,"ERROR",IF(E27<D27,0,IF(E27>F27,0,IF(F27=D27,1,0))))))) -> 1 | Q27: OPERADORA LECHERIA 2011, C.A
A28: 11 | B28: VISOR DE VENTA | D28: 0 | E28: 1 | F28: 1 | G28: =IF(D28="","",IF(D28=0,"-",IF(F28>D28,"ERROR",IF(E28>D28,"ERROR",IF(E28<D28,0,IF(E28>F28,0,IF(F28=D28,1,0))))))) -> -
A29: 12 | B29: DVR | D29: 1 | E29: 1 | F29: 1 | G29: =IF(D29="","",IF(D29=0,"-",IF(F29>D29,"ERROR",IF(E29>D29,"ERROR",IF(E29<D29,0,IF(E29>F29,0,IF(F29=D29,1,0))))))) -> 1
A30: 13 | B30: MODEM | D30: 0 | E30: 1 | F30: 1 | G30: =IF(D30="","",IF(D30=0,"-",IF(F30>D30,"ERROR",IF(E30>D30,"ERROR",IF(E30<D30,0,IF(E30>F30,0,IF(F30=D30,1,0))))))) -> -
A31: 14 | B31: LIBROS DE IMPRESORAS FISCALES | D31: 3 | E31: 3 | F31: 3 | G31: =IF(D31="","",IF(D31=0,"-",IF(F31>D31,"ERROR",IF(E31>D31,"ERROR",IF(E31<D31,0,IF(E31>F31,0,IF(F31=D31,1,0))))))) -> 1
A32: TOTAL DE EFECTIVIDAD DE EQUIPOS | G32: =IFERROR(AVERAGE(G9:G30),"-") -> 1
A34: Realizado Por: | C34: Victor Garcia
A35: Cargo | C35: LIDER TIENDA
A37: NOTA: El check list de Existencia de Equipos en Tiendas debe ser enviado entre los 5 primeros días del mes, vía correo electrónico al grupo Sistemas, con copia al Director de Servicios de Control.
L41: HOUSE TICKET | M41: INVENTARIO | N41: CABLEADO | O41: MES
K42: TIENDAS | L42: SI | M42: 0 | N42: SI | O42: ENERO
K43: =IF(MAESTRO!A1="","",MAESTRO!A1) -> ******SUCURSALES | L43: NO | M43: 1 | N43: NO | O43: FEBRERO
K44: =IF(MAESTRO!A2="","",MAESTRO!A2) -> LA CASA DE LA CAÑA, C.A. (T. ALTERNA) | M44: 2 | O44: MARZO
K45: =IF(MAESTRO!A3="","",MAESTRO!A3) -> LA CASA DE LA CAÑA, C.A. (T. ANACO) | M45: 3 | O45: ABRIL
K46: =IF(MAESTRO!A4="","",MAESTRO!A4) -> LA CASA DE LA CAÑA, C.A. (T. CUMANÁ) | M46: 4 | O46: MAYO
K47: =IF(MAESTRO!A5="","",MAESTRO!A5) -> LA CASA DE LA CAÑA, C.A. (T. MATURÍN I) | M47: 5 | O47: JUNIO
K48: =IF(MAESTRO!A6="","",MAESTRO!A6) -> LA CASA DE LA CAÑA, C.A. (T. MATURÍN II) | M48: 6 | O48: JULIO
K49: =IF(MAESTRO!A7="","",MAESTRO!A7) -> LA CASA DE LA CAÑA, C.A. (T. NVA. BARCELONA) | M49: 7 | O49: AGOSTO
K50: =IF(MAESTRO!A8="","",MAESTRO!A8) -> INVERSIONES CAÑANDONGA,C.A (T. CONEJERO) | M50: 8 | O50: SEPTIEMBRE
K51: =IF(MAESTRO!A9="","",MAESTRO!A9) -> OPERADORA EL MERCADO 2011, C.A. (T. MERCADO) | M51: 9 | O51: OCTUBRE
K52: =IF(MAESTRO!A10="","",MAESTRO!A10) -> OPERADORA EL PUENTE 2011, C.A. (T. PUENTE REAL) | M52: 10 | O52: NOVIEMBRE
K53: =IF(MAESTRO!A11="","",MAESTRO!A11) -> OPERADORA LECHERÍA 2011, C.A. (T. LECHERÍA) | M53: 11 | O53: DICIEMBRE
K54: =IF(MAESTRO!A12="","",MAESTRO!A12) -> OPERADORA PUERTO LA CRUZ 2011, C.A. (T. PUERTO LA CRUZ) | M54: 12
K55: =IF(MAESTRO!A13="","",MAESTRO!A13) -> OPERADORA PUERTO ORDAZ 2013, C.A.(T. PUERTO ORDAZ) | M55: 13
K56: =IF(MAESTRO!A14="","",MAESTRO!A14) -> OPERADORA LAS AMERICAS, C.A | M56: 14
K57: =IF(MAESTRO!A15="","",MAESTRO!A15) -> OPERADORA PLAZA DEL SOL 2015, C.A | M57: 15
K58: =IF(MAESTRO!A16="","",MAESTRO!A16) -> RELIVE, C.A. (T. CHUPARÍN)
K59: =IF(MAESTRO!A17="","",MAESTRO!A17) -> RELIVE, C.A. (T. TERRAZAS)
K60: =IF(MAESTRO!A18="","",MAESTRO!A18) -> RELIVE, C.A. (T. TIGRE II)
K61: =IF(MAESTRO!A19="","",MAESTRO!A19) -> RELIVE, C.A. (T. TIGRE III)
K62: =IF(MAESTRO!A20="","",MAESTRO!A20)
K63: =IF(MAESTRO!A21="","",MAESTRO!A21)

Sheet CAUCAGUA
C1: CHECK LIST DE EXISTENCIA DE EQUIPOS EN TIENDAS | I1: Código: | J1: FO-MIS-03 | L1: Operadora Lecheria 2025, C.A San Bernandino
I2: Revisión: | J2: 07 | K2: 42720 | L2: Operadora Lecheria 2025, C.A Drop Shop El Paraiso
I3: Fecha: | J3: 42286 | L3: Operadora Lecheria 2025, C.A El Paraiso
L4: Operadora Lecheria 2025, C.A Presidente Medina
B5: SUCURSAL: | C5: Operadora Lecheria 2025, C.A Caucagua | H5: FECHA: | I5: 46157 | L5: Operadora Lecheria 2025, C.A Los Flores
L6: Operadora Lecheria 2025, C.A San Antonio
A7: EQUIPOS | L7: Operadora Lecheria 2025, C.A CCCT
A8: Nº | B8: EQUIPOS | D8: INVENTARIO IDEAL | E8: INVENTARIO REAL | F8: EQUIPOS OPERATIVOS | G8: EFECTIVIDAD | H8: OBSERVACIONES | L8: Operadora Lecheria 2025, C.A Guarenas Centro
A9: 1 | B9: CPU | D9: 3 | E9: 3 | F9: 3 | G9: =IF(D9="","",IF(D9=0,"-",IF(F9>D9,"ERROR",IF(E9>D9,"ERROR",IF(E9<D9,0,IF(E9>F9,0,IF(F9=D9,1,0))))))) -> 1 | L9: Operadora Lecheria 2025, C.A Guarenas 27 De Febrero | Q9: LA CASA DE LA CAÑA, C.A. (T. ALTERNA)
A10: 2 | B10: MOUSE | D10: 3 | E10: 3 | F10: 3 | G10: =IF(D10="","",IF(D10=0,"-",IF(F10>D10,"ERROR",IF(E10>D10,"ERROR",IF(E10<D10,0,IF(E10>F10,0,IF(F10=D10,1,0))))))) -> 1 | L10: Operadora Lecheria 2025, C.A Guatire Las Rosas | Q10: LA CASA DE LA CAÑA, C.A. (T. ANACO)
A11: 3 | B11: TECLADOS | D11: 3 | E11: 3 | F11: 3 | G11: =IF(D11="","",IF(D11=0,"-",IF(F11>D11,"ERROR",IF(E11>D11,"ERROR",IF(E11<D11,0,IF(E11>F11,0,IF(F11=D11,1,0))))))) -> 1 | L11: Operadora Lecheria 2025, C.A Guatire Centro | Q11: LA CASA DE LA CAÑA, C.A. (T. NVA BARCELONA)
A12: 4 | B12: MONITORES | D12: 3 | E12: 3 | F12: 3 | G12: =IF(D12="","",IF(D12=0,"-",IF(F12>D12,"ERROR",IF(E12>D12,"ERROR",IF(E12<D12,0,IF(E12>F12,0,IF(F12=D12,1,0))))))) -> 1 | L12: Operadora Lecheria 2025, C.A Guatire El Palmar | Q12: LA CASA DE LA CAÑA, C.A. (T. CUMANA)
A13: 5 | B13: REGULADORES | D13: 3 | E13: 3 | F13: 3 | G13: =IF(D13="","",IF(D13=0,"-",IF(F13>D13,"ERROR",IF(E13>D13,"ERROR",IF(E13<D13,0,IF(E13>F13,0,IF(F13=D13,1,0))))))) -> 1 | L13: Operadora Lecheria 2025, C.A Caucagua | Q13: LA CASA DE LA CAÑA, C.A. (T. MATURIN I)
A14: 6 | B14: IMPRESORA MULTIFUNCIONAL | D14: 1 | E14: 1 | F14: 1 | G14: =IF(D14="","",IF(D14=0,"-",IF(F14>D14,"ERROR",IF(E14>D14,"ERROR",IF(E14<D14,0,IF(E14>F14,0,IF(F14=D14,1,0))))))) -> 1 | L14: Operadora Lecheria 2025, C.A Higuerote | Q14: LA CASA DE LA CAÑA, C.A. (T. MATURIN II)
A15: 7 | B15: IMPRESORAS FISCALES | D15: 3 | E15: 3 | F15: 3 | G15: =IF(D15="","",IF(D15=0,"-",IF(F15>D15,"ERROR",IF(E15>D15,"ERROR",IF(E15<D15,0,IF(E15>F15,0,IF(F15=D15,1,0))))))) -> 1 | H15: SERIAL 1: | J15: Nº ULT. REPORTE Z: | L15: Operadora Lecheria 2025, C.A Las Mercedes | Q15: LA CASA DE LA CAÑA, C.A. (T. FREITES)
H16: SERIAL 2: | J16: Nº ULT. REPORTE Z: | L16: Operadora Lecheria 2025, C.A San Martin | Q16: LA CASA DE LA CAÑA, C.A. (T. PUENTE)
H17: SERIAL 3: | J17: Nº ULT. REPORTE Z: | L17: Operadora Lecheria 2025, C.A Baruta | Q17: RELIVE, C.A. (T. CHUPARIN)
H18: SERIAL 4: | J18: Nº ULT. REPORTE Z: | L18: Operadora Lecheria 2025, C.A Nuevo Circo | Q18: RELIVE, C.A. (T. TERRAZAS)
H19: SERIAL 5: | J19: Nº ULT. REPORTE Z: | L19: Operadora Lecheria 2025, C.A El Silencio | Q19: RELIVE, C.A. (T. TIGRE II)
H20: SERIAL 6: | J20: Nº ULT. REPORTE Z: | L20: Operadora Lecheria 2025, C.A Drop Shop Castellana | Q20: RELIVE, C.A. (T. TIGRE III)
H21: SERIAL 7: | J21: Nº ULT. REPORTE Z: | Q21: RELIVE, C.A. (T. PLC)
Q22: RELIVE, C.A. (T. POZUELOS)
A23: 8 | B23: ROUTER | D23: 1 | E23: 1 | F23: 1 | G23: =IF(D23="","",IF(D23=0,"-",IF(F23>D23,"ERROR",IF(E23>D23,"ERROR",IF(E23<D23,0,IF(E23>F23,0,IF(F23=D23,1,0))))))) -> 1 | Q23: OPERADORA VENECIA 2021, C.A (T. VENECIA)
A24: 9 | B24: SUICHE | D24: 1 | E24: 1 | F24: 1 | G24: =IF(D24="","",IF(D24=0,"-",IF(F24>D24,"ERROR",IF(E24>D24,"ERROR",IF(E24<D24,0,IF(E24>F24,0,IF(F24=D24,1,0))))))) -> 1 | Q24: OPERADORA VENECIA 2021, C.A (T. BOLIVAR PLC)
A25: 10 | B25: ESCANER DE CODIGO DE BARRAS | D25: 3 | E25: 3 | F25: 3 | G25: =IF(D25="","",IF(D25=0,"-",IF(F25>D25,"ERROR",IF(E25>D25,"ERROR",IF(E25<D25,0,IF(E25>F25,0,IF(F25=D25,1,0))))))) -> 1 | Q25: OPERADORA VENECIA 2021, C.A (T. CHURCHILL)
A26: 11 | B26: PUNTOS DE VENTAS | D26: 0 | E26: 1 | F26: 1 | G26: =IF(D26="","",IF(D26=0,"-",IF(F26>D26,"ERROR",IF(E26>D26,"ERROR",IF(E26<D26,0,IF(E26>F26,0,IF(F26=D26,1,0))))))) -> - | Q26: OPERADORA VENECIA 2021, C.A (T. MANSION)
A27: 12 | B27: DVR | D27: 1 | E27: 1 | F27: 1 | G27: =IF(D27="","",IF(D27=0,"-",IF(F27>D27,"ERROR",IF(E27>D27,"ERROR",IF(E27<D27,0,IF(E27>F27,0,IF(F27=D27,1,0))))))) -> 1 | Q27: OPERADORA LECHERIA 2011, C.A
A28: 13 | B28: MODEM | D28: 0 | E28: 1 | F28: 1 | G28: =IF(D28="","",IF(D28=0,"-",IF(F28>D28,"ERROR",IF(E28>D28,"ERROR",IF(E28<D28,0,IF(E28>F28,0,IF(F28=D28,1,0))))))) -> -
A29: 14 | B29: LIBROS DE IMPRESORAS FISCALES | D29: 3 | E29: 3 | F29: 3 | G29: =IF(D29="","",IF(D29=0,"-",IF(F29>D29,"ERROR",IF(E29>D29,"ERROR",IF(E29<D29,0,IF(E29>F29,0,IF(F29=D29,1,0))))))) -> 1
A30: TOTAL DE EFECTIVIDAD DE EQUIPOS | G30: =IFERROR(AVERAGE(G9:G28),"-") -> 1
A32: Realizado Por:
A33: Cargo
A35: NOTA: El check list de Existencia de Equipos en Tiendas debe ser enviado entre los 5 primeros días del mes, vía correo electrónico al grupo Sistemas, con copia al Director de Servicios de Control.
L39: HOUSE TICKET | M39: INVENTARIO | N39: CABLEADO | O39: MES
K40: TIENDAS | L40: SI | M40: 0 | N40: SI | O40: ENERO
K41: =IF(MAESTRO!A1="","",MAESTRO!A1) -> ******SUCURSALES | L41: NO | M41: 1 | N41: NO | O41: FEBRERO
K42: =IF(MAESTRO!A2="","",MAESTRO!A2) -> LA CASA DE LA CAÑA, C.A. (T. ALTERNA) | M42: 2 | O42: MARZO
K43: =IF(MAESTRO!A3="","",MAESTRO!A3) -> LA CASA DE LA CAÑA, C.A. (T. ANACO) | M43: 3 | O43: ABRIL
K44: =IF(MAESTRO!A4="","",MAESTRO!A4) -> LA CASA DE LA CAÑA, C.A. (T. CUMANÁ) | M44: 4 | O44: MAYO
K45: =IF(MAESTRO!A5="","",MAESTRO!A5) -> LA CASA DE LA CAÑA, C.A. (T. MATURÍN I) | M45: 5 | O45: JUNIO
K46: =IF(MAESTRO!A6="","",MAESTRO!A6) -> LA CASA DE LA CAÑA, C.A. (T. MATURÍN II) | M46: 6 | O46: JULIO
K47: =IF(MAESTRO!A7="","",MAESTRO!A7) -> LA CASA DE LA CAÑA, C.A. (T. NVA. BARCELONA) | M47: 7 | O47: AGOSTO
K48: =IF(MAESTRO!A8="","",MAESTRO!A8) -> INVERSIONES CAÑANDONGA,C.A (T. CONEJERO) | M48: 8 | O48: SEPTIEMBRE
K49: =IF(MAESTRO!A9="","",MAESTRO!A9) -> OPERADORA EL MERCADO 2011, C.A. (T. MERCADO) | M49: 9 | O49: OCTUBRE
K50: =IF(MAESTRO!A10="","",MAESTRO!A10) -> OPERADORA EL PUENTE 2011, C.A. (T. PUENTE REAL) | M50: 10 | O50: NOVIEMBRE
K51: =IF(MAESTRO!A11="","",MAESTRO!A11) -> OPERADORA LECHERÍA 2011, C.A. (T. LECHERÍA) | M51: 11 | O51: DICIEMBRE
K52: =IF(MAESTRO!A12="","",MAESTRO!A12) -> OPERADORA PUERTO LA CRUZ 2011, C.A. (T. PUERTO LA CRUZ) | M52: 12
K53: =IF(MAESTRO!A13="","",MAESTRO!A13) -> OPERADORA PUERTO ORDAZ 2013, C.A.(T. PUERTO ORDAZ) | M53: 13
K54: =IF(MAESTRO!A14="","",MAESTRO!A14) -> OPERADORA LAS AMERICAS, C.A | M54: 14
K55: =IF(MAESTRO!A15="","",MAESTRO!A15) -> OPERADORA PLAZA DEL SOL 2015, C.A | M55: 15
K56: =IF(MAESTRO!A16="","",MAESTRO!A16) -> RELIVE, C.A. (T. CHUPARÍN)
K57: =IF(MAESTRO!A17="","",MAESTRO!A17) -> RELIVE, C.A. (T. TERRAZAS)
K58: =IF(MAESTRO!A18="","",MAESTRO!A18) -> RELIVE, C.A. (T. TIGRE II)
K59: =IF(MAESTRO!A19="","",MAESTRO!A19) -> RELIVE, C.A. (T. TIGRE III)
K60: =IF(MAESTRO!A20="","",MAESTRO!A20)
K61: =IF(MAESTRO!A21="","",MAESTRO!A21)
K62: =IF(MAESTRO!A22="","",MAESTRO!A22)

Sheet HIGUEROTE
C1: CHECK LIST DE EXISTENCIA DE EQUIPOS EN TIENDAS | I1: Código: | J1: FO-MIS-03 | L1: Operadora Lecheria 2025, C.A San Bernandino
I2: Revisión: | J2: 07 | K2: 42720 | L2: Operadora Lecheria 2025, C.A Drop Shop El Paraiso
I3: Fecha: | J3: 42286 | L3: Operadora Lecheria 2025, C.A El Paraiso
L4: Operadora Lecheria 2025, C.A Presidente Medina
B5: SUCURSAL: | C5: Operadora Lecheria 2025, C.A Higuerote | H5: FECHA: | I5: 46157 | L5: Operadora Lecheria 2025, C.A Los Flores
L6: Operadora Lecheria 2025, C.A San Antonio
A7: EQUIPOS | L7: Operadora Lecheria 2025, C.A CCCT
A8: Nº | B8: EQUIPOS | D8: INVENTARIO IDEAL | E8: INVENTARIO REAL | F8: EQUIPOS OPERATIVOS | G8: EFECTIVIDAD | H8: OBSERVACIONES | L8: Operadora Lecheria 2025, C.A Guarenas Centro
A9: 1 | B9: CPU | D9: 2 | E9: 2 | F9: 2 | G9: =IF(D9="","",IF(D9=0,"-",IF(F9>D9,"ERROR",IF(E9>D9,"ERROR",IF(E9<D9,0,IF(E9>F9,0,IF(F9=D9,1,0))))))) -> 1 | L9: Operadora Lecheria 2025, C.A Guarenas 27 De Febrero | Q9: LA CASA DE LA CAÑA, C.A. (T. ALTERNA)
A10: 2 | B10: MOUSE | D10: 2 | E10: 2 | F10: 2 | G10: =IF(D10="","",IF(D10=0,"-",IF(F10>D10,"ERROR",IF(E10>D10,"ERROR",IF(E10<D10,0,IF(E10>F10,0,IF(F10=D10,1,0))))))) -> 1 | L10: Operadora Lecheria 2025, C.A Guatire Las Rosas | Q10: LA CASA DE LA CAÑA, C.A. (T. ANACO)
A11: 3 | B11: TECLADOS | D11: 2 | E11: 2 | F11: 2 | G11: =IF(D11="","",IF(D11=0,"-",IF(F11>D11,"ERROR",IF(E11>D11,"ERROR",IF(E11<D11,0,IF(E11>F11,0,IF(F11=D11,1,0))))))) -> 1 | L11: Operadora Lecheria 2025, C.A Guatire Centro | Q11: LA CASA DE LA CAÑA, C.A. (T. NVA BARCELONA)
A12: 4 | B12: MONITORES | D12: 2 | E12: 2 | F12: 2 | G12: =IF(D12="","",IF(D12=0,"-",IF(F12>D12,"ERROR",IF(E12>D12,"ERROR",IF(E12<D12,0,IF(E12>F12,0,IF(F12=D12,1,0))))))) -> 1 | L12: Operadora Lecheria 2025, C.A Guatire El Palmar | Q12: LA CASA DE LA CAÑA, C.A. (T. CUMANA)
A13: 5 | B13: REGULADORES | D13: 2 | E13: 2 | F13: 2 | G13: =IF(D13="","",IF(D13=0,"-",IF(F13>D13,"ERROR",IF(E13>D13,"ERROR",IF(E13<D13,0,IF(E13>F13,0,IF(F13=D13,1,0))))))) -> 1 | L13: Operadora Lecheria 2025, C.A Caucagua | Q13: LA CASA DE LA CAÑA, C.A. (T. MATURIN I)
A14: 6 | B14: IMPRESORA MULTIFUNCIONAL | D14: 1 | E14: 1 | F14: 1 | G14: =IF(D14="","",IF(D14=0,"-",IF(F14>D14,"ERROR",IF(E14>D14,"ERROR",IF(E14<D14,0,IF(E14>F14,0,IF(F14=D14,1,0))))))) -> 1 | L14: Operadora Lecheria 2025, C.A Higuerote | Q14: LA CASA DE LA CAÑA, C.A. (T. MATURIN II)
A15: 7 | B15: IMPRESORAS FISCALES | D15: 2 | E15: 2 | F15: 2 | G15: =IF(D15="","",IF(D15=0,"-",IF(F15>D15,"ERROR",IF(E15>D15,"ERROR",IF(E15<D15,0,IF(E15>F15,0,IF(F15=D15,1,0))))))) -> 1 | H15: SERIAL 1: | J15: Nº ULT. REPORTE Z: | L15: Operadora Lecheria 2025, C.A Las Mercedes | Q15: LA CASA DE LA CAÑA, C.A. (T. FREITES)
H16: SERIAL 2: | J16: Nº ULT. REPORTE Z: | L16: Operadora Lecheria 2025, C.A San Martin | Q16: LA CASA DE LA CAÑA, C.A. (T. PUENTE)
H17: SERIAL 3: | J17: Nº ULT. REPORTE Z: | L17: Operadora Lecheria 2025, C.A Baruta | Q17: RELIVE, C.A. (T. CHUPARIN)
H18: SERIAL 4: | J18: Nº ULT. REPORTE Z: | L18: Operadora Lecheria 2025, C.A Nuevo Circo | Q18: RELIVE, C.A. (T. TERRAZAS)
H19: SERIAL 5: | J19: Nº ULT. REPORTE Z: | L19: Operadora Lecheria 2025, C.A El Silencio | Q19: RELIVE, C.A. (T. TIGRE II)
H20: SERIAL 6: | J20: Nº ULT. REPORTE Z: | L20: Operadora Lecheria 2025, C.A Drop Shop Castellana | Q20: RELIVE, C.A. (T. TIGRE III)
H21: SERIAL 7: | J21: Nº ULT. REPORTE Z: | Q21: RELIVE, C.A. (T. PLC)
Q22: RELIVE, C.A. (T. POZUELOS)
A23: 8 | B23: ROUTER | D23: 1 | E23: 1 | F23: 1 | G23: =IF(D23="","",IF(D23=0,"-",IF(F23>D23,"ERROR",IF(E23>D23,"ERROR",IF(E23<D23,0,IF(E23>F23,0,IF(F23=D23,1,0))))))) -> 1 | Q23: OPERADORA VENECIA 2021, C.A (T. VENECIA)
A24: 9 | B24: SUICHE | D24: 1 | E24: 1 | F24: 1 | G24: =IF(D24="","",IF(D24=0,"-",IF(F24>D24,"ERROR",IF(E24>D24,"ERROR",IF(E24<D24,0,IF(E24>F24,0,IF(F24=D24,1,0))))))) -> 1 | Q24: OPERADORA VENECIA 2021, C.A (T. BOLIVAR PLC)
A25: 10 | B25: ESCANER DE CODIGO DE BARRAS | D25: 2 | E25: 2 | F25: 2 | G25: =IF(D25="","",IF(D25=0,"-",IF(F25>D25,"ERROR",IF(E25>D25,"ERROR",IF(E25<D25,0,IF(E25>F25,0,IF(F25=D25,1,0))))))) -> 1 | Q25: OPERADORA VENECIA 2021, C.A (T. CHURCHILL)
A26: 11 | B26: VISOR DE VENTA | D26: 0 | E26: 1 | F26: 1 | G26: =IF(D26="","",IF(D26=0,"-",IF(F26>D26,"ERROR",IF(E26>D26,"ERROR",IF(E26<D26,0,IF(E26>F26,0,IF(F26=D26,1,0))))))) -> - | Q26: OPERADORA VENECIA 2021, C.A (T. MANSION)
A27: 12 | B27: DVR | D27: 1 | E27: 1 | F27: 1 | G27: =IF(D27="","",IF(D27=0,"-",IF(F27>D27,"ERROR",IF(E27>D27,"ERROR",IF(E27<D27,0,IF(E27>F27,0,IF(F27=D27,1,0))))))) -> 1 | Q27: OPERADORA LECHERIA 2011, C.A
A28: 13 | B28: MODEM | D28: 0 | E28: 1 | F28: 1 | G28: =IF(D28="","",IF(D28=0,"-",IF(F28>D28,"ERROR",IF(E28>D28,"ERROR",IF(E28<D28,0,IF(E28>F28,0,IF(F28=D28,1,0))))))) -> -
A29: 14 | B29: LIBROS DE IMPRESORAS FISCALES | D29: 2 | E29: 2 | F29: 2 | G29: =IF(D29="","",IF(D29=0,"-",IF(F29>D29,"ERROR",IF(E29>D29,"ERROR",IF(E29<D29,0,IF(E29>F29,0,IF(F29=D29,1,0))))))) -> 1
A30: TOTAL DE EFECTIVIDAD DE EQUIPOS | G30: =IFERROR(AVERAGE(G9:G28),"-") -> 1
A32: Realizado Por:
A33: Cargo
A35: NOTA: El check list de Existencia de Equipos en Tiendas debe ser enviado entre los 5 primeros días del mes, vía correo electrónico al grupo Sistemas, con copia al Director de Servicios de Control.
L39: HOUSE TICKET | M39: INVENTARIO | N39: CABLEADO | O39: MES
K40: TIENDAS | L40: SI | M40: 0 | N40: SI | O40: ENERO
K41: =IF(MAESTRO!A1="","",MAESTRO!A1) -> ******SUCURSALES | L41: NO | M41: 1 | N41: NO | O41: FEBRERO
K42: =IF(MAESTRO!A2="","",MAESTRO!A2) -> LA CASA DE LA CAÑA, C.A. (T. ALTERNA) | M42: 2 | O42: MARZO
K43: =IF(MAESTRO!A3="","",MAESTRO!A3) -> LA CASA DE LA CAÑA, C.A. (T. ANACO) | M43: 3 | O43: ABRIL
K44: =IF(MAESTRO!A4="","",MAESTRO!A4) -> LA CASA DE LA CAÑA, C.A. (T. CUMANÁ) | M44: 4 | O44: MAYO
K45: =IF(MAESTRO!A5="","",MAESTRO!A5) -> LA CASA DE LA CAÑA, C.A. (T. MATURÍN I) | M45: 5 | O45: JUNIO
K46: =IF(MAESTRO!A6="","",MAESTRO!A6) -> LA CASA DE LA CAÑA, C.A. (T. MATURÍN II) | M46: 6 | O46: JULIO
K47: =IF(MAESTRO!A7="","",MAESTRO!A7) -> LA CASA DE LA CAÑA, C.A. (T. NVA. BARCELONA) | M47: 7 | O47: AGOSTO
K48: =IF(MAESTRO!A8="","",MAESTRO!A8) -> INVERSIONES CAÑANDONGA,C.A (T. CONEJERO) | M48: 8 | O48: SEPTIEMBRE
K49: =IF(MAESTRO!A9="","",MAESTRO!A9) -> OPERADORA EL MERCADO 2011, C.A. (T. MERCADO) | M49: 9 | O49: OCTUBRE
K50: =IF(MAESTRO!A10="","",MAESTRO!A10) -> OPERADORA EL PUENTE 2011, C.A. (T. PUENTE REAL) | M50: 10 | O50: NOVIEMBRE
K51: =IF(MAESTRO!A11="","",MAESTRO!A11) -> OPERADORA LECHERÍA 2011, C.A. (T. LECHERÍA) | M51: 11 | O51: DICIEMBRE
K52: =IF(MAESTRO!A12="","",MAESTRO!A12) -> OPERADORA PUERTO LA CRUZ 2011, C.A. (T. PUERTO LA CRUZ) | M52: 12
K53: =IF(MAESTRO!A13="","",MAESTRO!A13) -> OPERADORA PUERTO ORDAZ 2013, C.A.(T. PUERTO ORDAZ) | M53: 13
K54: =IF(MAESTRO!A14="","",MAESTRO!A14) -> OPERADORA LAS AMERICAS, C.A | M54: 14
K55: =IF(MAESTRO!A15="","",MAESTRO!A15) -> OPERADORA PLAZA DEL SOL 2015, C.A | M55: 15
K56: =IF(MAESTRO!A16="","",MAESTRO!A16) -> RELIVE, C.A. (T. CHUPARÍN)
K57: =IF(MAESTRO!A17="","",MAESTRO!A17) -> RELIVE, C.A. (T. TERRAZAS)
K58: =IF(MAESTRO!A18="","",MAESTRO!A18) -> RELIVE, C.A. (T. TIGRE II)
K59: =IF(MAESTRO!A19="","",MAESTRO!A19) -> RELIVE, C.A. (T. TIGRE III)
K60: =IF(MAESTRO!A20="","",MAESTRO!A20)
K61: =IF(MAESTRO!A21="","",MAESTRO!A21)

Sheet S MARTIN
C1: CHECK LIST DE EXISTENCIA DE EQUIPOS EN TIENDAS | I1: Código: | J1: FO-MIS-03 | L1: Operadora Lecheria 2025, C.A San Bernandino
I2: Revisión: | J2: 07 | K2: 42720 | L2: Operadora Lecheria 2025, C.A Drop Shop El Paraiso
I3: Fecha: | J3: 42286 | L3: Operadora Lecheria 2025, C.A El Paraiso
L4: Operadora Lecheria 2025, C.A Presidente Medina
B5: SUCURSAL: | C5: Operadora Lecheria 2025, C.A San Martin | H5: FECHA: | I5: 46157 | L5: Operadora Lecheria 2025, C.A Los Flores
L6: Operadora Lecheria 2025, C.A San Antonio
A7: EQUIPOS | L7: Operadora Lecheria 2025, C.A CCCT
A8: Nº | B8: EQUIPOS | D8: INVENTARIO IDEAL | E8: INVENTARIO REAL | F8: EQUIPOS OPERATIVOS | G8: EFECTIVIDAD | H8: OBSERVACIONES | L8: Operadora Lecheria 2025, C.A Guarenas Centro
A9: 1 | B9: CPU | D9: 2 | E9: 2 | F9: 2 | G9: =IF(D9="","",IF(D9=0,"-",IF(F9>D9,"ERROR",IF(E9>D9,"ERROR",IF(E9<D9,0,IF(E9>F9,0,IF(F9=D9,1,0))))))) -> 1 | L9: Operadora Lecheria 2025, C.A Guarenas 27 De Febrero | Q9: LA CASA DE LA CAÑA, C.A. (T. ALTERNA)
A10: 2 | B10: MOUSE | D10: 2 | E10: 2 | F10: 2 | G10: =IF(D10="","",IF(D10=0,"-",IF(F10>D10,"ERROR",IF(E10>D10,"ERROR",IF(E10<D10,0,IF(E10>F10,0,IF(F10=D10,1,0))))))) -> 1 | L10: Operadora Lecheria 2025, C.A Guatire Las Rosas | Q10: LA CASA DE LA CAÑA, C.A. (T. ANACO)
A11: 3 | B11: TECLADOS | D11: 2 | E11: 2 | F11: 2 | G11: =IF(D11="","",IF(D11=0,"-",IF(F11>D11,"ERROR",IF(E11>D11,"ERROR",IF(E11<D11,0,IF(E11>F11,0,IF(F11=D11,1,0))))))) -> 1 | L11: Operadora Lecheria 2025, C.A Guatire Centro | Q11: LA CASA DE LA CAÑA, C.A. (T. NVA BARCELONA)
A12: 4 | B12: MONITORES | D12: 2 | E12: 2 | F12: 2 | G12: =IF(D12="","",IF(D12=0,"-",IF(F12>D12,"ERROR",IF(E12>D12,"ERROR",IF(E12<D12,0,IF(E12>F12,0,IF(F12=D12,1,0))))))) -> 1 | L12: Operadora Lecheria 2025, C.A Guatire El Palmar | Q12: LA CASA DE LA CAÑA, C.A. (T. CUMANA)
A13: 5 | B13: REGULADORES | D13: 2 | E13: 2 | F13: 2 | G13: =IF(D13="","",IF(D13=0,"-",IF(F13>D13,"ERROR",IF(E13>D13,"ERROR",IF(E13<D13,0,IF(E13>F13,0,IF(F13=D13,1,0))))))) -> 1 | L13: Operadora Lecheria 2025, C.A Caucagua | Q13: LA CASA DE LA CAÑA, C.A. (T. MATURIN I)
A14: 6 | B14: IMPRESORA MULTIFUNCIONAL | D14: 1 | E14: 1 | F14: 1 | G14: =IF(D14="","",IF(D14=0,"-",IF(F14>D14,"ERROR",IF(E14>D14,"ERROR",IF(E14<D14,0,IF(E14>F14,0,IF(F14=D14,1,0))))))) -> 1 | L14: Operadora Lecheria 2025, C.A Higuerote | Q14: LA CASA DE LA CAÑA, C.A. (T. MATURIN II)
A15: 7 | B15: IMPRESORAS FISCALES | D15: 2 | E15: 2 | F15: 2 | G15: =IF(D15="","",IF(D15=0,"-",IF(F15>D15,"ERROR",IF(E15>D15,"ERROR",IF(E15<D15,0,IF(E15>F15,0,IF(F15=D15,1,0))))))) -> 1 | H15: SERIAL 1: | J15: Nº ULT. REPORTE Z: | L15: Operadora Lecheria 2025, C.A Las Mercedes | Q15: LA CASA DE LA CAÑA, C.A. (T. FREITES)
H16: SERIAL 2: | J16: Nº ULT. REPORTE Z: | L16: Operadora Lecheria 2025, C.A San Martin | Q16: LA CASA DE LA CAÑA, C.A. (T. PUENTE)
H17: SERIAL 3: | J17: Nº ULT. REPORTE Z: | L17: Operadora Lecheria 2025, C.A Baruta | Q17: RELIVE, C.A. (T. CHUPARIN)
H18: SERIAL 4: | J18: Nº ULT. REPORTE Z: | L18: Operadora Lecheria 2025, C.A Nuevo Circo | Q18: RELIVE, C.A. (T. TERRAZAS)
H19: SERIAL 5: | J19: Nº ULT. REPORTE Z: | L19: Operadora Lecheria 2025, C.A El Silencio | Q19: RELIVE, C.A. (T. TIGRE II)
H20: SERIAL 6: | J20: Nº ULT. REPORTE Z: | L20: Operadora Lecheria 2025, C.A Drop Shop Castellana | Q20: RELIVE, C.A. (T. TIGRE III)
H21: SERIAL 7: | J21: Nº ULT. REPORTE Z: | Q21: RELIVE, C.A. (T. PLC)
H22: SERIAL 8: | J22: Nº ULT. REPORTE Z: | Q22: RELIVE, C.A. (T. POZUELOS)
Q23: OPERADORA VENECIA 2021, C.A (T. VENECIA)
A24: 8 | B24: ROUTER | D24: 1 | E24: 1 | F24: 1 | G24: =IF(D24="","",IF(D24=0,"-",IF(F24>D24,"ERROR",IF(E24>D24,"ERROR",IF(E24<D24,0,IF(E24>F24,0,IF(F24=D24,1,0))))))) -> 1 | Q24: OPERADORA VENECIA 2021, C.A (T. BOLIVAR PLC)
A25: 9 | B25: SUICHE | D25: 1 | E25: 1 | F25: 1 | G25: =IF(D25="","",IF(D25=0,"-",IF(F25>D25,"ERROR",IF(E25>D25,"ERROR",IF(E25<D25,0,IF(E25>F25,0,IF(F25=D25,1,0))))))) -> 1 | Q25: OPERADORA VENECIA 2021, C.A (T. CHURCHILL)
A26: 10 | B26: ESCANER DE CODIGO DE BARRAS | D26: 2 | E26: 2 | F26: 2 | G26: =IF(D26="","",IF(D26=0,"-",IF(F26>D26,"ERROR",IF(E26>D26,"ERROR",IF(E26<D26,0,IF(E26>F26,0,IF(F26=D26,1,0))))))) -> 1 | Q26: OPERADORA VENECIA 2021, C.A (T. MANSION)
A27: 11 | B27: VISOR DE VENTA | D27: 0 | E27: 1 | F27: 1 | G27: =IF(D27="","",IF(D27=0,"-",IF(F27>D27,"ERROR",IF(E27>D27,"ERROR",IF(E27<D27,0,IF(E27>F27,0,IF(F27=D27,1,0))))))) -> - | Q27: OPERADORA LECHERIA 2011, C.A
A28: 12 | B28: DVR | D28: 1 | E28: 1 | F28: 1 | G28: =IF(D28="","",IF(D28=0,"-",IF(F28>D28,"ERROR",IF(E28>D28,"ERROR",IF(E28<D28,0,IF(E28>F28,0,IF(F28=D28,1,0))))))) -> 1
A29: 13 | B29: MODEM | D29: 0 | E29: 1 | F29: 1 | G29: =IF(D29="","",IF(D29=0,"-",IF(F29>D29,"ERROR",IF(E29>D29,"ERROR",IF(E29<D29,0,IF(E29>F29,0,IF(F29=D29,1,0))))))) -> -
A30: 14 | B30: LIBROS DE IMPRESORAS FISCALES | D30: 2 | E30: 2 | F30: 2 | G30: =IF(D30="","",IF(D30=0,"-",IF(F30>D30,"ERROR",IF(E30>D30,"ERROR",IF(E30<D30,0,IF(E30>F30,0,IF(F30=D30,1,0))))))) -> 1
A31: TOTAL DE EFECTIVIDAD DE EQUIPOS | G31: =IFERROR(AVERAGE(G9:G29),"-") -> 1
A33: Realizado Por:
A34: Cargo
A36: NOTA: El check list de Existencia de Equipos en Tiendas debe ser enviado entre los 5 primeros días del mes, vía correo electrónico al grupo Sistemas, con copia al Director de Servicios de Control.
L40: HOUSE TICKET | M40: INVENTARIO | N40: CABLEADO | O40: MES
K41: TIENDAS | L41: SI | M41: 0 | N41: SI | O41: ENERO
K42: =IF(MAESTRO!A1="","",MAESTRO!A1) -> ******SUCURSALES | L42: NO | M42: 1 | N42: NO | O42: FEBRERO
K43: =IF(MAESTRO!A2="","",MAESTRO!A2) -> LA CASA DE LA CAÑA, C.A. (T. ALTERNA) | M43: 2 | O43: MARZO
K44: =IF(MAESTRO!A3="","",MAESTRO!A3) -> LA CASA DE LA CAÑA, C.A. (T. ANACO) | M44: 3 | O44: ABRIL
K45: =IF(MAESTRO!A4="","",MAESTRO!A4) -> LA CASA DE LA CAÑA, C.A. (T. CUMANÁ) | M45: 4 | O45: MAYO
K46: =IF(MAESTRO!A5="","",MAESTRO!A5) -> LA CASA DE LA CAÑA, C.A. (T. MATURÍN I) | M46: 5 | O46: JUNIO
K47: =IF(MAESTRO!A6="","",MAESTRO!A6) -> LA CASA DE LA CAÑA, C.A. (T. MATURÍN II) | M47: 6 | O47: JULIO
K48: =IF(MAESTRO!A7="","",MAESTRO!A7) -> LA CASA DE LA CAÑA, C.A. (T. NVA. BARCELONA) | M48: 7 | O48: AGOSTO
K49: =IF(MAESTRO!A8="","",MAESTRO!A8) -> INVERSIONES CAÑANDONGA,C.A (T. CONEJERO) | M49: 8 | O49: SEPTIEMBRE
K50: =IF(MAESTRO!A9="","",MAESTRO!A9) -> OPERADORA EL MERCADO 2011, C.A. (T. MERCADO) | M50: 9 | O50: OCTUBRE
K51: =IF(MAESTRO!A10="","",MAESTRO!A10) -> OPERADORA EL PUENTE 2011, C.A. (T. PUENTE REAL) | M51: 10 | O51: NOVIEMBRE
K52: =IF(MAESTRO!A11="","",MAESTRO!A11) -> OPERADORA LECHERÍA 2011, C.A. (T. LECHERÍA) | M52: 11 | O52: DICIEMBRE
K53: =IF(MAESTRO!A12="","",MAESTRO!A12) -> OPERADORA PUERTO LA CRUZ 2011, C.A. (T. PUERTO LA CRUZ) | M53: 12
K54: =IF(MAESTRO!A13="","",MAESTRO!A13) -> OPERADORA PUERTO ORDAZ 2013, C.A.(T. PUERTO ORDAZ) | M54: 13
K55: =IF(MAESTRO!A14="","",MAESTRO!A14) -> OPERADORA LAS AMERICAS, C.A | M55: 14
K56: =IF(MAESTRO!A15="","",MAESTRO!A15) -> OPERADORA PLAZA DEL SOL 2015, C.A | M56: 15
K57: =IF(MAESTRO!A16="","",MAESTRO!A16) -> RELIVE, C.A. (T. CHUPARÍN)
K58: =IF(MAESTRO!A17="","",MAESTRO!A17) -> RELIVE, C.A. (T. TERRAZAS)
K59: =IF(MAESTRO!A18="","",MAESTRO!A18) -> RELIVE, C.A. (T. TIGRE II)
K60: =IF(MAESTRO!A19="","",MAESTRO!A19) -> RELIVE, C.A. (T. TIGRE III)
K62: =IF(MAESTRO!A21="","",MAESTRO!A21)

Sheet NUEVO C
C1: CHECK LIST DE EXISTENCIA DE EQUIPOS EN TIENDAS | I1: Código: | J1: FO-MIS-03 | L1: Operadora Lecheria 2025, C.A San Bernandino
I2: Revisión: | J2: 07 | K2: 42720 | L2: Operadora Lecheria 2025, C.A Drop Shop El Paraiso
I3: Fecha: | J3: 42286 | L3: Operadora Lecheria 2025, C.A El Paraiso
L4: Operadora Lecheria 2025, C.A Presidente Medina
B5: SUCURSAL: | C5: Operadora Lecheria 2025, C.A Nuevo Circo | H5: FECHA: | I5: 46157 | L5: Operadora Lecheria 2025, C.A Los Flores
L6: Operadora Lecheria 2025, C.A San Antonio
A7: EQUIPOS | L7: Operadora Lecheria 2025, C.A CCCT
A8: Nº | B8: EQUIPOS | D8: INVENTARIO IDEAL | E8: INVENTARIO REAL | F8: EQUIPOS OPERATIVOS | G8: EFECTIVIDAD | H8: OBSERVACIONES | L8: Operadora Lecheria 2025, C.A Guarenas Centro
A9: 1 | B9: CPU | D9: 2 | E9: 2 | F9: 2 | G9: =IF(D9="","",IF(D9=0,"-",IF(F9>D9,"ERROR",IF(E9>D9,"ERROR",IF(E9<D9,0,IF(E9>F9,0,IF(F9=D9,1,0))))))) -> 1 | L9: Operadora Lecheria 2025, C.A Guarenas 27 De Febrero | Q9: LA CASA DE LA CAÑA, C.A. (T. ALTERNA)
A10: 2 | B10: MOUSE | D10: 2 | E10: 2 | F10: 2 | G10: =IF(D10="","",IF(D10=0,"-",IF(F10>D10,"ERROR",IF(E10>D10,"ERROR",IF(E10<D10,0,IF(E10>F10,0,IF(F10=D10,1,0))))))) -> 1 | L10: Operadora Lecheria 2025, C.A Guatire Las Rosas | Q10: LA CASA DE LA CAÑA, C.A. (T. ANACO)
A11: 3 | B11: TECLADOS | D11: 2 | E11: 2 | F11: 2 | G11: =IF(D11="","",IF(D11=0,"-",IF(F11>D11,"ERROR",IF(E11>D11,"ERROR",IF(E11<D11,0,IF(E11>F11,0,IF(F11=D11,1,0))))))) -> 1 | L11: Operadora Lecheria 2025, C.A Guatire Centro | Q11: LA CASA DE LA CAÑA, C.A. (T. NVA BARCELONA)
A12: 4 | B12: MONITORES | D12: 2 | E12: 2 | F12: 2 | G12: =IF(D12="","",IF(D12=0,"-",IF(F12>D12,"ERROR",IF(E12>D12,"ERROR",IF(E12<D12,0,IF(E12>F12,0,IF(F12=D12,1,0))))))) -> 1 | L12: Operadora Lecheria 2025, C.A Guatire El Palmar | Q12: LA CASA DE LA CAÑA, C.A. (T. CUMANA)
A13: 5 | B13: REGULADORES | D13: 2 | E13: 2 | F13: 2 | G13: =IF(D13="","",IF(D13=0,"-",IF(F13>D13,"ERROR",IF(E13>D13,"ERROR",IF(E13<D13,0,IF(E13>F13,0,IF(F13=D13,1,0))))))) -> 1 | L13: Operadora Lecheria 2025, C.A Caucagua | Q13: LA CASA DE LA CAÑA, C.A. (T. MATURIN I)
A14: 6 | B14: IMPRESORA MULTIFUNCIONAL | D14: 1 | E14: 1 | F14: 1 | G14: =IF(D14="","",IF(D14=0,"-",IF(F14>D14,"ERROR",IF(E14>D14,"ERROR",IF(E14<D14,0,IF(E14>F14,0,IF(F14=D14,1,0))))))) -> 1 | L14: Operadora Lecheria 2025, C.A Higuerote | Q14: LA CASA DE LA CAÑA, C.A. (T. MATURIN II)
A15: 7 | B15: IMPRESORAS FISCALES | D15: 2 | E15: 2 | F15: 2 | G15: =IF(D15="","",IF(D15=0,"-",IF(F15>D15,"ERROR",IF(E15>D15,"ERROR",IF(E15<D15,0,IF(E15>F15,0,IF(F15=D15,1,0))))))) -> 1 | H15: SERIAL 1: | J15: Nº ULT. REPORTE Z: | L15: Operadora Lecheria 2025, C.A Las Mercedes | Q15: LA CASA DE LA CAÑA, C.A. (T. FREITES)
H16: SERIAL 2: | J16: Nº ULT. REPORTE Z: | L16: Operadora Lecheria 2025, C.A San Martin | Q16: LA CASA DE LA CAÑA, C.A. (T. PUENTE)
H17: SERIAL 3: | J17: Nº ULT. REPORTE Z: | L17: Operadora Lecheria 2025, C.A Baruta | Q17: RELIVE, C.A. (T. CHUPARIN)
H18: SERIAL 4: | J18: Nº ULT. REPORTE Z: | L18: Operadora Lecheria 2025, C.A Nuevo Circo | Q18: RELIVE, C.A. (T. TERRAZAS)
H19: SERIAL 5: | J19: Nº ULT. REPORTE Z: | L19: Operadora Lecheria 2025, C.A El Silencio | Q19: RELIVE, C.A. (T. TIGRE II)
H20: SERIAL 6: | J20: Nº ULT. REPORTE Z: | L20: Operadora Lecheria 2025, C.A Drop Shop Castellana | Q20: RELIVE, C.A. (T. TIGRE III)
H21: SERIAL 7: | J21: Nº ULT. REPORTE Z: | Q21: RELIVE, C.A. (T. PLC)
Q22: RELIVE, C.A. (T. POZUELOS)
A23: 8 | B23: ROUTER | D23: 1 | E23: 1 | F23: 1 | G23: =IF(D23="","",IF(D23=0,"-",IF(F23>D23,"ERROR",IF(E23>D23,"ERROR",IF(E23<D23,0,IF(E23>F23,0,IF(F23=D23,1,0))))))) -> 1 | Q23: OPERADORA VENECIA 2021, C.A (T. VENECIA)
A24: 9 | B24: SUICHE | D24: 1 | E24: 1 | F24: 1 | G24: =IF(D24="","",IF(D24=0,"-",IF(F24>D24,"ERROR",IF(E24>D24,"ERROR",IF(E24<D24,0,IF(E24>F24,0,IF(F24=D24,1,0))))))) -> 1 | Q24: OPERADORA VENECIA 2021, C.A (T. BOLIVAR PLC)
A25: 10 | B25: ESCANER DE CODIGO DE BARRAS | D25: 2 | E25: 2 | F25: 2 | G25: =IF(D25="","",IF(D25=0,"-",IF(F25>D25,"ERROR",IF(E25>D25,"ERROR",IF(E25<D25,0,IF(E25>F25,0,IF(F25=D25,1,0))))))) -> 1 | Q25: OPERADORA VENECIA 2021, C.A (T. CHURCHILL)
A26: 11 | B26: VISOR DE VENTA | D26: 0 | E26: 1 | F26: 1 | G26: =IF(D26="","",IF(D26=0,"-",IF(F26>D26,"ERROR",IF(E26>D26,"ERROR",IF(E26<D26,0,IF(E26>F26,0,IF(F26=D26,1,0))))))) -> - | Q26: OPERADORA VENECIA 2021, C.A (T. MANSION)
A27: 12 | B27: DVR | D27: 1 | E27: 1 | F27: 1 | G27: =IF(D27="","",IF(D27=0,"-",IF(F27>D27,"ERROR",IF(E27>D27,"ERROR",IF(E27<D27,0,IF(E27>F27,0,IF(F27=D27,1,0))))))) -> 1 | Q27: OPERADORA LECHERIA 2011, C.A
A28: 13 | B28: MODEM | D28: 0 | E28: 1 | F28: 1 | G28: =IF(D28="","",IF(D28=0,"-",IF(F28>D28,"ERROR",IF(E28>D28,"ERROR",IF(E28<D28,0,IF(E28>F28,0,IF(F28=D28,1,0))))))) -> -
A29: 14 | B29: LIBROS DE IMPRESORAS FISCALES | D29: 2 | E29: 2 | F29: 2 | G29: =IF(D29="","",IF(D29=0,"-",IF(F29>D29,"ERROR",IF(E29>D29,"ERROR",IF(E29<D29,0,IF(E29>F29,0,IF(F29=D29,1,0))))))) -> 1
A30: TOTAL DE EFECTIVIDAD DE EQUIPOS | G30: =IFERROR(AVERAGE(G9:G28),"-") -> 1
A32: Realizado Por:
A33: Cargo
A35: NOTA: El check list de Existencia de Equipos en Tiendas debe ser enviado entre los 5 primeros días del mes, vía correo electrónico al grupo Sistemas, con copia al Director de Servicios de Control.
L39: HOUSE TICKET | M39: INVENTARIO | N39: CABLEADO | O39: MES
K40: TIENDAS | L40: SI | M40: 0 | N40: SI | O40: ENERO
K41: =IF(MAESTRO!A1="","",MAESTRO!A1) -> ******SUCURSALES | L41: NO | M41: 1 | N41: NO | O41: FEBRERO
K42: =IF(MAESTRO!A2="","",MAESTRO!A2) -> LA CASA DE LA CAÑA, C.A. (T. ALTERNA) | M42: 2 | O42: MARZO
K43: =IF(MAESTRO!A3="","",MAESTRO!A3) -> LA CASA DE LA CAÑA, C.A. (T. ANACO) | M43: 3 | O43: ABRIL
K44: =IF(MAESTRO!A4="","",MAESTRO!A4) -> LA CASA DE LA CAÑA, C.A. (T. CUMANÁ) | M44: 4 | O44: MAYO
K45: =IF(MAESTRO!A5="","",MAESTRO!A5) -> LA CASA DE LA CAÑA, C.A. (T. MATURÍN I) | M45: 5 | O45: JUNIO
K46: =IF(MAESTRO!A6="","",MAESTRO!A6) -> LA CASA DE LA CAÑA, C.A. (T. MATURÍN II) | M46: 6 | O46: JULIO
K47: =IF(MAESTRO!A7="","",MAESTRO!A7) -> LA CASA DE LA CAÑA, C.A. (T. NVA. BARCELONA) | M47: 7 | O47: AGOSTO
K48: =IF(MAESTRO!A8="","",MAESTRO!A8) -> INVERSIONES CAÑANDONGA,C.A (T. CONEJERO) | M48: 8 | O48: SEPTIEMBRE
K49: =IF(MAESTRO!A9="","",MAESTRO!A9) -> OPERADORA EL MERCADO 2011, C.A. (T. MERCADO) | M49: 9 | O49: OCTUBRE
K50: =IF(MAESTRO!A10="","",MAESTRO!A10) -> OPERADORA EL PUENTE 2011, C.A. (T. PUENTE REAL) | M50: 10 | O50: NOVIEMBRE
K51: =IF(MAESTRO!A11="","",MAESTRO!A11) -> OPERADORA LECHERÍA 2011, C.A. (T. LECHERÍA) | M51: 11 | O51: DICIEMBRE
K52: =IF(MAESTRO!A12="","",MAESTRO!A12) -> OPERADORA PUERTO LA CRUZ 2011, C.A. (T. PUERTO LA CRUZ) | M52: 12
K53: =IF(MAESTRO!A13="","",MAESTRO!A13) -> OPERADORA PUERTO ORDAZ 2013, C.A.(T. PUERTO ORDAZ) | M53: 13
K54: =IF(MAESTRO!A14="","",MAESTRO!A14) -> OPERADORA LAS AMERICAS, C.A | M54: 14
K55: =IF(MAESTRO!A15="","",MAESTRO!A15) -> OPERADORA PLAZA DEL SOL 2015, C.A | M55: 15
K56: =IF(MAESTRO!A16="","",MAESTRO!A16) -> RELIVE, C.A. (T. CHUPARÍN)
K57: =IF(MAESTRO!A17="","",MAESTRO!A17) -> RELIVE, C.A. (T. TERRAZAS)
K58: =IF(MAESTRO!A18="","",MAESTRO!A18) -> RELIVE, C.A. (T. TIGRE II)
K59: =IF(MAESTRO!A19="","",MAESTRO!A19) -> RELIVE, C.A. (T. TIGRE III)
K60: =IF(MAESTRO!A20="","",MAESTRO!A20)
K61: =IF(MAESTRO!A21="","",MAESTRO!A21)

Sheet DSCASTELLANA
C1: CHECK LIST DE EXISTENCIA DE EQUIPOS EN TIENDAS | I1: Código: | J1: FO-MIS-03 | L1: Operadora Lecheria 2025, C.A San Bernandino
I2: Revisión: | J2: 07 | K2: 42720 | L2: Operadora Lecheria 2025, C.A Drop Shop El Paraiso
I3: Fecha: | J3: 42286 | L3: Operadora Lecheria 2025, C.A El Paraiso
L4: Operadora Lecheria 2025, C.A Presidente Medina
B5: SUCURSAL: | C5: Operadora Lecheria 2025, C.A Drop Shop Castellana | H5: FECHA: | I5: 46157 | L5: Operadora Lecheria 2025, C.A Los Flores
L6: Operadora Lecheria 2025, C.A San Antonio
A7: EQUIPOS | L7: Operadora Lecheria 2025, C.A CCCT
A8: Nº | B8: EQUIPOS | D8: INVENTARIO IDEAL | E8: INVENTARIO REAL | F8: EQUIPOS OPERATIVOS | G8: EFECTIVIDAD | H8: OBSERVACIONES | L8: Operadora Lecheria 2025, C.A Guarenas Centro
A9: 1 | B9: CPU | D9: 4 | E9: 4 | F9: 4 | G9: =IF(D9="","",IF(D9=0,"-",IF(F9>D9,"ERROR",IF(E9>D9,"ERROR",IF(E9<D9,0,IF(E9>F9,0,IF(F9=D9,1,0))))))) -> 1 | L9: Operadora Lecheria 2025, C.A Guarenas 27 De Febrero | R9: LA CASA DE LA CAÑA, C.A. (T. ALTERNA)
A10: 2 | B10: MOUSE | D10: 4 | E10: 4 | F10: 4 | G10: =IF(D10="","",IF(D10=0,"-",IF(F10>D10,"ERROR",IF(E10>D10,"ERROR",IF(E10<D10,0,IF(E10>F10,0,IF(F10=D10,1,0))))))) -> 1 | L10: Operadora Lecheria 2025, C.A Guatire Las Rosas | R10: LA CASA DE LA CAÑA, C.A. (T. ANACO)
A11: 3 | B11: TECLADOS | D11: 4 | E11: 4 | F11: 4 | G11: =IF(D11="","",IF(D11=0,"-",IF(F11>D11,"ERROR",IF(E11>D11,"ERROR",IF(E11<D11,0,IF(E11>F11,0,IF(F11=D11,1,0))))))) -> 1 | L11: Operadora Lecheria 2025, C.A Guatire Centro | R11: LA CASA DE LA CAÑA, C.A. (T. NVA BARCELONA)
A12: 4 | B12: MONITORES | D12: 4 | E12: 3 | F12: 4 | G12: =IF(D12="","",IF(D12=0,"-",IF(F12>D12,"ERROR",IF(E12>D12,"ERROR",IF(E12<D12,0,IF(E12>F12,0,IF(F12=D12,1,0))))))) -> 0 | L12: Operadora Lecheria 2025, C.A Guatire El Palmar | R12: LA CASA DE LA CAÑA, C.A. (T. CUMANA)
A13: 5 | B13: REGULADORES | D13: 4 | E13: 4 | F13: 4 | G13: =IF(D13="","",IF(D13=0,"-",IF(F13>D13,"ERROR",IF(E13>D13,"ERROR",IF(E13<D13,0,IF(E13>F13,0,IF(F13=D13,1,0))))))) -> 1 | L13: Operadora Lecheria 2025, C.A Caucagua | R13: LA CASA DE LA CAÑA, C.A. (T. MATURIN I)
A14: 6 | B14: IMPRESORA MULTIFUNCIONAL | D14: 1 | E14: 1 | F14: 1 | G14: =IF(D14="","",IF(D14=0,"-",IF(F14>D14,"ERROR",IF(E14>D14,"ERROR",IF(E14<D14,0,IF(E14>F14,0,IF(F14=D14,1,0))))))) -> 1 | L14: Operadora Lecheria 2025, C.A Higuerote | R14: LA CASA DE LA CAÑA, C.A. (T. MATURIN II)
A15: 7 | B15: IMPRESORAS FISCALES | D15: 4 | E15: 4 | F15: 4 | G15: =IF(D15="","",IF(D15=0,"-",IF(F15>D15,"ERROR",IF(E15>D15,"ERROR",IF(E15<D15,0,IF(E15>F15,0,IF(F15=D15,1,0))))))) -> 1 | H15: SERIAL 1: | J15: Nº ULT. REPORTE Z: | L15: Operadora Lecheria 2025, C.A Las Mercedes | R15: LA CASA DE LA CAÑA, C.A. (T. FREITES)
H16: SERIAL 2: | J16: Nº ULT. REPORTE Z: | L16: Operadora Lecheria 2025, C.A San Martin | R16: LA CASA DE LA CAÑA, C.A. (T. PUENTE)
H17: SERIAL 3: | J17: Nº ULT. REPORTE Z: | L17: Operadora Lecheria 2025, C.A Baruta | R17: RELIVE, C.A. (T. CHUPARIN)
H18: SERIAL 4: | J18: Nº ULT. REPORTE Z: | L18: Operadora Lecheria 2025, C.A Nuevo Circo | R18: RELIVE, C.A. (T. TERRAZAS)
H19: SERIAL 5: | J19: Nº ULT. REPORTE Z: | L19: Operadora Lecheria 2025, C.A El Silencio | R19: RELIVE, C.A. (T. TIGRE II)
H20: SERIAL 6: | J20: Nº ULT. REPORTE Z: | L20: Operadora Lecheria 2025, C.A Drop Shop Castellana | R20: RELIVE, C.A. (T. TIGRE III)
H21: SERIAL 7: | J21: Nº ULT. REPORTE Z: | R21: RELIVE, C.A. (T. PLC)
H22: Una Reparacion no imprime bien | R22: RELIVE, C.A. (T. POZUELOS)
A23: 8 | B23: ROUTER | D23: 1 | E23: 1 | F23: 1 | G23: =IF(D23="","",IF(D23=0,"-",IF(F23>D23,"ERROR",IF(E23>D23,"ERROR",IF(E23<D23,0,IF(E23>F23,0,IF(F23=D23,1,0))))))) -> 1 | R23: OPERADORA VENECIA 2021, C.A (T. VENECIA)
A24: 9 | B24: SUICHE | D24: 1 | E24: 1 | F24: 1 | G24: =IF(D24="","",IF(D24=0,"-",IF(F24>D24,"ERROR",IF(E24>D24,"ERROR",IF(E24<D24,0,IF(E24>F24,0,IF(F24=D24,1,0))))))) -> 1 | R24: OPERADORA VENECIA 2021, C.A (T. BOLIVAR PLC)
A25: 10 | B25: ESCANER DE CODIGO DE BARRAS | D25: 3 | E25: 3 | F25: 3 | G25: =IF(D25="","",IF(D25=0,"-",IF(F25>D25,"ERROR",IF(E25>D25,"ERROR",IF(E25<D25,0,IF(E25>F25,0,IF(F25=D25,1,0))))))) -> 1 | R25: OPERADORA VENECIA 2021, C.A (T. CHURCHILL)
A26: 11 | B26: VISOR DE VENTA | D26: 0 | E26: 1 | F26: 1 | G26: =IF(D26="","",IF(D26=0,"-",IF(F26>D26,"ERROR",IF(E26>D26,"ERROR",IF(E26<D26,0,IF(E26>F26,0,IF(F26=D26,1,0))))))) -> - | R26: OPERADORA VENECIA 2021, C.A (T. MANSION)
A27: 12 | B27: DVR | D27: 1 | E27: 1 | F27: 1 | G27: =IF(D27="","",IF(D27=0,"-",IF(F27>D27,"ERROR",IF(E27>D27,"ERROR",IF(E27<D27,0,IF(E27>F27,0,IF(F27=D27,1,0))))))) -> 1 | R27: OPERADORA LECHERIA 2011, C.A
A28: 13 | B28: MODEM | D28: 0 | E28: 1 | F28: 1 | G28: =IF(D28="","",IF(D28=0,"-",IF(F28>D28,"ERROR",IF(E28>D28,"ERROR",IF(E28<D28,0,IF(E28>F28,0,IF(F28=D28,1,0))))))) -> -
A29: 14 | B29: LIBROS DE IMPRESORAS FISCALES | D29: 4 | E29: 4 | F29: 4 | G29: =IF(D29="","",IF(D29=0,"-",IF(F29>D29,"ERROR",IF(E29>D29,"ERROR",IF(E29<D29,0,IF(E29>F29,0,IF(F29=D29,1,0))))))) -> 1
A30: TOTAL DE EFECTIVIDAD DE EQUIPOS | G30: =IFERROR(AVERAGE(G9:G28),"-") -> 0.90909091
A32: Realizado Por:
A33: Cargo
A35: NOTA: El check list de Existencia de Equipos en Tiendas debe ser enviado entre los 5 primeros días del mes, vía correo electrónico al grupo Sistemas, con copia al Director de Servicios de Control.
L39: HOUSE TICKET | M39: INVENTARIO | N39: CABLEADO | O39: MES
K40: TIENDAS | L40: SI | M40: 0 | N40: SI | O40: ENERO
K41: =IF(MAESTRO!A1="","",MAESTRO!A1) -> ******SUCURSALES | L41: NO | M41: 1 | N41: NO | O41: FEBRERO
K42: =IF(MAESTRO!A2="","",MAESTRO!A2) -> LA CASA DE LA CAÑA, C.A. (T. ALTERNA) | M42: 2 | O42: MARZO
K43: =IF(MAESTRO!A3="","",MAESTRO!A3) -> LA CASA DE LA CAÑA, C.A. (T. ANACO) | M43: 3 | O43: ABRIL
K44: =IF(MAESTRO!A4="","",MAESTRO!A4) -> LA CASA DE LA CAÑA, C.A. (T. CUMANÁ) | M44: 4 | O44: MAYO
K45: =IF(MAESTRO!A5="","",MAESTRO!A5) -> LA CASA DE LA CAÑA, C.A. (T. MATURÍN I) | M45: 5 | O45: JUNIO
K46: =IF(MAESTRO!A6="","",MAESTRO!A6) -> LA CASA DE LA CAÑA, C.A. (T. MATURÍN II) | M46: 6 | O46: JULIO
K47: =IF(MAESTRO!A7="","",MAESTRO!A7) -> LA CASA DE LA CAÑA, C.A. (T. NVA. BARCELONA) | M47: 7 | O47: AGOSTO
K48: =IF(MAESTRO!A8="","",MAESTRO!A8) -> INVERSIONES CAÑANDONGA,C.A (T. CONEJERO) | M48: 8 | O48: SEPTIEMBRE
K49: =IF(MAESTRO!A9="","",MAESTRO!A9) -> OPERADORA EL MERCADO 2011, C.A. (T. MERCADO) | M49: 9 | O49: OCTUBRE
K50: =IF(MAESTRO!A10="","",MAESTRO!A10) -> OPERADORA EL PUENTE 2011, C.A. (T. PUENTE REAL) | M50: 10 | O50: NOVIEMBRE
K51: =IF(MAESTRO!A11="","",MAESTRO!A11) -> OPERADORA LECHERÍA 2011, C.A. (T. LECHERÍA) | M51: 11 | O51: DICIEMBRE
K52: =IF(MAESTRO!A12="","",MAESTRO!A12) -> OPERADORA PUERTO LA CRUZ 2011, C.A. (T. PUERTO LA CRUZ) | M52: 12
K53: =IF(MAESTRO!A13="","",MAESTRO!A13) -> OPERADORA PUERTO ORDAZ 2013, C.A.(T. PUERTO ORDAZ) | M53: 13
K54: =IF(MAESTRO!A14="","",MAESTRO!A14) -> OPERADORA LAS AMERICAS, C.A | M54: 14
K55: =IF(MAESTRO!A15="","",MAESTRO!A15) -> OPERADORA PLAZA DEL SOL 2015, C.A | M55: 15
K56: =IF(MAESTRO!A16="","",MAESTRO!A16) -> RELIVE, C.A. (T. CHUPARÍN)
K57: =IF(MAESTRO!A17="","",MAESTRO!A17) -> RELIVE, C.A. (T. TERRAZAS)
K58: =IF(MAESTRO!A18="","",MAESTRO!A18) -> RELIVE, C.A. (T. TIGRE II)
K59: =IF(MAESTRO!A19="","",MAESTRO!A19) -> RELIVE, C.A. (T. TIGRE III)
K60: OPERADORA VENECIA 2021, C.A (T. MANSION)
K61: =IF(MAESTRO!A21="","",MAESTRO!A21)

Sheet CONSOLIDADO
A1: EQUIPOS | C1: TIENDAS
C2: BERNARDINO | D2: DSPARAISO | E2: PARAISO | F2: PRESIDENTE | G2: FLORES | H2: ANTONIO | I2: GUARENAS C | J2: CCCT | K2: GUARENAS 27 | L2: GUATIRE C | M2: GUATIRE P | N2: GUATIRE R | O2: CAUCAGUA | P2: HIGUEROTE | Q2: S MARTIN | R2: NUEVO C | S2: DSCASTELLANA | T2: TOTAL
A3: CPU | B3: Inv. Ideal | C3: =BERNARDINO!D9 -> 4 | D3: =DSPARAISO!D9 -> 4 | E3: =PARAISO!D9 -> 3 | F3: =PRESIDENTE!D9 -> 2 | G3: =FLORES!D9 -> 3 | H3: =ANTONIO!D9 -> 2 | I3: ='GUARENAS C'!D9 -> 2 | J3: =CCCT!D9 -> 3 | K3: ='GUARENAS 27'!D9 -> 2 | L3: ='GUATIRE C'!D9 -> 2 | M3: ='GUATIRE P'!D9 -> 3 | N3: ='GUATIRE R'!D9 -> 2 | O3: =CAUCAGUA!D9 -> 3 | P3: =HIGUEROTE!D9 -> 2 | Q3: ='S MARTIN'!D9 -> 2 | R3: ='NUEVO C'!D9 -> 2 | S3: =DSCASTELLANA!D9 -> 4 | T3: =SUM(C3:Q3) -> 39
B4: Inv. Real | C4: =BERNARDINO!E9 -> 4 | D4: =DSPARAISO!E9 -> 4 | E4: =PARAISO!E9 -> 3 | F4: =PRESIDENTE!E9 -> 2 | G4: =FLORES!E9 -> 3 | H4: =ANTONIO!E9 -> 2 | I4: ='GUARENAS C'!E9 -> 2 | J4: =CCCT!E9 -> 3 | K4: ='GUARENAS 27'!E9 -> 2 | L4: ='GUATIRE C'!E9 -> 2 | M4: ='GUATIRE P'!E9 -> 3 | N4: ='GUATIRE R'!E9 -> 2 | O4: =CAUCAGUA!E9 -> 3 | P4: =HIGUEROTE!E9 -> 2 | Q4: ='S MARTIN'!E9 -> 2 | R4: ='NUEVO C'!E9 -> 2 | S4: =DSCASTELLANA!E9 -> 4 | T4: =SUM(C4:Q4) -> 39
B5: Equi. Ope. | C5: =BERNARDINO!F9 -> 4 | D5: =DSPARAISO!F9 -> 4 | E5: =PARAISO!E9 -> 3 | F5: 2 | G5: =FLORES!F9 -> 3 | H5: =ANTONIO!F9 -> 2 | I5: ='GUARENAS C'!E9 -> 2 | J5: =CCCT!F9 -> 3 | K5: ='GUARENAS 27'!F9 -> 2 | L5: ='GUATIRE C'!F9 -> 2 | M5: ='GUATIRE P'!F9 -> 3 | N5: ='GUATIRE R'!F9 -> 2 | O5: =CAUCAGUA!F9 -> 3 | P5: =HIGUEROTE!F9 -> 2 | Q5: ='S MARTIN'!F9 -> 2 | R5: ='NUEVO C'!F9 -> 2 | S5: =DSCASTELLANA!F9 -> 4 | T5: =SUM(C5:Q5) -> 39
B6: Efect. | C6: =+C5/C4 -> 1 | D6: =+D5/D4 -> 1 | E6: =+E5/E4 -> 1 | F6: =+F5/F4 -> 1 | G6: =+G5/G4 -> 1 | H6: =+H5/H4 -> 1 | I6: =+I5/I4 -> 1 | J6: =+J5/J4 -> 1 | ... T6: =+T5/T4 -> 1
A7: MOUSE | B7: Inv. Ideal | C7: =BERNARDINO!D10 -> 4 | D7: =DSPARAISO!D10 -> 4 | E7: =PARAISO!D10 -> 3 | F7: 5 | G7: =FLORES!D10 -> 3 | H7: =ANTONIO!D10 -> 2 | I7: ='GUARENAS C'!D10 -> 2 | J7: =CCCT!D10 -> 3 | K7: ='GUARENAS 27'!D10 -> 2 | L7: ='GUATIRE C'!D10 -> 2 | M7: ='GUATIRE P'!D10 -> 3 | N7: ='GUATIRE R'!D10 -> 2 | O7: =CAUCAGUA!D10 -> 3 | P7: =HIGUEROTE!D10 -> 2 | Q7: ='S MARTIN'!D10 -> 2 | R7: ='NUEVO C'!D10 -> 2 | S7: =DSCASTELLANA!D10 -> 4 | T7: =SUM(C7:Q7) -> 42
B8: Inv. Real | C8: =BERNARDINO!E10 -> 4 | D8: =DSPARAISO!E10 -> 4 | E8: =PARAISO!E10 -> 3 | F8: 5 | G8: =FLORES!E10 -> 3 | H8: =ANTONIO!E10 -> 2 | I8: ='GUARENAS C'!E10 -> 2 | J8: =CCCT!E10 -> 3 | K8: ='GUARENAS 27'!E10 -> 2 | L8: ='GUATIRE C'!E10 -> 2 | M8: ='GUATIRE P'!E10 -> 3 | N8: ='GUATIRE R'!E10 -> 2 | O8: =CAUCAGUA!E10 -> 3 | P8: =HIGUEROTE!E10 -> 2 | Q8: ='S MARTIN'!E10 -> 2 | R8: ='NUEVO C'!E10 -> 2 | S8: =DSCASTELLANA!E10 -> 4 | T8: =SUM(C8:Q8) -> 42
B9: Equi. Ope. | C9: =BERNARDINO!F10 -> 3 | D9: =DSPARAISO!F10 -> 4 | E9: =PARAISO!E10 -> 3 | F9: 5 | G9: =FLORES!F10 -> 3 | H9: =ANTONIO!F10 -> 2 | I9: ='GUARENAS C'!E10 -> 2 | J9: =CCCT!F10 -> 3 | K9: ='GUARENAS 27'!F10 -> 2 | L9: ='GUATIRE C'!F10 -> 2 | M9: ='GUATIRE P'!F10 -> 3 | N9: ='GUATIRE R'!F10 -> 2 | O9: =CAUCAGUA!F10 -> 3 | P9: =HIGUEROTE!F10 -> 2 | Q9: ='S MARTIN'!F10 -> 2 | R9: ='NUEVO C'!F10 -> 2 | S9: =DSCASTELLANA!F10 -> 4 | T9: =SUM(C9:Q9) -> 41
B10: Efect. | C10: =+C9/C8 -> 0.75 | D10: =+D9/D8 -> 1 | E10: =+E9/E8 -> 1 | F10: =+F9/F8 -> 1 | G10: =+G9/G8 -> 1 | H10: =+H9/H8 -> 1 | I10: =+I9/I8 -> 1 | J10: =+J9/J8 -> 1 | ... T10: =+T9/T8 -> 0.97619048
A11: TECLADOS | B11: Inv. Ideal | C11: =BERNARDINO!D11 -> 4 | D11: =DSPARAISO!D11 -> 4 | E11: =PARAISO!D11 -> 3 | F11: 5 | G11: =FLORES!D11 -> 3 | H11: =ANTONIO!D11 -> 2 | I11: ='GUARENAS C'!D11 -> 2 | J11: =CCCT!D11 -> 3 | K11: ='GUARENAS 27'!D11 -> 2 | L11: ='GUATIRE C'!D11 -> 2 | M11: ='GUATIRE P'!D11 -> 3 | N11: ='GUATIRE R'!D11 -> 2 | O11: =CAUCAGUA!D11 -> 3 | P11: =HIGUEROTE!D11 -> 2 | Q11: ='S MARTIN'!D11 -> 2 | R11: ='NUEVO C'!D11 -> 2 | S11: =DSCASTELLANA!D11 -> 4 | T11: =SUM(C11:Q11) -> 42
B12: Inv. Real | C12: =BERNARDINO!E11 -> 3 | D12: =DSPARAISO!E11 -> 4 | E12: =PARAISO!E11 -> 3 | F12: 5 | G12: =FLORES!E11 -> 3 | H12: =ANTONIO!E11 -> 2 | I12: ='GUARENAS C'!E11 -> 2 | J12: =CCCT!E11 -> 3 | K12: ='GUARENAS 27'!E11 -> 2 | L12: ='GUATIRE C'!E11 -> 2 | M12: ='GUATIRE P'!E11 -> 3 | N12: ='GUATIRE R'!E11 -> 2 | O12: =CAUCAGUA!E11 -> 3 | P12: =HIGUEROTE!E11 -> 2 | Q12: ='S MARTIN'!E11 -> 2 | R12: ='NUEVO C'!E11 -> 2 | S12: =DSCASTELLANA!E11 -> 4 | T12: =SUM(C12:Q12) -> 41
B13: Equi. Ope. | C13: =BERNARDINO!F11 -> 4 | D13: =DSPARAISO!F11 -> 4 | E13: =PARAISO!E11 -> 3 | F13: 5 | G13: =FLORES!F11 -> 3 | H13: =ANTONIO!F11 -> 2 | I13: ='GUARENAS C'!E11 -> 2 | J13: =CCCT!F11 -> 3 | K13: ='GUARENAS 27'!F11 -> 2 | L13: ='GUATIRE C'!F11 -> 2 | M13: ='GUATIRE P'!F11 -> 3 | N13: ='GUATIRE R'!F11 -> 2 | O13: =CAUCAGUA!F11 -> 3 | P13: =HIGUEROTE!F11 -> 2 | Q13: ='S MARTIN'!F11 -> 2 | R13: ='NUEVO C'!F11 -> 2 | S13: =DSCASTELLANA!F11 -> 4 | T13: =SUM(C13:Q13) -> 42
B14: Efect. | C14: =+C13/C12 -> 1.3333333 | D14: =+D13/D12 -> 1 | E14: =+E13/E12 -> 1 | F14: =+F13/F12 -> 1 | G14: =+G13/G12 -> 1 | H14: =+H13/H12 -> 1 | I14: =+I13/I12 -> 1 | J14: =+J13/J12 -> 1 | ... T14: =+T13/T12 -> 1.0243902
A15: MONITORES | B15: Inv. Ideal | C15: =BERNARDINO!D12 -> 4 | D15: =DSPARAISO!D12 -> 4 | E15: =PARAISO!D12 -> 3 | F15: 5 | G15: =FLORES!D12 -> 3 | H15: =ANTONIO!D12 -> 2 | I15: ='GUARENAS C'!D12 -> 2 | J15: =CCCT!D12 -> 3 | K15: ='GUARENAS 27'!D12 -> 2 | L15: ='GUATIRE C'!D12 -> 2 | M15: ='GUATIRE P'!D12 -> 3 | N15: ='GUATIRE R'!D12 -> 2 | O15: =CAUCAGUA!D12 -> 3 | P15: =HIGUEROTE!D12 -> 2 | Q15: ='S MARTIN'!D12 -> 2 | R15: ='NUEVO C'!D12 -> 2 | S15: =DSCASTELLANA!D12 -> 4 | T15: =SUM(C15:Q15) -> 42
B16: Inv. Real | C16: =BERNARDINO!E12 -> 3 | D16: =DSPARAISO!E12 -> 4 | E16: =PARAISO!E12 -> 3 | F16: 5 | G16: =FLORES!E12 -> 3 | H16: =ANTONIO!E12 -> 2 | I16: ='GUARENAS C'!E12 -> 2 | J16: =CCCT!E12 -> 3 | K16: ='GUARENAS 27'!E12 -> 2 | L16: ='GUATIRE C'!E12 -> 2 | M16: ='GUATIRE P'!E12 -> 3 | N16: ='GUATIRE R'!E12 -> 2 | O16: =CAUCAGUA!E12 -> 3 | P16: =HIGUEROTE!E12 -> 2 | Q16: ='S MARTIN'!E12 -> 2 | R16: ='NUEVO C'!E12 -> 2 | S16: =DSCASTELLANA!E12 -> 3 | T16: =SUM(C16:Q16) -> 41
B17: Equi. Ope. | C17: =BERNARDINO!F12 -> 4 | D17: =DSPARAISO!F12 -> 4 | E17: =PARAISO!E12 -> 3 | F17: 5 | G17: =FLORES!F12 -> 3 | H17: =ANTONIO!F12 -> 2 | I17: ='GUARENAS C'!E12 -> 2 | J17: =CCCT!F12 -> 3 | K17: ='GUARENAS 27'!F12 -> 2 | L17: ='GUATIRE C'!F12 -> 2 | M17: ='GUATIRE P'!F12 -> 3 | N17: ='GUATIRE R'!F12 -> 2 | O17: =CAUCAGUA!F12 -> 3 | P17: =HIGUEROTE!F12 -> 2 | Q17: ='S MARTIN'!F12 -> 2 | R17: ='NUEVO C'!F12 -> 2 | S17: =DSCASTELLANA!F12 -> 4 | T17: =SUM(C17:Q17) -> 42
B18: Efect. | C18: =+C17/C16 -> 1.3333333 | D18: =+D17/D16 -> 1 | E18: =+E17/E16 -> 1 | F18: =+F17/F16 -> 1 | G18: =+G17/G16 -> 1 | H18: =+H17/H16 -> 1 | I18: =+I17/I16 -> 1 | J18: =+J17/J16 -> 1 | ... T18: =+T17/T16 -> 1.0243902
A19: REGULADORES | B19: Inv. Ideal | C19: =BERNARDINO!D13 -> 4 | D19: =DSPARAISO!D13 -> 4 | E19: =PARAISO!D13 -> 3 | F19: 5 | G19: =FLORES!D13 -> 3 | H19: =ANTONIO!D13 -> 2 | I19: ='GUARENAS C'!D13 -> 2 | J19: =CCCT!D13 -> 3 | K19: ='GUARENAS 27'!D13 -> 2 | L19: ='GUATIRE C'!D13 -> 2 | M19: ='GUATIRE P'!D13 -> 3 | N19: ='GUATIRE R'!D13 -> 2 | O19: =CAUCAGUA!D13 -> 3 | P19: =HIGUEROTE!D13 -> 2 | Q19: ='S MARTIN'!D13 -> 2 | R19: ='NUEVO C'!D13 -> 2 | S19: =DSCASTELLANA!D13 -> 4 | T19: =SUM(C19:S19) -> 48
B20: Inv. Real | C20: =BERNARDINO!E13 -> 4 | D20: =DSPARAISO!E13 -> 4 | E20: =PARAISO!E13 -> 3 | F20: 5 | G20: =FLORES!E13 -> 3 | H20: =ANTONIO!E13 -> 2 | I20: ='GUARENAS C'!E13 -> 2 | J20: =CCCT!E13 -> 3 | K20: ='GUARENAS 27'!E13 -> 2 | L20: ='GUATIRE C'!E13 -> 2 | M20: ='GUATIRE P'!E13 -> 3 | N20: ='GUATIRE R'!E13 -> 2 | O20: =CAUCAGUA!E13 -> 3 | P20: =HIGUEROTE!E13 -> 2 | Q20: ='S MARTIN'!E13 -> 2 | R20: ='NUEVO C'!E13 -> 2 | S20: =DSCASTELLANA!E13 -> 4 | T20: =SUM(C20:S20) -> 48
B21: Equi. Ope. | C21: =BERNARDINO!F13 -> 4 | D21: =DSPARAISO!F13 -> 4 | E21: =PARAISO!E13 -> 3 | F21: 5 | G21: =FLORES!F13 -> 3 | H21: =ANTONIO!F13 -> 2 | I21: ='GUARENAS C'!E13 -> 2 | J21: =CCCT!F13 -> 3 | K21: ='GUARENAS 27'!F13 -> 2 | L21: ='GUATIRE C'!F13 -> 2 | M21: ='GUATIRE P'!F13 -> 3 | N21: ='GUATIRE R'!F13 -> 2 | O21: =CAUCAGUA!F13 -> 3 | P21: =HIGUEROTE!F13 -> 2 | Q21: ='S MARTIN'!F13 -> 2 | R21: ='NUEVO C'!F13 -> 2 | S21: =DSCASTELLANA!F13 -> 4 | T21: =SUM(C21:S21) -> 48
B22: Efect. | C22: =+C21/C20 -> 1 | D22: =+D21/D20 -> 1 | E22: =+E21/E20 -> 1 | F22: =+F21/F20 -> 1 | G22: =+G21/G20 -> 1 | H22: =+H21/H20 -> 1 | I22: =+I21/I20 -> 1 | J22: =+J21/J20 -> 1 | ... T22: =+T21/T20 -> 1
A23: IMPRESORA MULTIFUNCIONAL | B23: Inv. Ideal | C23: =BERNARDINO!D14 -> 1 | D23: =DSPARAISO!D14 -> 1 | E23: =PARAISO!D14 -> 1 | F23: 1 | G23: =FLORES!D14 -> 1 | H23: =ANTONIO!D14 -> 1 | I23: 1 | J23: =CCCT!D14 -> 1 | K23: ='GUARENAS 27'!D14 -> 1 | L23: ='GUATIRE C'!D14 -> 1 | M23: ='GUATIRE P'!D14 -> 1 | N23: ='GUATIRE R'!D14 -> 1 | O23: =CAUCAGUA!D14 -> 1 | P23: =HIGUEROTE!D14 -> 1 | Q23: ='S MARTIN'!D14 -> 1 | R23: ='NUEVO C'!D14 -> 1 | S23: =DSCASTELLANA!D14 -> 1 | T23: =SUM(C23:Q23) -> 15
B24: Inv. Real | C24: =BERNARDINO!E14 -> 1 | D24: =DSPARAISO!E14 -> 1 | E24: =PARAISO!E14 -> 1 | F24: 1 | G24: =FLORES!E14 -> 1 | H24: =ANTONIO!E14 -> 1 | I24: ='GUARENAS C'!E14 -> 1 | J24: =CCCT!E14 -> 1 | K24: ='GUARENAS 27'!E14 -> 1 | L24: ='GUATIRE C'!E14 -> 1 | M24: ='GUATIRE P'!E14 -> 1 | N24: ='GUATIRE R'!E14 -> 1 | O24: =CAUCAGUA!E14 -> 1 | P24: =HIGUEROTE!E14 -> 1 | Q24: ='S MARTIN'!E14 -> 1 | R24: ='NUEVO C'!E14 -> 1 | S24: =DSCASTELLANA!E14 -> 1 | T24: =SUM(C24:Q24) -> 15
B25: Equi. Ope. | C25: =BERNARDINO!F14 -> 1 | D25: =DSPARAISO!F14 -> 1 | E25: =PARAISO!E14 -> 1 | F25: 1 | G25: =FLORES!F14 -> 1 | H25: =ANTONIO!F14 -> 1 | I25: ='GUARENAS C'!E14 -> 1 | J25: =CCCT!F14 -> 1 | K25: ='GUARENAS 27'!F14 -> 1 | L25: ='GUATIRE C'!F14 -> 1 | M25: ='GUATIRE P'!F14 -> 1 | N25: ='GUATIRE R'!F14 -> 1 | O25: =CAUCAGUA!F14 -> 1 | P25: =HIGUEROTE!F14 -> 1 | Q25: ='S MARTIN'!F14 -> 1 | R25: ='NUEVO C'!F14 -> 1 | S25: =DSCASTELLANA!F14 -> 1 | T25: =SUM(C25:Q25) -> 15
B26: Efect. | C26: =+C25/C24 -> 1 | D26: =+D25/D24 -> 1 | E26: =+E25/E24 -> 1 | F26: =+F25/F24 -> 1 | G26: =+G25/G24 -> 1 | H26: =+H25/H24 -> 1 | I26: =+I25/I24 -> 1 | J26: =+J25/J24 -> 1 | ... T26: =+T25/T24 -> 1
A27: IMPRESORAS FISCALES | B27: Inv. Ideal | C27: =BERNARDINO!D15 -> 4 | D27: =DSPARAISO!D15 -> 4 | E27: =PARAISO!D15 -> 3 | F27: 4 | G27: =FLORES!D15 -> 3 | H27: =ANTONIO!D15 -> 2 | I27: ='GUARENAS C'!D15 -> 2 | J27: =CCCT!D15 -> 3 | K27: ='GUARENAS 27'!D15 -> 2 | L27: ='GUATIRE C'!D15 -> 2 | M27: ='GUATIRE P'!D15 -> 3 | N27: ='GUATIRE R'!D15 -> 2 | O27: =CAUCAGUA!D15 -> 3 | P27: =HIGUEROTE!D15 -> 2 | Q27: ='S MARTIN'!D15 -> 2 | R27: ='NUEVO C'!D15 -> 2 | S27: =DSCASTELLANA!D15 -> 4 | T27: =SUM(C27:Q27) -> 41
B28: Inv. Real | C28: =BERNARDINO!E15 -> 4 | D28: =DSPARAISO!E15 -> 4 | E28: =PARAISO!E15 -> 3 | F28: 4 | G28: =FLORES!E15 -> 3 | H28: =ANTONIO!E15 -> 2 | I28: ='GUARENAS C'!E15 -> 2 | J28: =CCCT!E15 -> 3 | K28: ='GUARENAS 27'!E15 -> 2 | L28: ='GUATIRE C'!E15 -> 2 | M28: ='GUATIRE P'!E15 -> 3 | N28: ='GUATIRE R'!E15 -> 2 | O28: =CAUCAGUA!E15 -> 3 | P28: =HIGUEROTE!E15 -> 2 | Q28: ='S MARTIN'!E15 -> 2 | R28: ='NUEVO C'!E15 -> 2 | S28: =DSCASTELLANA!E15 -> 4 | T28: =SUM(C28:Q28) -> 41
B29: Equi. Ope. | C29: =BERNARDINO!F15 -> 4 | D29: =DSPARAISO!F15 -> 4 | E29: =PARAISO!E15 -> 3 | F29: 4 | G29: =FLORES!F15 -> 3 | H29: =ANTONIO!F15 -> 2 | I29: ='GUARENAS C'!E15 -> 2 | J29: =CCCT!F15 -> 3 | K29: ='GUARENAS 27'!F15 -> 2 | L29: ='GUATIRE C'!F15 -> 2 | M29: ='GUATIRE P'!F15 -> 3 | N29: ='GUATIRE R'!F15 -> 2 | O29: =CAUCAGUA!F15 -> 3 | P29: =HIGUEROTE!F15 -> 2 | Q29: ='S MARTIN'!F15 -> 2 | R29: ='NUEVO C'!F15 -> 2 | S29: =DSCASTELLANA!F15 -> 4 | T29: =SUM(C29:Q29) -> 41
B30: Efect. | C30: =+C29/C28 -> 1 | D30: =+D29/D28 -> 1 | E30: =+E29/E28 -> 1 | F30: =+F29/F28 -> 1 | G30: =+G29/G28 -> 1 | H30: =+H29/H28 -> 1 | I30: =+I29/I28 -> 1 | J30: =+J29/J28 -> 1 | ... T30: =+T29/T28 -> 1
A31: ROUTER | B31: Inv. Ideal | C31: =BERNARDINO!D23 -> 1 | D31: =DSPARAISO!D23 -> 1 | E31: =PARAISO!D23 -> 1 | F31: 1 | G31: =FLORES!D23 -> 1 | H31: =ANTONIO!D23 -> 1 | I31: ='GUARENAS C'!D23 -> 1 | J31: =CCCT!D23 -> 1 | K31: ='GUARENAS 27'!D23 -> 1 | L31: ='GUATIRE C'!D23 -> 1 | M31: ='GUATIRE P'!D25 -> 1 | N31: ='GUATIRE R'!D23 -> 1 | O31: =CAUCAGUA!D23 -> 1 | P31: =HIGUEROTE!D23 -> 1 | Q31: ='S MARTIN'!D24 -> 1 | R31: ='NUEVO C'!D23 -> 1 | S31: =DSCASTELLANA!D23 -> 1 | T31: =SUM(C31:Q31) -> 15
B32: Inv. Real | C32: =BERNARDINO!E23 -> 1 | D32: =DSPARAISO!E23 -> 1 | E32: =PARAISO!E23 -> 1 | F32: 1 | G32: =FLORES!E23 -> 1 | H32: =ANTONIO!E23 -> 1 | I32: ='GUARENAS C'!E23 -> 1 | J32: =CCCT!E23 -> 1 | K32: ='GUARENAS 27'!E23 -> 1 | L32: ='GUATIRE C'!E23 -> 1 | M32: ='GUATIRE P'!E25 -> 1 | N32: ='GUATIRE R'!E23 -> 1 | O32: =CAUCAGUA!E23 -> 1 | P32: =HIGUEROTE!E23 -> 1 | Q32: ='S MARTIN'!E24 -> 1 | R32: ='NUEVO C'!E23 -> 1 | S32: =DSCASTELLANA!E23 -> 1 | T32: =SUM(C32:Q32) -> 15
B33: Equi. Ope. | C33: =BERNARDINO!F23 -> 1 | D33: =DSPARAISO!F23 -> 1 | E33: =PARAISO!E23 -> 1 | F33: 1 | G33: =FLORES!F23 -> 1 | H33: =ANTONIO!F23 -> 1 | I33: ='GUARENAS C'!E23 -> 1 | J33: =CCCT!F23 -> 1 | K33: ='GUARENAS 27'!F23 -> 1 | L33: ='GUATIRE C'!F23 -> 1 | M33: ='GUATIRE P'!F25 -> 1 | N33: ='GUATIRE R'!F23 -> 1 | O33: =CAUCAGUA!F23 -> 1 | P33: =HIGUEROTE!F23 -> 1 | Q33: ='S MARTIN'!F24 -> 1 | R33: ='NUEVO C'!F23 -> 1 | S33: =DSCASTELLANA!F23 -> 1 | T33: =SUM(C33:Q33) -> 15
B34: Efect. | C34: =+C33/C32 -> 1 | D34: =+D33/D32 -> 1 | E34: =+E33/E32 -> 1 | F34: =+F33/F32 -> 1 | G34: =+G33/G32 -> 1 | H34: =+H33/H32 -> 1 | I34: =+I33/I32 -> 1 | J34: =+J33/J32 -> 1 | ... T34: =+T33/T32 -> 1
A35: SUICHE | B35: Inv. Ideal | C35: =BERNARDINO!D24 -> 1 | D35: =DSPARAISO!D24 -> 1 | E35: =PARAISO!D24 -> 1 | F35: 1 | G35: =FLORES!D24 -> 1 | H35: =ANTONIO!D24 -> 1 | I35: ='GUARENAS C'!D24 -> 1 | J35: =CCCT!D24 -> 1 | K35: ='GUARENAS 27'!D24 -> 1 | L35: ='GUATIRE C'!D24 -> 1 | M35: ='GUATIRE P'!D26 -> 1 | N35: ='GUATIRE R'!D24 -> 1 | O35: =CAUCAGUA!D24 -> 1 | P35: =HIGUEROTE!D24 -> 1 | Q35: ='S MARTIN'!D25 -> 1 | R35: ='NUEVO C'!D24 -> 1 | S35: =DSCASTELLANA!D24 -> 1 | T35: =SUM(C35:Q35) -> 15
B36: Inv. Real | C36: =BERNARDINO!E24 -> 1 | D36: =DSPARAISO!E24 -> 1 | E36: =PARAISO!E24 -> 1 | F36: 1 | G36: =FLORES!E24 -> 1 | H36: =ANTONIO!E24 -> 1 | I36: ='GUARENAS C'!E24 -> 1 | J36: =CCCT!E24 -> 1 | K36: ='GUARENAS 27'!E24 -> 1 | L36: ='GUATIRE C'!E24 -> 1 | M36: ='GUATIRE P'!E26 -> 1 | N36: ='GUATIRE R'!E24 -> 1 | O36: =CAUCAGUA!E24 -> 1 | P36: =HIGUEROTE!E24 -> 1 | Q36: ='S MARTIN'!E25 -> 1 | R36: ='NUEVO C'!E24 -> 1 | S36: =DSCASTELLANA!E24 -> 1 | T36: =SUM(C36:Q36) -> 15
B37: Equi. Ope. | C37: =BERNARDINO!F24 -> 1 | D37: =DSPARAISO!F24 -> 1 | E37: =PARAISO!E24 -> 1 | F37: 1 | G37: =FLORES!F24 -> 1 | H37: =ANTONIO!F24 -> 1 | I37: ='GUARENAS C'!E24 -> 1 | J37: =CCCT!F24 -> 1 | K37: ='GUARENAS 27'!F24 -> 1 | L37: ='GUATIRE C'!F24 -> 1 | M37: ='GUATIRE P'!F26 -> 1 | N37: ='GUATIRE R'!F24 -> 1 | O37: =CAUCAGUA!F24 -> 1 | P37: =HIGUEROTE!F24 -> 1 | Q37: ='S MARTIN'!F25 -> 1 | R37: ='NUEVO C'!F24 -> 1 | S37: =DSCASTELLANA!F24 -> 1 | T37: =SUM(C37:Q37) -> 15
B38: Efect. | C38: =+C37/C36 -> 1 | D38: =+D37/D36 -> 1 | E38: =+E37/E36 -> 1 | F38: =+F37/F36 -> 1 | G38: =+G37/G36 -> 1 | H38: =+H37/H36 -> 1 | I38: =+I37/I36 -> 1 | J38: =+J37/J36 -> 1 | ... T38: =+T37/T36 -> 1
A39: ESCANER DE CODIGO DE BARRAS | B39: Inv. Ideal | C39: =BERNARDINO!D25 -> 4 | D39: =DSPARAISO!D25 -> 4 | E39: =PARAISO!D25 -> 3 | F39: 4 | G39: =FLORES!D25 -> 3 | H39: =ANTONIO!D25 -> 2 | I39: ='GUARENAS C'!D25 -> 3 | J39: =CCCT!D25 -> 3 | K39: ='GUARENAS 27'!D25 -> 2 | L39: ='GUATIRE C'!D25 -> 3 | M39: ='GUATIRE P'!D27 -> 3 | N39: ='GUATIRE R'!D25 -> 2 | O39: =CAUCAGUA!D25 -> 3 | P39: =HIGUEROTE!D25 -> 2 | Q39: ='S MARTIN'!D26 -> 2 | R39: ='NUEVO C'!D25 -> 2 | S39: =DSCASTELLANA!D25 -> 3 | T39: =SUM(C39:S39) -> 48
B40: Inv. Real | C40: =BERNARDINO!E25 -> 4 | D40: =DSPARAISO!E25 -> 4 | E40: =PARAISO!E25 -> 3 | F40: 4 | G40: =FLORES!E25 -> 3 | H40: =ANTONIO!E25 -> 2 | I40: ='GUARENAS C'!E25 -> 3 | J40: =CCCT!E25 -> 3 | K40: ='GUARENAS 27'!E25 -> 2 | L40: ='GUATIRE C'!E25 -> 3 | M40: ='GUATIRE P'!E27 -> 3 | N40: ='GUATIRE R'!E25 -> 2 | O40: =CAUCAGUA!E25 -> 3 | P40: =HIGUEROTE!E25 -> 2 | Q40: ='S MARTIN'!E26 -> 2 | R40: ='NUEVO C'!E25 -> 2 | S40: =DSCASTELLANA!E25 -> 3 | T40: =SUM(C40:S40) -> 48
B41: Equi. Ope. | C41: =BERNARDINO!F25 -> 4 | D41: =DSPARAISO!F25 -> 4 | E41: =PARAISO!E25 -> 3 | F41: 4 | G41: =FLORES!F25 -> 3 | H41: =ANTONIO!F25 -> 2 | I41: 3 | J41: =CCCT!F25 -> 3 | K41: ='GUARENAS 27'!F25 -> 2 | L41: ='GUATIRE C'!F25 -> 3 | M41: ='GUATIRE P'!F27 -> 3 | N41: ='GUATIRE R'!F25 -> 2 | O41: =CAUCAGUA!F25 -> 3 | P41: =HIGUEROTE!F25 -> 2 | Q41: ='S MARTIN'!F26 -> 2 | R41: ='NUEVO C'!F25 -> 2 | S41: =DSCASTELLANA!F25 -> 3 | T41: =SUM(C41:S41) -> 48
B42: Efect. | C42: =+C41/C40 -> 1 | D42: =+D41/D40 -> 1 | E42: =+E41/E40 -> 1 | F42: =+F41/F40 -> 1 | G42: =+G41/G40 -> 1 | H42: =+H41/H40 -> 1 | I42: =+I41/I40 -> 1 | J42: =+J41/J40 -> 1 | ... T42: =+T41/T40 -> 1
A43: VISOR DE VENTA | B43: Inv. Ideal | C43: =BERNARDINO!D26 -> 0 | D43: =DSPARAISO!D26 -> 0 | E43: =PARAISO!D26 -> 0 | F43: 1 | G43: =FLORES!D26 -> 0 | H43: =ANTONIO!D26 -> 0 | I43: ='GUARENAS C'!D26 -> 0 | J43: =CCCT!D26 -> 0 | K43: ='GUARENAS 27'!D26 -> 0 | L43: ='GUATIRE C'!D26 -> 0 | M43: ='GUATIRE P'!D28 -> 0 | N43: ='GUATIRE R'!D26 -> 0 | O43: =CAUCAGUA!D26 -> 0 | P43: =HIGUEROTE!D26 -> 0 | Q43: ='S MARTIN'!D27 -> 0 | R43: ='NUEVO C'!D26 -> 0 | S43: =DSCASTELLANA!D26 -> 0 | T43: =SUM(C43:Q43) -> 1
B44: Inv. Real | C44: =BERNARDINO!E26 -> 1 | D44: =DSPARAISO!E26 -> 1 | E44: =PARAISO!E26 -> 1 | F44: 1 | G44: =FLORES!E26 -> 2 | H44: =ANTONIO!E26 -> 1 | I44: ='GUARENAS C'!E26 -> 1 | J44: =CCCT!E26 -> 1 | K44: ='GUARENAS 27'!E26 -> 1 | L44: ='GUATIRE C'!E26 -> 1 | M44: ='GUATIRE P'!E28 -> 1 | N44: ='GUATIRE R'!E26 -> 1 | O44: =CAUCAGUA!E26 -> 1 | P44: =HIGUEROTE!E26 -> 1 | Q44: ='S MARTIN'!E27 -> 1 | R44: ='NUEVO C'!E26 -> 1 | S44: =DSCASTELLANA!E26 -> 1 | T44: =SUM(C44:Q44) -> 16
B45: Equi. Ope. | C45: =BERNARDINO!F26 -> 1 | D45: =DSPARAISO!F26 -> 1 | E45: =PARAISO!E26 -> 1 | F45: 0 | G45: =FLORES!F26 -> 2 | H45: =ANTONIO!F26 -> 1 | I45: ='GUARENAS C'!E26 -> 1 | J45: =CCCT!F26 -> 1 | K45: ='GUARENAS 27'!F26 -> 1 | L45: ='GUATIRE C'!F26 -> 1 | M45: ='GUATIRE P'!F28 -> 1 | N45: ='GUATIRE R'!F26 -> 1 | O45: =CAUCAGUA!F26 -> 1 | P45: =HIGUEROTE!F26 -> 1 | Q45: ='S MARTIN'!F27 -> 1 | R45: ='NUEVO C'!F26 -> 1 | S45: =DSCASTELLANA!F26 -> 1 | T45: =SUM(C45:Q45) -> 15
B46: Efect. | C46: =+C45/C44 -> 1 | D46: =+D45/D44 -> 1 | E46: =+E45/E44 -> 1 | F46: =+F45/F44 -> 0 | G46: =+G45/G44 -> 1 | H46: =+H45/H44 -> 1 | I46: =+I45/I44 -> 1 | J46: =+J45/J44 -> 1 | ... T46: =+T45/T44 -> 0.9375
A47: DVR´S | B47: Inv. Ideal | C47: =BERNARDINO!D27 -> 1 | D47: =DSPARAISO!D27 -> 1 | E47: =PARAISO!D27 -> 1 | F47: 1 | G47: =FLORES!D27 -> 1 | H47: =ANTONIO!D27 -> 1 | I47: ='GUARENAS C'!D27 -> 1 | J47: =CCCT!D27 -> 1 | K47: ='GUARENAS 27'!D27 -> 1 | L47: ='GUATIRE C'!D27 -> 1 | M47: ='GUATIRE P'!D29 -> 1 | N47: ='GUATIRE R'!D27 -> 1 | O47: =CAUCAGUA!D27 -> 1 | P47: =HIGUEROTE!D27 -> 1 | Q47: ='S MARTIN'!D28 -> 1 | R47: ='NUEVO C'!D27 -> 1 | S47: =DSCASTELLANA!D27 -> 1 | T47: =SUM(C47:Q47) -> 15
B48: Inv. Real | C48: =BERNARDINO!E27 -> 1 | D48: =DSPARAISO!E27 -> 1 | E48: =PARAISO!E27 -> 1 | F48: 1 | G48: =FLORES!E27 -> 1 | H48: =ANTONIO!E27 -> 1 | I48: ='GUARENAS C'!E27 -> 1 | J48: =CCCT!E27 -> 1 | K48: ='GUARENAS 27'!E27 -> 1 | L48: ='GUATIRE C'!E27 -> 1 | M48: ='GUATIRE P'!E29 -> 1 | N48: ='GUATIRE R'!E27 -> 1 | O48: =CAUCAGUA!E27 -> 1 | P48: =HIGUEROTE!E27 -> 1 | Q48: ='S MARTIN'!E28 -> 1 | R48: ='NUEVO C'!E27 -> 1 | S48: =DSCASTELLANA!E27 -> 1 | T48: =SUM(C48:Q48) -> 15
B49: Equi. Ope. | C49: =BERNARDINO!F27 -> 1 | D49: =DSPARAISO!F27 -> 1 | E49: =PARAISO!E27 -> 1 | F49: 1 | G49: =FLORES!F27 -> 1 | H49: =ANTONIO!F27 -> 1 | I49: ='GUARENAS C'!E27 -> 1 | J49: =CCCT!F27 -> 1 | K49: ='GUARENAS 27'!F27 -> 1 | L49: ='GUATIRE C'!F27 -> 1 | M49: ='GUATIRE P'!F29 -> 1 | N49: ='GUATIRE R'!F27 -> 1 | O49: =CAUCAGUA!F27 -> 1 | P49: =HIGUEROTE!F27 -> 1 | Q49: ='S MARTIN'!F28 -> 1 | R49: ='NUEVO C'!F27 -> 1 | S49: =DSCASTELLANA!F27 -> 1 | T49: =SUM(C49:Q49) -> 15
B50: Efect. | C50: =+C49/C48 -> 1 | D50: =+D49/D48 -> 1 | E50: =+E49/E48 -> 1 | F50: =+F49/F48 -> 1 | G50: =+G49/G48 -> 1 | H50: =+H49/H48 -> 1 | I50: =+I49/I48 -> 1 | J50: =+J49/J48 -> 1 | ... T50: =+T49/T48 -> 1
A51: MODEM | B51: Inv. Ideal | C51: =BERNARDINO!D28 -> 0 | D51: =DSPARAISO!D28 -> 0 | E51: =PARAISO!D28 -> 0 | F51: 1 | G51: =FLORES!D28 -> 0 | H51: =ANTONIO!D28 -> 0 | I51: ='GUARENAS C'!D28 -> 0 | J51: =CCCT!D28 -> 0 | K51: ='GUARENAS 27'!D28 -> 0 | L51: ='GUATIRE C'!D28 -> 0 | M51: ='GUATIRE P'!D30 -> 0 | N51: ='GUATIRE R'!D28 -> 0 | O51: =CAUCAGUA!D28 -> 0 | P51: =HIGUEROTE!D28 -> 0 | Q51: ='S MARTIN'!D29 -> 0 | R51: ='NUEVO C'!D28 -> 0 | S51: =DSCASTELLANA!D28 -> 0 | T51: =SUM(C51:Q51) -> 1
B52: Inv. Real | C52: =BERNARDINO!E28 -> 1 | D52: =DSPARAISO!E28 -> 1 | E52: =PARAISO!E28 -> 1 | F52: 1 | G52: =FLORES!E28 -> 1 | H52: =ANTONIO!E28 -> 1 | I52: ='GUARENAS C'!E28 -> 1 | J52: =CCCT!E28 -> 1 | K52: ='GUARENAS 27'!E28 -> 1 | L52: ='GUATIRE C'!E28 -> 1 | M52: ='GUATIRE P'!E30 -> 1 | N52: ='GUATIRE R'!E28 -> 1 | O52: =CAUCAGUA!E28 -> 1 | P52: =HIGUEROTE!E28 -> 1 | Q52: ='S MARTIN'!E29 -> 1 | R52: ='NUEVO C'!E28 -> 1 | S52: =DSCASTELLANA!E28 -> 1 | T52: =SUM(C52:Q52) -> 15
B53: Equi. Ope. | C53: =BERNARDINO!F28 -> 1 | D53: =DSPARAISO!F28 -> 1 | E53: =PARAISO!E28 -> 1 | F53: 1 | G53: =FLORES!F28 -> 1 | H53: =ANTONIO!F28 -> 1 | I53: ='GUARENAS C'!E28 -> 1 | J53: =CCCT!F28 -> 1 | K53: ='GUARENAS 27'!F28 -> 1 | L53: ='GUATIRE C'!F28 -> 1 | M53: ='GUATIRE P'!F30 -> 1 | N53: ='GUATIRE R'!F28 -> 1 | O53: =CAUCAGUA!F28 -> 1 | P53: =HIGUEROTE!F28 -> 1 | Q53: ='S MARTIN'!F29 -> 1 | R53: ='NUEVO C'!F28 -> 1 | S53: =DSCASTELLANA!F28 -> 1 | T53: =SUM(C53:Q53) -> 15
B54: Efect. | C54: =+C53/C52 -> 1 | D54: =+D53/D52 -> 1 | E54: =+E53/E52 -> 1 | F54: =+F53/F52 -> 1 | G54: =+G53/G52 -> 1 | H54: =+H53/H52 -> 1 | I54: =+I53/I52 -> 1 | J54: =+J53/J52 -> 1 | ... T54: =+T53/T52 -> 1
A55: LIBROS DE IMPRESORAS FISCALES | B55: Inv. Ideal | C55: =BERNARDINO!D29 -> 4 | D55: =DSPARAISO!D29 -> 4 | E55: =PARAISO!D29 -> 3 | F55: 4 | G55: =FLORES!D29 -> 3 | H55: =ANTONIO!D29 -> 2 | I55: ='GUARENAS C'!D29 -> 2 | J55: =CCCT!D29 -> 3 | K55: ='GUARENAS 27'!D29 -> 2 | L55: ='GUATIRE C'!D29 -> 2 | M55: ='GUATIRE P'!D31 -> 3 | N55: ='GUATIRE R'!D29 -> 2 | O55: =CAUCAGUA!D29 -> 3 | P55: =HIGUEROTE!D29 -> 2 | Q55: ='S MARTIN'!D30 -> 2 | R55: ='NUEVO C'!D29 -> 2 | S55: =DSCASTELLANA!D29 -> 4 | T55: =SUM(C55:Q55) -> 41
B56: Inv. Real | C56: =BERNARDINO!E29 -> 4 | D56: =DSPARAISO!E29 -> 4 | E56: =PARAISO!E29 -> 3 | F56: 4 | G56: =FLORES!E29 -> 3 | H56: =ANTONIO!E29 -> 2 | I56: ='GUARENAS C'!E29 -> 2 | J56: =CCCT!E29 -> 3 | K56: ='GUARENAS 27'!E29 -> 2 | L56: ='GUATIRE C'!E29 -> 2 | M56: ='GUATIRE P'!E31 -> 3 | N56: ='GUATIRE R'!E29 -> 2 | O56: =CAUCAGUA!E29 -> 3 | P56: =HIGUEROTE!E29 -> 2 | Q56: ='S MARTIN'!E30 -> 2 | R56: ='NUEVO C'!E29 -> 2 | S56: =DSCASTELLANA!E29 -> 4 | T56: =SUM(C56:Q56) -> 41
B57: Equi. Ope. | C57: =BERNARDINO!F29 -> 4 | D57: =DSPARAISO!F29 -> 4 | E57: =PARAISO!E29 -> 3 | F57: 4 | G57: =FLORES!F29 -> 3 | H57: =ANTONIO!F29 -> 2 | I57: ='GUARENAS C'!E29 -> 2 | J57: =CCCT!F29 -> 3 | K57: ='GUARENAS 27'!F29 -> 2 | L57: ='GUATIRE C'!F29 -> 2 | M57: ='GUATIRE P'!F31 -> 3 | N57: ='GUATIRE R'!F29 -> 2 | O57: =CAUCAGUA!F29 -> 3 | P57: =HIGUEROTE!F29 -> 2 | Q57: ='S MARTIN'!F30 -> 2 | R57: ='NUEVO C'!F29 -> 2 | S57: =DSCASTELLANA!F29 -> 4 | T57: =SUM(C57:Q57) -> 41
B58: Efect. | C58: =+C57/C56 -> 1 | D58: =+D57/D56 -> 1 | E58: =+E57/E56 -> 1 | F58: =+F57/F56 -> 1 | G58: =+G57/G56 -> 1 | H58: =+H57/H56 -> 1 | I58: =+I57/I56 -> 1 | J58: =+J57/J56 -> 1 | ... T58: =+T57/T56 -> 1
A59: % Efectividad en Equipos | C59: =AVERAGE(C58,C54,C50,C42,C38,C34,C30,C26,C22,C18,C14,C10,C6,C46) -> 1.0297619 | D59: =AVERAGE(D58,D54,D50,D42,D38,D34,D30,D26,D22,D18,D14,D10,D6,D46) -> 1 | E59: =AVERAGE(E58,E54,E50,E42,E38,E34,E30,E26,E22,E18,E14,E10,E6,E46) -> 1 | F59: =AVERAGE(F58,F54,F50,F42,F38,F34,F30,F26,F22,F18,F14,F10,F6,F46) -> 0.92857143 | G59: =AVERAGE(G58,G54,G50,G42,G38,G34,G30,G26,G22,G18,G14,G10,G6,G46) -> 1 | H59: =AVERAGE(H58,H54,H50,H42,H38,H34,H30,H26,H22,H18,H14,H10,H6,H46) -> 1 | I59: =AVERAGE(I58,I54,I50,I42,I38,I34,I30,I26,I22,I18,I14,I10,I6,I46) -> 1 | J59: =AVERAGE(J58,J54,J50,J42,J38,J34,J30,J26,J22,J18,J14,J10,J6,J46) -> 1 | ... T59: =AVERAGE(T58,T54,T50,T42,T38,T34,T30,T26,T22,T18,T14,T10,T6,T46) -> 0.99731935

Sheet MAESTRO
A1: ******SUCURSALES
A2: LA CASA DE LA CAÑA, C.A. (T. ALTERNA)
A3: LA CASA DE LA CAÑA, C.A. (T. ANACO)
A4: LA CASA DE LA CAÑA, C.A. (T. CUMANÁ)
A5: LA CASA DE LA CAÑA, C.A. (T. MATURÍN I)
A6: LA CASA DE LA CAÑA, C.A. (T. MATURÍN II)
A7: LA CASA DE LA CAÑA, C.A. (T. NVA. BARCELONA)
A8: INVERSIONES CAÑANDONGA,C.A (T. CONEJERO)
A9: OPERADORA EL MERCADO 2011, C.A. (T. MERCADO)
A10: OPERADORA EL PUENTE 2011, C.A. (T. PUENTE REAL)
A11: OPERADORA LECHERÍA 2011, C.A. (T. LECHERÍA)
A12: OPERADORA PUERTO LA CRUZ 2011, C.A. (T. PUERTO LA CRUZ)
... A19: RELIVE, C.A. (T. TIGRE III)

Sheet Hoja2

Sheet Hoja1
